run,task_id,rep,correct,num_tokens,mean_logprob,median_logprob,std_logprob,min_logprob,p10_logprob,p25_logprob,mean_prob,median_prob,min_prob,mean_entropy,median_entropy,max_entropy,high_conf_ratio,low_conf_ratio,perplexity,sum_logprob,tail_10pct_mean_logprob,tail_5pct_mean_logprob,tail_1pct_mean_logprob,entropy_spikes_05,entropy_spikes_10,entropy_spikes_15,entropy_spike_05_ratio,entropy_spike_10_ratio,entropy_spike_15_ratio
human_eval_AgentChatLogprobs_20260311_161129_929,HumanEval_0,0,0,296,-0.0697578979835199,0.0,0.30199207649025844,-2.578763246536255,-0.11735111847519875,-0.00024059329007286578,0.9581460954852835,1.0,0.07586777575908993,0.07997899021561845,-7.266687518133614e-11,1.390064587365628,0.8918918918918919,0.030405405405405407,1.0722485562899753,-20.64833780312189,-0.6732363772803339,-1.1600932436329978,-2.4374996423721313,22,3,0,0.07432432432432433,0.010135135135135136,0.0
human_eval_AgentChatLogprobs_20260311_161129_929,HumanEval_0,1,0,261,-0.05152045650096137,0.0,0.22301853497906532,-1.839672565460205,-0.029452305287122726,-4.541977250482887e-05,0.9661949778650795,1.0,0.15886943693235508,0.05598860827149535,-9.697187724979042e-11,0.7126702136517244,0.9080459770114943,0.03065134099616858,1.0528707241228183,-13.446839146750918,-0.5096303228145609,-0.8748744932504801,-1.6933887004852295,15,0,0,0.05747126436781609,0.0,0.0
human_eval_AgentChatLogprobs_20260311_161129_929,HumanEval_0,2,0,256,-0.05990484192480838,0.0,0.2696112149034675,-2.2006869316101074,-0.03647375851869583,-2.0027361642860342e-05,0.9637243761754729,1.0,0.11072707030699225,0.05578849939260271,-9.747954501239323e-11,0.7347031768209433,0.9140625,0.0390625,1.0617355090307663,-15.335639532750946,-0.6007806047797203,-1.104756658275922,-2.2006853818893433,12,0,0,0.046875,0.0,0.0
human_eval_AgentChatLogprobs_20260311_161129_929,HumanEval_100,0,1,318,-0.051560004319107566,0.0,0.2474809379312849,-2.578889846801758,-0.010548811219632623,-1.2815007153221813e-06,0.9683902670707915,1.0,0.07585817148650026,0.05920334511138529,-9.971605702976066e-11,1.2267270706389541,0.9339622641509434,0.0220125786163522,1.052912363686119,-16.396081373476207,-0.5254658719584826,-0.9547013958295186,-1.9398841857910156,18,5,0,0.05660377358490566,0.015723270440251572,0.0
human_eval_AgentChatLogprobs_20260311_161129_929,HumanEval_100,1,1,369,-0.051560064239643426,0.0,0.22467282182860968,-1.839672565460205,-0.035052336007356646,-6.890534132253379e-05,0.9665293760406638,1.0,0.15886943693235508,0.06468106442990285,-9.813154967576294e-11,1.471102463932825,0.9214092140921409,0.02981029810298103,1.0529124267771939,-19.025663704428425,-0.5166393200763397,-0.9078199631637998,-1.653923471768697,22,5,0,0.05962059620596206,0.013550135501355014,0.0
human_eval_AgentChatLogprobs_20260311_161129_929,HumanEval_100,2,1,321,-0.04722987131698449,0.0,0.19473398374011353,-1.9341609477996826,-0.03506140038371086,-2.229238634754438e-05,0.9668387952839788,1.0,0.14454549917626244,0.06969778325167424,-9.902294182168843e-11,1.1323872506393686,0.9190031152647975,0.018691588785046728,1.0483629699601795,-15.160788692752021,-0.4598218615865335,-0.76516835950315,-1.5856359004974365,22,3,0,0.06853582554517133,0.009345794392523364,0.0
human_eval_AgentChatLogprobs_20260311_161129_929,HumanEval_101,0,0,194,-0.21813167984816054,-0.00015504370821872726,0.5336935032745284,-2.976111650466919,-0.693147349357605,-0.11796553060412407,0.8768989535915026,0.9998449683162082,0.05099071862998533,0.19590944964063803,0.0015569804960767475,1.3973410251584064,0.7371134020618557,0.10824742268041238,1.243750833757414,-42.317545890543144,-1.6153729652103626,-2.288066413667467,-2.976111650466919,39,6,0,0.20103092783505155,0.030927835051546393,0.0
human_eval_AgentChatLogprobs_20260311_161129_929,HumanEval_101,1,0,184,-0.155098477533621,-5.47186573385261e-05,0.42103960783671507,-2.9757399559020996,-0.6357414901256561,-0.04821308981627226,0.9061157783536503,0.9999452829369715,0.05100967512575131,0.1593441588289613,0.0006032244479253709,1.2329917112842241,0.7989130434782609,0.09782608695652174,1.1677729548433045,-28.538119866186264,-1.2446036405033536,-1.7312477032343547,-2.9757399559020996,25,4,0,0.1358695652173913,0.021739130434782608,0.0
human_eval_AgentChatLogprobs_20260311_161129_929,HumanEval_101,2,0,157,-0.01630185535473502,0.0,0.10628146970664433,-1.2438468933105469,-0.007385886088013643,0.0,0.9878689792680161,1.0,0.28827312622274387,0.03128165803419477,-9.988614992945705e-11,1.250476912824553,0.9617834394904459,0.006369426751592357,1.0164354555886663,-2.559391290693398,-0.1692562252903978,-0.33743969031742643,-1.2438468933105469,3,1,0,0.01910828025477707,0.006369426751592357,0.0
human_eval_AgentChatLogprobs_20260311_161129_929,HumanEval_102,0,0,328,-0.08532750875879011,0.0,0.3290947763275033,-3.5593535900115967,-0.15667741745710367,-0.0004159363161306828,0.948012345807689,1.0,0.028457213797341407,0.09429219090732816,-3.700931703990826e-11,1.4696421764728897,0.8871951219512195,0.04573170731707317,1.0890736894689395,-27.987422872883158,-0.8177786879241467,-1.2858388274908066,-2.6601447264353433,27,8,0,0.08231707317073171,0.024390243902439025,0.0
human_eval_AgentChatLogprobs_20260311_161129_929,HumanEval_102,1,1,331,-0.06474661857888087,0.0,0.33366849632467255,-2.991523027420044,-0.035060103982686996,-1.2993897144042421e-05,0.9659541470097378,1.0,0.05021090587266383,0.04789411068430266,-9.850192603839643e-11,1.056501755427044,0.9335347432024169,0.030211480362537766,1.0668886603680898,-21.431130749609565,-0.6424613422290846,-1.2178687378764153,-2.8558297952016196,14,1,0,0.04229607250755287,0.0030211480362537764,0.0
human_eval_AgentChatLogprobs_20260311_161129_929,HumanEval_102,2,0,262,-0.07584978212807604,0.0,0.32517395601963456,-2.5791549682617188,-0.05888856202363967,-7.182388799265027e-06,0.9568458530016956,1.0,0.07583806252310245,0.06359848902613018,-9.81914877481256e-11,1.1569994542406958,0.916030534351145,0.03816793893129771,1.0788005068685147,-19.872642917555922,-0.7520243536967498,-1.2911142523472126,-2.579049825668335,17,2,0,0.0648854961832061,0.007633587786259542,0.0
human_eval_AgentChatLogprobs_20260311_161129_929,HumanEval_103,0,1,489,-0.0552229571390331,0.0,0.29510754974558623,-3.1914196014404297,-0.023245470598340034,-1.6689314179529902e-06,0.9693703504632284,1.0,0.04111346475833527,0.04711602719361301,-9.87930714547115e-11,0.9735058885571515,0.934560327198364,0.022494887525562373,1.056776204210423,-27.004026040987185,-0.5578420054322729,-1.027483157813549,-2.6601014733314514,25,0,0,0.05112474437627812,0.0,0.0
human_eval_AgentChatLogprobs_20260311_161129_929,HumanEval_103,1,0,498,-0.04308312981472848,0.0,0.25950124804831287,-2.9791922569274902,-0.006827189959585666,-1.1920930376163597e-07,0.9763479999674775,1.0,0.05083387799891187,0.035347867687157905,-9.987828020077414e-11,1.0911207377854306,0.9558232931726908,0.018072289156626505,1.0440246808216005,-21.455398647734782,-0.4366049477830529,-0.8538668711359302,-2.4276044964790344,17,1,0,0.03413654618473896,0.002008032128514056,0.0
human_eval_AgentChatLogprobs_20260311_161129_929,HumanEval_103,2,1,366,-0.05227990548289703,0.0,0.24117838435560734,-2.9697251319885254,-0.05270068347454071,-1.6689314179529902e-06,0.9664417719640874,1.0,0.05131741390903442,0.05985153305149496,-9.711349957879151e-11,1.0788067579026113,0.9180327868852459,0.02459016393442623,1.0536706294275517,-19.134445406740312,-0.5202389808578624,-0.887653594215711,-1.9913779099782307,25,3,0,0.06830601092896176,0.00819672131147541,0.0
human_eval_AgentChatLogprobs_20260311_161129_929,HumanEval_104,0,0,294,-0.04200256804170348,0.0,0.17251373246714719,-1.376320242881775,-0.04787987917661666,-0.0005065474615548737,0.9696306916576465,1.0,0.2525060063861371,0.06111016343283236,7.577992323961411e-10,0.9616931369999348,0.9217687074829932,0.023809523809523808,1.042897156950716,-12.348755004260823,-0.41356161789133633,-0.7047215402126312,-1.294072687625885,19,0,0,0.06462585034013606,0.0,0.0
human_eval_AgentChatLogprobs_20260311_161129_929,HumanEval_104,1,0,305,-0.03788788681634839,0.0,0.19290466272767576,-1.839881181716919,-0.018295512348413458,-1.2993897144042421e-05,0.9749545920654252,1.0,0.15883629764193358,0.04555650290284021,-6.566152311971545e-11,1.0457851745056996,0.9377049180327869,0.019672131147540985,1.038614783940874,-11.555805478986258,-0.37988599091768266,-0.6899978468815485,-1.6245957215627034,11,1,0,0.036065573770491806,0.003278688524590164,0.0
human_eval_AgentChatLogprobs_20260311_161129_929,HumanEval_104,2,0,288,-0.05288245749722985,0.0,0.26023270829327094,-2.9839653968811035,-0.03505263105034828,-6.282527465373278e-05,0.9675927382489399,1.0,0.0505918189352984,0.05496396112699136,1.4967987366200316e-10,1.0783786953349686,0.9305555555555556,0.03125,1.0543057121037147,-15.230147759202197,-0.5326551337327275,-0.9463268156562533,-2.434074640274048,15,1,0,0.052083333333333336,0.003472222222222222,0.0
human_eval_AgentChatLogprobs_20260311_161129_929,HumanEval_105,0,1,586,-0.04434142360878689,0.0,0.2124471001966888,-2.200688123703003,-0.017260024324059486,0.0,0.971478651513407,1.0,0.11072693831011707,0.051581032290133756,-9.964026503387813e-11,1.4961649877239893,0.9419795221843004,0.027303754266211604,1.0453391974489394,-25.984074234749116,-0.444084575207069,-0.8250715783957777,-1.7155269384384155,27,4,0,0.04607508532423208,0.006825938566552901,0.0
human_eval_AgentChatLogprobs_20260311_161129_929,HumanEval_105,1,1,556,-0.03362628487394495,0.0,0.19184769448543854,-2.584639072418213,-0.004000030690804124,0.0,0.9782482933965628,1.0,0.07542329703728066,0.040938069160068376,-9.986991246361624e-11,1.1906067950816417,0.9496402877697842,0.017985611510791366,1.0341980390489935,-18.696214389913393,-0.3394653240303424,-0.6450144841715142,-1.6587404012680054,21,3,0,0.03776978417266187,0.00539568345323741,0.0
human_eval_AgentChatLogprobs_20260311_161129_929,HumanEval_105,2,1,570,-0.030956499367673293,0.0,0.17704371027019397,-2.6878058910369873,-0.0020282824174500946,0.0,0.979324521652351,1.0,0.0680300410621163,0.03965459484209312,-9.99365484516268e-11,1.1432870449325219,0.9491228070175438,0.017543859649122806,1.0314406345907963,-17.645204639573777,-0.3093106115171522,-0.5955740889268262,-1.559016513824463,22,2,0,0.03859649122807018,0.0035087719298245615,0.0
human_eval_AgentChatLogprobs_20260311_161129_929,HumanEval_106,0,1,424,-0.044840693159146336,0.0,0.2081135416398891,-2.3505184650421143,-0.03505243435502052,-2.5033982637978625e-06,0.9697936766199723,1.0,0.09531972945453171,0.06324689496724115,-9.929493476675095e-11,1.2371941216226006,0.9316037735849056,0.01179245283018868,1.0458612337876028,-19.012453899478047,-0.4430361728050879,-0.7810074814728328,-1.7451322674751282,23,5,0,0.054245283018867926,0.01179245283018868,0.0
human_eval_AgentChatLogprobs_20260311_161129_929,HumanEval_106,1,1,462,-0.04951856883529009,0.0,0.2444904573506998,-2.6623358726501465,-0.02831291072070598,-1.1891199392266572e-05,0.9696732222605452,1.0,0.06978502228733552,0.05286971941534502,-9.821463024502386e-11,1.057853755316356,0.9415584415584416,0.02813852813852814,1.0507651035178085,-22.877578801904022,-0.4900282239946334,-0.9053825360277424,-2.1071733236312866,23,1,0,0.049783549783549784,0.0021645021645021645,0.0
human_eval_AgentChatLogprobs_20260311_161129_929,HumanEval_106,2,1,449,-0.0461461268077817,0.0,0.22423491820942945,-2.917797327041626,-0.02361478693783283,-7.152560215217818e-07,0.9703983693908759,1.0,0.05405261650790789,0.05532213390909077,-9.712710233611824e-11,1.3551619277911757,0.933184855233853,0.026726057906458798,1.0472274277777778,-20.719610936693982,-0.4647842058488591,-0.840644278309562,-1.7390651106834412,24,4,0,0.053452115812917596,0.008908685968819599,0.0
human_eval_AgentChatLogprobs_20260311_161129_929,HumanEval_107,0,1,467,-0.027310058507836805,0.0,0.1525170787523131,-2.1318910121917725,-0.010168928280472755,-1.1920930376163597e-07,0.9808568542818097,1.0,0.1186127834237791,0.04079811220440229,-9.930187716958146e-11,1.3202001493711228,0.9507494646680942,0.014989293361884369,1.0276863962801766,-12.753797323159787,-0.2747753931249937,-0.5160485554648482,-1.3580866605043411,17,1,0,0.03640256959314775,0.0021413276231263384,0.0
human_eval_AgentChatLogprobs_20260311_161129_929,HumanEval_107,1,1,459,-0.06379419494166264,0.0,0.3259133981032578,-2.977867841720581,-0.016449819132685638,-1.1920930376163597e-07,0.9668297652567266,1.0,0.0509012477628821,0.04579362793244482,-9.957153752452478e-11,1.1638759325738919,0.9389978213507625,0.02832244008714597,1.065873014129193,-29.281535478223148,-0.6478695999003119,-1.2470539063215256,-2.7109100222587585,19,2,0,0.04139433551198257,0.004357298474945534,0.0
human_eval_AgentChatLogprobs_20260311_161129_929,HumanEval_107,2,1,484,-0.04953363885054703,0.0,0.22412316132917984,-2.2006869316101074,-0.02349547054618597,-1.6689314179529902e-06,0.9678572967809573,1.0,0.11072707030699225,0.05973526135984662,-9.865011370477285e-11,1.2381323998872387,0.9235537190082644,0.024793388429752067,1.0507809386832678,-23.97428120366476,-0.4937010256495948,-0.8626093479494253,-1.8176957666873932,30,3,0,0.06198347107438017,0.006198347107438017,0.0
human_eval_AgentChatLogprobs_20260311_161129_929,HumanEval_108,0,0,453,-0.050333127207757636,0.0,0.2010780404489984,-1.5431431531906128,-0.07861772179603577,-0.0002406529092695564,0.9649033248159564,1.0,0.21370832665499107,0.06896834961783063,-8.532681162711566e-11,1.1216318640092457,0.9161147902869757,0.02869757174392936,1.0516213617191748,-22.80090662511421,-0.4777646530005667,-0.8273138390346007,-1.5142660439014435,27,2,0,0.059602649006622516,0.004415011037527594,0.0
human_eval_AgentChatLogprobs_20260311_161129_929,HumanEval_108,1,0,487,-0.12764738958882155,-7.152560215217818e-07,0.4107442911998068,-3.2017834186553955,-0.279409247636795,-0.013529032934457064,0.9264197908616543,0.9999992847442343,0.040689572688605534,0.12345089604606366,1.0886081205119242e-05,1.3632633815395039,0.837782340862423,0.06570841889117043,1.1361523129232978,-62.16427872975609,-1.1346738977978628,-1.7396412789821625,-2.7851279377937317,54,6,0,0.11088295687885011,0.012320328542094456,0.0
human_eval_AgentChatLogprobs_20260311_161129_929,HumanEval_108,2,0,415,-0.07630921646459819,0.0,0.31763656717657135,-3.018044948577881,-0.11754429340362549,-0.000993513036519289,0.9547013327098609,1.0,0.0488967205788259,0.07819670339468526,4.671808858402445e-09,1.244671539581291,0.891566265060241,0.03855421686746988,1.079296258737623,-31.668324832808253,-0.7296981155508901,-1.2578127145767213,-2.500349998474121,30,3,0,0.07228915662650602,0.007228915662650603,0.0
human_eval_AgentChatLogprobs_20260311_161129_929,HumanEval_109,0,1,592,-0.04840780694289719,0.0,0.2401932191914112,-2.864262819290161,-0.026063202321529387,-1.1324889044317388e-06,0.9695515221385514,1.0,0.05702515348422147,0.057568295733688477,-9.852776432825224e-11,1.1427499001416277,0.9256756756756757,0.015202702702702704,1.0495986016558074,-28.657421710195138,-0.47971982995079737,-0.8538854502398392,-2.2137088775634766,34,2,0,0.057432432432432436,0.0033783783783783786,0.0
human_eval_AgentChatLogprobs_20260311_161129_929,HumanEval_109,1,1,600,-0.05282415498705267,0.0,0.247759913190003,-2.391252040863037,-0.02324574440717697,-4.768372718899627e-07,0.9675486171062988,1.0,0.09151503155869462,0.05482062979218315,-9.850929623687322e-11,1.3227136512104563,0.93,0.028333333333333332,1.054244245226059,-31.694492992231602,-0.5245792440449198,-0.9392352710167567,-1.9269623756408691,34,2,0,0.056666666666666664,0.0033333333333333335,0.0
human_eval_AgentChatLogprobs_20260311_161129_929,HumanEval_109,2,1,607,-0.04724588044734252,0.0,0.204767648930245,-2.1122262477874756,-0.03506104126572609,-4.649173661164241e-06,0.9678750546476852,1.0,0.12096836089456955,0.06009598524600703,-9.773526897219883e-11,1.2381317611217064,0.9225700164744646,0.026359143327841845,1.0483797534739727,-28.678249431536912,-0.47049005261311927,-0.802029088139534,-1.6000523567199707,40,4,0,0.06589785831960461,0.006589785831960461,0.0
human_eval_AgentChatLogprobs_20260311_161129_929,HumanEval_10,0,1,445,-0.08144988177757051,0.0,0.31459575034239046,-2.5788912773132324,-0.13906465768814075,-0.00015844170411583036,0.9509885939873495,1.0,0.07585806297059312,0.08157908834674973,1.2536370269280258e-09,1.0807023802430027,0.8921348314606742,0.0449438202247191,1.0848588450245835,-36.24519739101888,-0.7800056511028246,-1.3014777898788452,-2.306016266345978,36,3,0,0.08089887640449438,0.006741573033707865,0.0
human_eval_AgentChatLogprobs_20260311_161129_929,HumanEval_10,1,0,419,-0.0679531113471605,0.0,0.26563641714539976,-2.8141133785247803,-0.08465758860111233,-0.00022205212007975206,0.9562180721722503,1.0,0.05995785510265337,0.0814011376719099,4.97820899631854e-10,1.4358651849302966,0.9045346062052506,0.03818615751789976,1.070315121668019,-28.47235365446025,-0.6624632045263197,-1.0951829522848129,-1.999104529619217,32,7,0,0.07637231503579953,0.016706443914081145,0.0
human_eval_AgentChatLogprobs_20260311_161129_929,HumanEval_10,2,1,420,-0.06343596209194967,0.0,0.30341895150116627,-3.250696897506714,-0.048262286931276294,-0.00010365788330091164,0.9634963356773003,1.0,0.038747195596432235,0.06577146164640364,1.759036571996181e-09,1.1764791274223765,0.9214285714285714,0.02619047619047619,1.065491251785898,-26.64310407861886,-0.6170182698184535,-1.0919326359317416,-2.529259502887726,25,4,0,0.05952380952380952,0.009523809523809525,0.0
human_eval_AgentChatLogprobs_20260311_161129_929,HumanEval_110,0,1,548,-0.03974966142906026,0.0,0.2182750574641707,-2.578894853591919,-0.006731724273413419,0.0,0.9755491476783923,1.0,0.07585779168150443,0.04449758211029,-9.993739188084188e-11,1.3806059377678936,0.9470802919708029,0.020072992700729927,1.0405502517213303,-21.78281446312502,-0.40236445920783337,-0.7556054100946143,-1.8395660638809204,21,3,0,0.03832116788321168,0.005474452554744526,0.0
human_eval_AgentChatLogprobs_20260311_161129_929,HumanEval_110,1,1,534,-0.06280917876241025,0.0,0.2653576874418804,-2.6011533737182617,-0.05604662001132964,-1.5199196070625476e-06,0.9609649288079967,1.0,0.07418796240426383,0.0660023350159315,-9.939090536626934e-11,1.325956851627145,0.9138576779026217,0.03745318352059925,1.064823628880819,-33.54010145912707,-0.6234659795069469,-1.0761742672094932,-1.9707312822341918,34,6,0,0.06367041198501873,0.011235955056179775,0.0
human_eval_AgentChatLogprobs_20260311_161129_929,HumanEval_110,2,1,526,-0.03404528018844134,0.0,0.17996060618701815,-2.381563425064087,-0.02324562892317772,-1.460314905443738e-06,0.9768963502923729,1.0,0.09240599466943683,0.052663796935109884,-9.986389911050462e-11,1.375148604011787,0.9372623574144486,0.015209125475285171,1.034631453974687,-17.907817379120146,-0.3361710148433653,-0.6017705431351295,-1.5547300577163696,22,3,0,0.04182509505703422,0.005703422053231939,0.0
human_eval_AgentChatLogprobs_20260311_161129_929,HumanEval_111,0,1,351,-0.06236652970263495,0.0,0.2682483286673264,-2.3703863620758057,-0.05270203575491905,-1.978893851628527e-05,0.961428812575412,1.0,0.09344461584690564,0.06589020207368139,-8.1110328397212e-11,1.2445057796180174,0.9116809116809117,0.03418803418803419,1.064352390007085,-21.890651925624866,-0.6107516684702464,-1.0711023001109852,-2.147189458211263,22,2,0,0.06267806267806268,0.005698005698005698,0.0
human_eval_AgentChatLogprobs_20260311_161129_929,HumanEval_111,1,1,350,-0.04825236556536432,0.0,0.223591861467752,-2.8137776851654053,-0.05708339549601082,-1.978893851628527e-05,0.9677455004307397,1.0,0.059977985935158046,0.06423938623430114,-8.334300987267112e-11,1.0808611152542025,0.9028571428571428,0.025714285714285714,1.0494354632828649,-16.888327947877514,-0.46688333324023656,-0.78348648723434,-1.9992175499598186,23,2,0,0.06571428571428571,0.005714285714285714,0.0
human_eval_AgentChatLogprobs_20260311_161129_929,HumanEval_111,2,1,387,-0.0628821388012335,0.0,0.27561649735573135,-2.969369888305664,-0.07503450065851211,-2.4437937327093096e-06,0.9615377557138133,1.0,0.05133564733460926,0.06267513810943062,-8.043433321898895e-11,1.058683905338483,0.9147286821705426,0.03875968992248062,1.064901321288308,-24.335387716077364,-0.6197762916746893,-1.0844411551952362,-2.230145215988159,23,1,0,0.059431524547803614,0.002583979328165375,0.0
human_eval_AgentChatLogprobs_20260311_161129_929,HumanEval_112,0,1,220,-0.08924735855534885,0.0,0.3393444264481359,-2.6085548400878906,-0.13142612129449835,-0.002210903272498399,0.9471215322196984,1.0,0.07364088976283804,0.0980892456130196,2.3386215218484954e-07,1.3580097419169208,0.8863636363636364,0.04090909090909091,1.0933510726218723,-19.634418882176746,-0.8338424136692827,-1.3573186289180408,-2.5939791202545166,17,4,0,0.07727272727272727,0.01818181818181818,0.0
human_eval_AgentChatLogprobs_20260311_161129_929,HumanEval_112,1,1,250,-0.06009756442849903,0.0,0.24410545986338783,-2.2377376556396484,-0.11250309944152831,-0.00034830119693651795,0.9607062069537634,1.0,0.10669962281987778,0.07232155311431247,1.4081137773993362e-09,1.1286636054237618,0.896,0.032,1.0619401490750613,-15.024391107124757,-0.5699515801668167,-1.0104175781210263,-1.8835489153862,16,2,0,0.064,0.008,0.0
human_eval_AgentChatLogprobs_20260311_161129_929,HumanEval_112,2,1,266,-0.05694191927498215,0.0,0.24653843684320756,-2.198737382888794,-0.07434127107262611,-0.00036460848059505224,0.9634443729275688,1.0,0.11094314868454822,0.07063377784427811,1.5613301002282996e-09,1.1819822686981072,0.9135338345864662,0.02631578947368421,1.0585943246840726,-15.146550527145251,-0.5524256834043906,-0.9418450341774867,-2.04180645942688,17,2,0,0.06390977443609022,0.007518796992481203,0.0
human_eval_AgentChatLogprobs_20260311_161129_929,HumanEval_113,0,1,382,-0.04840171702293923,0.0,0.19090627245973657,-1.5314948558807373,-0.05117808692157266,-9.834771361738603e-07,0.9657693164185799,1.0,0.21621221951448566,0.0661554562069191,-9.759550842434856e-11,1.3216392238299497,0.9136125654450262,0.02617801047120419,1.0495922097037986,-18.489455902762785,-0.47629581597682674,-0.7861585350413072,-1.4104424715042114,26,2,0,0.06806282722513089,0.005235602094240838,0.0
human_eval_AgentChatLogprobs_20260311_161129_929,HumanEval_113,1,1,353,-0.09020228690988481,0.0,0.3212360581331541,-2.7735865116119385,-0.16370861828327166,-0.0004359837912488729,0.9445811757324966,1.0,0.06243766926588349,0.09018014284183985,8.647360130734487e-09,1.2958519653898446,0.8810198300283286,0.053824362606232294,1.0943956432282487,-31.84140727918934,-0.8553997512374606,-1.3392346746781294,-2.4126302003860474,33,5,0,0.09348441926345609,0.014164305949008499,0.0
human_eval_AgentChatLogprobs_20260311_161129_929,HumanEval_113,2,1,521,-0.058443533454683824,0.0,0.2751521902071529,-2.9693682193756104,-0.05020112916827202,-1.6689314179529902e-06,0.9646907322195726,1.0,0.05133573301028542,0.0630533179721073,-9.923843880207404e-11,1.3197468775959638,0.9193857965451055,0.030710172744721688,1.0601851190133145,-30.449080929890272,-0.5773436043841335,-1.0071209772275045,-2.308249044418335,31,5,0,0.05950095969289827,0.009596928982725527,0.0
human_eval_AgentChatLogprobs_20260311_161129_929,HumanEval_114,0,0,375,-0.07140539116490562,0.0,0.27810459486448286,-2.2006893157958984,-0.08403369337320328,-0.00034821177541743964,0.9555194942335141,1.0,0.11072680631339925,0.07077685463314326,3.800937028503254e-09,1.31190649548356,0.904,0.04533333333333334,1.074016534441296,-26.777021686839603,-0.6985161399116387,-1.2011336021953158,-1.9600230852762859,28,2,0,0.07466666666666667,0.005333333333333333,0.0
human_eval_AgentChatLogprobs_20260311_161129_929,HumanEval_114,1,0,347,-0.03836599788621558,0.0,0.2057430178212323,-1.8530913591384888,-0.008243947941809888,-4.172334001850686e-06,0.9760568022764025,1.0,0.1567518403076273,0.04020259481653622,-9.823442523150568e-11,1.0623176375743744,0.9481268011527377,0.020172910662824207,1.0391114758939026,-13.313001266516807,-0.3897718057200751,-0.7404362160493346,-1.6977604230244954,12,2,0,0.0345821325648415,0.005763688760806916,0.0
human_eval_AgentChatLogprobs_20260311_161129_929,HumanEval_114,2,0,436,-0.05236328547505756,0.0,0.22636665640473191,-2.501208543777466,-0.0494593009352684,-0.00012672767661570106,0.9654473418581399,1.0,0.08198585523122097,0.067778993305481,7.81172017530845e-10,1.47110202774293,0.9128440366972477,0.034403669724770644,1.0537584881391517,-22.830392467125094,-0.5162785873683386,-0.8989009431430272,-1.7450487911701202,27,6,0,0.06192660550458716,0.013761467889908258,0.0
human_eval_AgentChatLogprobs_20260311_161129_929,HumanEval_115,0,1,672,-0.09371763327476824,0.0,0.35323448745771513,-3.2944750785827637,-0.17769726514816284,-0.0038622014108113945,0.9443272700658341,1.0,0.037087507965744344,0.10108098039742087,1.680766038204347e-08,1.36288846815475,0.8735119047619048,0.044642857142857144,1.0982495929897416,-62.97824956064426,-0.8603443594566033,-1.3959179990219348,-2.8218265771865845,62,9,0,0.09226190476190477,0.013392857142857142,0.0
human_eval_AgentChatLogprobs_20260311_161129_929,HumanEval_115,1,1,679,-0.06624434249667725,0.0,0.2829210958491111,-2.778261184692383,-0.11735101789236069,-5.2513089030981064e-05,0.9593412090454992,1.0,0.0621464747240823,0.07499639645265896,-9.901142170682378e-11,1.3300925449627745,0.898379970544919,0.030927835051546393,1.0684877622399869,-44.97990855524385,-0.6411487639172754,-1.102284699678421,-2.26872855424881,44,6,0,0.06480117820324006,0.008836524300441826,0.0
human_eval_AgentChatLogprobs_20260311_161129_929,HumanEval_115,2,1,594,-0.07841725287450722,0.0,0.29954454495111754,-2.981081247329712,-0.16748652905225747,-0.003615204885136336,0.9502819250850629,1.0,0.05073794392905949,0.09600482523927842,6.619092426719814e-10,1.2354178571335876,0.8787878787878788,0.03872053872053872,1.0815738543319056,-46.57984820745729,-0.7188251690339234,-1.1590412567401756,-2.4923024654388426,56,4,0,0.09427609427609428,0.006734006734006734,0.0
human_eval_AgentChatLogprobs_20260311_161129_929,HumanEval_116,0,1,370,-0.03708994047396647,0.0,0.1542851527477428,-1.1942145824432373,-0.036709924042224895,-6.890534132253379e-05,0.9725867456475795,1.0,0.302941796572827,0.05457787415028853,-7.257782688569516e-11,1.1748304852378357,0.9324324324324325,0.02702702702702703,1.037786355637508,-13.723277975367594,-0.36366050478977124,-0.6501473006274965,-1.1109006603558857,19,2,0,0.051351351351351354,0.005405405405405406,0.0
human_eval_AgentChatLogprobs_20260311_161129_929,HumanEval_116,1,1,304,-0.13659014319714752,-3.576279254957626e-07,0.4471523216708404,-3.0255625247955322,-0.3611555129289627,-0.004436784191057086,0.9242522385445091,0.9999996423721385,0.04853051397276455,0.1246509893063089,4.908516015716329e-06,1.3012380247990782,0.8421052631578947,0.06578947368421052,1.1463582095124525,-41.52340353193284,-1.218282193938891,-1.8577638308207194,-3.0146740277608237,36,9,0,0.11842105263157894,0.029605263157894735,0.0
human_eval_AgentChatLogprobs_20260311_161129_929,HumanEval_116,2,1,381,-0.04205482192613072,0.0,0.22124967950486052,-2.2015433311462402,-0.006766030564904213,-5.602852525044e-06,0.9738151774506361,1.0,0.1106322842884883,0.04274461448988525,-8.80935460225524e-11,0.9631006866502614,0.9448818897637795,0.023622047244094488,1.0429516538020482,-16.022887153855805,-0.41971752372276233,-0.7868474886605614,-2.0806382099787393,15,0,0,0.03937007874015748,0.0,0.0
human_eval_AgentChatLogprobs_20260311_161129_929,HumanEval_117,0,0,444,-0.06627476664975432,0.0,0.29583518871051495,-2.8045644760131836,-0.05413322113454341,-0.0001044327873387374,0.9607713813104526,1.0,0.060533129062120807,0.07091073316822434,5.314478555886009e-11,1.2883824821803607,0.9121621621621622,0.03153153153153153,1.0685202705697427,-29.425996392490916,-0.6495935669676824,-1.1265338307077235,-2.4135709404945374,29,4,0,0.06531531531531531,0.009009009009009009,0.0
human_eval_AgentChatLogprobs_20260311_161129_929,HumanEval_117,1,0,372,-0.0322543830145439,0.0,0.189192645467446,-2.223128080368042,-0.009339411417022343,-5.364419592979175e-07,0.979000913413233,1.0,0.10826990161415247,0.04505628456037257,-9.217350689726209e-11,1.426141256484701,0.9489247311827957,0.008064516129032258,1.0327801936309948,-11.99863048141033,-0.32198806109561307,-0.6168110515508387,-1.9051137367884319,16,2,0,0.043010752688172046,0.005376344086021506,0.0
human_eval_AgentChatLogprobs_20260311_161129_929,HumanEval_117,2,0,418,-0.08222193079988141,0.0,0.35463923069422915,-3.160541534423828,-0.08583133593201632,-0.00039652415580349043,0.9542475323959175,1.0,0.042402772301013573,0.0794956269618354,4.082938418934953e-10,1.5094105413417935,0.9019138755980861,0.03827751196172249,1.0856967326387674,-34.36876707435043,-0.8041889889211189,-1.4120285153388976,-2.8375824093818665,28,3,1,0.06698564593301436,0.007177033492822967,0.0023923444976076554
human_eval_AgentChatLogprobs_20260311_161129_929,HumanEval_118,0,1,458,-0.06911328950085821,0.0,0.278083627850741,-2.207698106765747,-0.07230801507830617,-0.00015844170411583036,0.9571108641043281,1.0,0.10995345855535191,0.0748068012897317,1.5262016382745887e-09,1.5315877186791982,0.9082969432314411,0.034934497816593885,1.0715575984976216,-31.65388659139306,-0.6808617220984565,-1.1500875042243437,-2.082285761833191,34,3,1,0.07423580786026202,0.006550218340611353,0.002183406113537118
human_eval_AgentChatLogprobs_20260311_161129_929,HumanEval_118,1,0,440,-0.046415965395146,0.0,0.23473662656880562,-2.690251350402832,-0.022728340327739713,-7.5400159857963445e-06,0.97122783419591,1.0,0.06786387961438399,0.05247939977519184,-8.176609444822035e-11,1.1054576260325604,0.9295454545454546,0.025,1.0475100482767816,-20.423024773864242,-0.4603250905956057,-0.8337579904632135,-1.9972390830516815,22,1,0,0.05,0.0022727272727272726,0.0
human_eval_AgentChatLogprobs_20260311_161129_929,HumanEval_118,2,0,372,-0.06057312988546043,0.0,0.27226970024294783,-3.393507480621338,-0.052724496275186536,-7.051478314679116e-05,0.9625438860644927,1.0,0.0335906514755199,0.06827699546250414,2.268375534319241e-09,1.2842653494699368,0.9220430107526881,0.03494623655913978,1.0624452912318818,-22.53320431739128,-0.5945208603264512,-1.053441168533431,-2.178400715192159,25,4,0,0.06720430107526881,0.010752688172043012,0.0
human_eval_AgentChatLogprobs_20260311_161129_929,HumanEval_119,0,1,601,-0.06969809175966983,0.0,0.32427949198675693,-3.340169906616211,-0.06214398145675659,-4.541977250482887e-05,0.9607257420410404,1.0,0.035430937259496004,0.06472845357046174,-6.307177127243715e-11,1.24472616171528,0.9168053244592346,0.03161397670549085,1.0721844310703577,-41.88855314756157,-0.682137290885051,-1.2017121613025665,-2.6205116709073386,35,1,0,0.05823627287853577,0.0016638935108153079,0.0
human_eval_AgentChatLogprobs_20260311_161129_929,HumanEval_119,1,1,531,-0.052549806580763955,0.0,0.23842067165156847,-2.969973564147949,-0.05339403450489044,-2.1279085558489896e-05,0.9659740694650997,1.0,0.0513046665965677,0.06761006438320684,-6.998329576338445e-11,1.3070467603504297,0.9152542372881356,0.02071563088512241,1.05395505466884,-27.90394729438566,-0.5126066134785706,-0.8896080920329461,-1.9792507410049438,32,7,0,0.060263653483992465,0.013182674199623353,0.0
human_eval_AgentChatLogprobs_20260311_161129_929,HumanEval_119,2,0,590,-0.07273824389335865,0.0,0.299167789976135,-2.722038507461548,-0.09637593924999237,-0.0006628017436014488,0.955637631595091,1.0,0.06574060502670818,0.08331186290449755,1.598653064218172e-10,1.5170635964826984,0.9033898305084745,0.03389830508474576,1.0754489947268664,-42.9155638970816,-0.6921554762175528,-1.1706624657943332,-2.4508543968200684,46,7,1,0.07796610169491526,0.011864406779661017,0.001694915254237288
human_eval_AgentChatLogprobs_20260311_161129_929,HumanEval_11,0,1,280,-0.08381644283408067,0.0,0.29387503050061414,-2.5789906978607178,-0.17430411726236342,-0.0012727428984362632,0.9464592851039173,1.0,0.07585052149533641,0.09589315945323092,1.451819147419543e-08,1.1003483414317305,0.8821428571428571,0.05,1.0874292700532526,-23.468603993542587,-0.7827176983867373,-1.2024511184011186,-2.240829348564148,27,4,0,0.09642857142857143,0.014285714285714285,0.0
human_eval_AgentChatLogprobs_20260311_161129_929,HumanEval_11,1,1,303,-0.03959278427396952,0.0,0.1446521893211005,-0.9979730844497681,-0.05306736305356025,-0.00040852517122402787,0.9694588153052945,1.0,0.3686258579376912,0.06696582979496488,5.186333123199437e-10,0.990892304719631,0.9141914191419142,0.019801980198019802,1.0403870259616426,-11.996613635012764,-0.38365561875204246,-0.6321598668893178,-0.903235912322998,19,0,0,0.0627062706270627,0.0,0.0
human_eval_AgentChatLogprobs_20260311_161129_929,HumanEval_11,2,1,305,-0.05274971283893962,0.0,0.21946993032310586,-1.7929667234420776,-0.036977396905422205,-0.00036460848059505224,0.9648874195319947,1.0,0.1664655790373633,0.06617887334226934,6.599994074266959e-10,1.4291150585187735,0.9147540983606557,0.03278688524590164,1.0541657679408536,-16.088662415876584,-0.5231371591488521,-0.8979582091172537,-1.5403534571329753,20,3,0,0.06557377049180328,0.009836065573770493,0.0
human_eval_AgentChatLogprobs_20260311_161129_929,HumanEval_120,0,0,286,-0.03753440808442179,0.0,0.17616178607749705,-1.5019365549087524,-0.01295773359015584,-1.1920930376163597e-07,0.9740166314884705,1.0,0.22269847446792607,0.047540060075028416,-9.995186083108161e-11,0.9695413323718455,0.9440559440559441,0.017482517482517484,1.0382477205824534,-10.734840712144631,-0.3810092418321541,-0.6872296908072063,-1.501934289932251,16,0,0,0.055944055944055944,0.0,0.0
human_eval_AgentChatLogprobs_20260311_161129_929,HumanEval_120,1,0,365,-0.01653779487499258,0.0,0.0990818104370075,-1.1942145824432373,-0.0018300651805475358,0.0,0.9873890482697325,1.0,0.302941796572827,0.028317928541494456,-9.999881356899811e-11,1.0553632721086632,0.9698630136986301,0.005479452054794521,1.0166753011758445,-6.0362951293722915,-0.16720473065894717,-0.3225535957349671,-0.8764757513999939,9,1,0,0.024657534246575342,0.0027397260273972603,0.0
human_eval_AgentChatLogprobs_20260311_161129_929,HumanEval_120,2,0,316,-0.05524198821937118,0.0,0.24435683647118547,-2.4605462551116943,-0.06114223040640354,-2.6911921850114595e-05,0.9642614032472825,1.0,0.08538829443298333,0.07134638342771939,-9.940622098119922e-11,1.2116335857074856,0.9145569620253164,0.02531645569620253,1.0567963159946385,-17.456468277321292,-0.5402566485347287,-0.9252065122127533,-2.0851943095525107,22,3,0,0.06962025316455696,0.00949367088607595,0.0
human_eval_AgentChatLogprobs_20260311_161129_929,HumanEval_121,0,1,278,-0.08848968461425785,0.0,0.3579443876386803,-2.665872573852539,-0.11796968355774878,-0.0008389593858737499,0.9498913128162833,1.0,0.06953864944547375,0.08913357161383843,6.658167784318533e-09,1.4251146972752156,0.8776978417266187,0.03237410071942446,1.0925229827563538,-24.600132322763685,-0.8505924426847034,-1.4684625543080843,-2.650109887123108,23,3,0,0.08273381294964029,0.01079136690647482,0.0
human_eval_AgentChatLogprobs_20260311_161129_929,HumanEval_121,1,1,257,-0.06270533062956818,0.0,0.29384750819082484,-2.648186683654785,-0.05382305905222892,-0.00021895182726439089,0.963360866841644,1.0,0.07077944228481953,0.06358896265946706,-8.584392172317563e-11,1.050958735251098,0.9221789883268483,0.027237354085603113,1.0647130546767152,-16.115269971799023,-0.624406686425209,-1.148392195502917,-2.4771214723587036,13,1,0,0.05058365758754864,0.0038910505836575876,0.0
human_eval_AgentChatLogprobs_20260311_161129_929,HumanEval_121,2,1,295,-0.043633121119584665,0.0,0.1616028557165873,-1.4262584447860718,-0.08812010288238525,-0.0006463871686719358,0.9669478869859278,1.0,0.24020598695156448,0.07552590076063923,3.292263646345243e-09,1.014561165153966,0.9084745762711864,0.01694915254237288,1.0445990432508003,-12.871770730277476,-0.4035497369437382,-0.6802037805318832,-1.3290072083473206,16,1,0,0.05423728813559322,0.003389830508474576,0.0
human_eval_AgentChatLogprobs_20260311_161129_929,HumanEval_122,0,1,359,-0.033554416341121565,0.0,0.1981800194288945,-2.6880412101745605,-0.016161163151264188,-1.0728841743912199e-06,0.9787055832209939,1.0,0.0680140341749618,0.041021814214856324,-9.991967383629101e-11,1.019124596145748,0.9526462395543176,0.016713091922005572,1.034123715424075,-12.04603546646264,-0.3400825419064079,-0.6533393991344115,-1.7584974368413289,12,1,0,0.033426183844011144,0.002785515320334262,0.0
human_eval_AgentChatLogprobs_20260311_161129_929,HumanEval_122,1,0,375,-0.028014887509232228,0.0,0.11818060162209544,-1.1942198276519775,-0.015839190781116487,-7.092979330991511e-06,0.9778839240731084,1.0,0.3029402075840351,0.05172699370980418,-9.975682598784579e-11,1.1164831475325083,0.936,0.013333333333333334,1.0284109947856375,-10.505582815962086,-0.2783739024622215,-0.48560184902615017,-0.9243093927701315,20,1,0,0.05333333333333334,0.0026666666666666666,0.0
human_eval_AgentChatLogprobs_20260311_161129_929,HumanEval_122,2,0,376,-0.040646999117647756,0.0,0.19156000384661862,-2.207395553588867,-0.03505288064479828,-5.692259946954437e-06,0.9720390930450068,1.0,0.10998673035653754,0.05664720531048374,-9.984482551112869e-11,0.9779652008607361,0.9202127659574468,0.015957446808510637,1.0414843957377031,-15.283271668235557,-0.4044755396206637,-0.6985179583231608,-1.7370845476786296,20,0,0,0.05319148936170213,0.0,0.0
human_eval_AgentChatLogprobs_20260311_161129_929,HumanEval_123,0,1,450,-0.046333459828205845,0.0,0.23884862054302336,-2.6144251823425293,-0.01040976662188767,-1.1920930376163597e-07,0.9716501839006868,1.0,0.07320985892307907,0.051495565951767804,-9.981119276185256e-11,1.487057319177332,0.9355555555555556,0.024444444444444446,1.0474236264315637,-20.85005692269263,-0.4616872945593463,-0.8680610324848782,-2.125868022441864,20,4,0,0.044444444444444446,0.008888888888888889,0.0
human_eval_AgentChatLogprobs_20260311_161129_929,HumanEval_123,1,1,449,-0.03428766837818393,0.0,0.15590424388976543,-1.391541838645935,-0.014760259538888928,-1.1920930376163597e-07,0.9752328496873974,1.0,0.24869156660831682,0.04997192552787009,-9.977238873316497e-11,1.3210927260093397,0.9354120267260579,0.0200445434298441,1.034882266815674,-15.395163101804584,-0.34701031035828317,-0.6196749305183237,-1.2015226781368256,20,4,0,0.044543429844097995,0.008908685968819599,0.0
human_eval_AgentChatLogprobs_20260311_161129_929,HumanEval_123,2,1,433,-0.035798139626996475,0.0,0.1847906788614778,-1.9763346910476685,-0.0044388435781002045,-1.1920930376163597e-07,0.9761154179712757,1.0,0.13857623230148747,0.04266321143760239,-9.981536672467227e-11,1.057297815201215,0.9353348729792148,0.018475750577367205,1.0364466078742778,-15.500594458489473,-0.3598942645652176,-0.6696846662532716,-1.5879980623722076,20,1,0,0.046189376443418015,0.0023094688221709007,0.0
human_eval_AgentChatLogprobs_20260311_161129_929,HumanEval_124,0,0,825,-0.04549519467006731,0.0,0.22412762598277966,-2.271305561065674,-0.023337767645716666,-8.583106136939023e-06,0.9712846592557599,1.0,0.10317738773214252,0.05267799149442245,-9.901875836173172e-11,1.4917188933136427,0.936969696969697,0.02303030303030303,1.0465459756031632,-37.53353560280553,-0.45135454733560726,-0.8267705956610237,-1.8187715709209442,39,6,0,0.04727272727272727,0.007272727272727273,0.0
human_eval_AgentChatLogprobs_20260311_161129_929,HumanEval_124,1,0,820,-0.05915711177669655,0.0,0.27521149064504485,-3.195021152496338,-0.035623462125658964,-3.2902306884352583e-05,0.9638977747721869,1.0,0.040965658840969664,0.06625470364211697,-9.888792766127994e-11,1.2435381402970858,0.9195121951219513,0.03048780487804878,1.0609419141157397,-48.508831656891175,-0.5816489210034289,-1.0029683360239354,-2.2723168581724167,54,7,0,0.06585365853658537,0.00853658536585366,0.0
human_eval_AgentChatLogprobs_20260311_161129_929,HumanEval_124,2,1,625,-0.06062172987102458,0.0,0.25466578101865345,-2.9708895683288574,-0.08028076887130736,-0.0003795151715166867,0.9610001344284065,1.0,0.05125769282483529,0.07399569332343,1.0454585982543054e-09,1.2662968343599805,0.912,0.032,1.0624969273124447,-37.88858116939036,-0.5827438730385995,-0.9846161738518746,-1.9304073254267375,42,4,0,0.0672,0.0064,0.0
human_eval_AgentChatLogprobs_20260311_161129_929,HumanEval_125,0,0,387,-0.03370890349876232,0.0,0.1388032743036206,-1.194219946861267,-0.03505255728960037,-3.176978134433739e-05,0.9742818322906801,1.0,0.30294017147075036,0.06428712000597125,4.618596508162574e-10,1.3627422567866136,0.9302325581395349,0.020671834625323,1.0342834865984993,-13.04534565402102,-0.3319922944432811,-0.5688963555975964,-1.0134451985359192,22,3,0,0.056847545219638244,0.007751937984496124,0.0
human_eval_AgentChatLogprobs_20260311_161129_929,HumanEval_125,1,1,475,-0.07247114204335853,0.0,0.27774962321545477,-2.6460368633270264,-0.10721734464168542,-0.0012718775542452931,0.9539957137409573,1.0,0.07093176904754862,0.09143728613230906,2.3692669835228553e-08,1.461547353260888,0.8989473684210526,0.04631578947368421,1.0751617786704717,-34.4237924705953,-0.6940441781536062,-1.154148332450701,-2.099039763212204,39,9,0,0.08210526315789474,0.018947368421052633,0.0
human_eval_AgentChatLogprobs_20260311_161129_929,HumanEval_125,2,1,462,-0.0637905175526687,0.0,0.2785552478327958,-2.9735796451568604,-0.06355466730892657,-0.00015885899847489782,0.960881514361258,1.0,0.05111999099040738,0.07339485022297469,3.44883042057276e-09,1.2254742980411033,0.9112554112554112,0.030303030303030304,1.0658690945067089,-29.471219109332935,-0.6179908149592255,-1.0687407138554945,-2.2235263288021088,30,3,0,0.06493506493506493,0.006493506493506494,0.0
human_eval_AgentChatLogprobs_20260311_161129_929,HumanEval_126,0,0,232,-0.13147638602991674,0.0,0.38876341055035557,-3.3875555992126465,-0.36104080379009246,-0.015394803369417787,0.9197624623190397,1.0,0.03379117520430896,0.13392358938582635,7.039833870510354e-07,1.189032251316136,0.8275862068965517,0.06896551724137931,1.1405109754123302,-30.502521558940686,-1.1175498042417609,-1.581680417060852,-2.6136156916618347,29,5,0,0.125,0.021551724137931036,0.0
human_eval_AgentChatLogprobs_20260311_161129_929,HumanEval_126,1,0,543,-0.06235961093415178,0.0,0.30437991550268867,-3.305910348892212,-0.01932552605867385,-5.960465188081798e-08,0.9649338081815698,1.0,0.03666581795189534,0.07989111463440622,-9.980960095537006e-11,1.572912873893878,0.9318600368324125,0.029465930018416207,1.0643450260247889,-33.861268737244416,-0.6233149245036421,-1.1360217056892536,-2.468150520324707,41,10,1,0.07550644567219153,0.01841620626151013,0.001841620626151013
human_eval_AgentChatLogprobs_20260311_161129_929,HumanEval_126,2,0,227,-0.13530405643835913,0.0,0.43706090387775526,-3.7744510173797607,-0.3609556794166565,-0.02655033767223358,0.9219469183442296,1.0,0.02294968616309497,0.1385515427312949,2.4676946033014335e-07,1.3078740863107903,0.8237885462555066,0.05286343612334802,1.1448848410412926,-30.714020811507524,-1.1661548709327525,-1.8052007068287244,-3.3725271224975586,28,5,0,0.12334801762114538,0.022026431718061675,0.0
human_eval_AgentChatLogprobs_20260311_161129_929,HumanEval_127,0,1,483,-0.0444760638664037,0.0,0.1830774335871804,-2.200704574584961,-0.06202660128474235,-0.0002876644575735554,0.9679947342644442,1.0,0.11072511676930838,0.06738882315984343,6.716863907704819e-10,1.1152618616937755,0.9130434782608695,0.022774327122153208,1.04547995166316,-21.48193884747299,-0.4282118819343547,-0.706177701552709,-1.4584647119045258,29,2,0,0.060041407867494824,0.004140786749482402,0.0
human_eval_AgentChatLogprobs_20260311_161129_929,HumanEval_127,1,1,487,-0.04574806464371974,0.0,0.20483737889806594,-2.215104579925537,-0.052700337022542953,-0.0002696285810088739,0.9690473280166944,1.0,0.10914209957895488,0.06150298999020208,4.1170494050843527e-10,1.083503432314938,0.9281314168377823,0.022587268993839837,1.0468106491190223,-22.279307481491514,-0.44566634491396445,-0.7810684417684873,-1.6770436465740204,26,2,0,0.053388090349075976,0.004106776180698152,0.0
human_eval_AgentChatLogprobs_20260311_161129_929,HumanEval_127,2,1,432,-0.03958152224497555,0.0,0.1743521077909262,-1.5019290447235107,-0.02162891570478677,-4.541977250482887e-05,0.9720740382294287,1.0,0.2227001469810028,0.055972851682133624,5.927947563515344e-11,1.0613679634696525,0.9351851851851852,0.020833333333333332,1.0403753091587689,-17.099217609829438,-0.39104831755854363,-0.7066690027713776,-1.313997596502304,23,2,0,0.05324074074074074,0.004629629629629629,0.0
human_eval_AgentChatLogprobs_20260311_161129_929,HumanEval_128,0,1,420,-0.045568695198536006,0.0,0.23967700425452035,-2.578889846801758,-0.023245446383953094,-2.5033982637978625e-06,0.9720747103086271,1.0,0.07585817148650026,0.04826319194373785,-9.587231206360062e-11,1.013025135850422,0.9380952380952381,0.01904761904761905,1.0466229001123983,-19.138851983385123,-0.4511653867417148,-0.8328049253849756,-2.139794796705246,21,1,0,0.05,0.002380952380952381,0.0
human_eval_AgentChatLogprobs_20260311_161129_929,HumanEval_128,1,1,437,-0.05267836899281051,0.0,0.237931990543473,-2.075737714767456,-0.040725433826446535,-3.635949542513117e-05,0.9664015497056575,1.0,0.12546383681943932,0.06349237690569891,-9.345328188104094e-11,1.3518107464850773,0.9244851258581236,0.02288329519450801,1.0540905623832697,-23.020447249858194,-0.5216564335968605,-0.9264583786328634,-1.9191250205039978,25,4,0,0.057208237986270026,0.009153318077803204,0.0
human_eval_AgentChatLogprobs_20260311_161129_929,HumanEval_128,2,1,459,-0.03991409045968849,0.0,0.22341446290273662,-2.970238208770752,-0.017244239151477783,-2.0861648408754263e-06,0.9748640021874071,1.0,0.051291090888876484,0.04895103686524459,-9.847998735095724e-11,1.311333783505848,0.934640522875817,0.017429193899782137,1.0407213624579417,-18.320567520997017,-0.4030048203551107,-0.7421275749802589,-2.073041409254074,21,1,0,0.0457516339869281,0.002178649237472767,0.0
human_eval_AgentChatLogprobs_20260311_161129_929,HumanEval_129,0,0,597,-0.11348072940095606,-1.5497220147153712e-06,0.3602499917984912,-2.969515562057495,-0.28751783967018124,-0.017053047195076942,0.9290212258284662,0.9999984502791861,0.05132816962292573,0.1401216841951313,2.2150710720914697e-05,1.5123199513066852,0.8157453936348409,0.05025125628140704,1.120170302331631,-67.74799545237077,-0.9492022763874571,-1.471888044784809,-2.6841601371765136,81,10,1,0.135678391959799,0.01675041876046901,0.0016750418760469012
human_eval_AgentChatLogprobs_20260311_161129_929,HumanEval_129,1,0,883,-0.04779986477141073,0.0,0.23325139213829857,-3.163212299346924,-0.020347461104393002,-3.576279254957626e-07,0.9699093005070825,1.0,0.042289675558742544,0.056848867150605435,-9.96495200859655e-11,1.4662221961111517,0.9320498301245753,0.027180067950169876,1.0489607003259347,-42.20728059315567,-0.476264761866663,-0.868313961408355,-1.8722268640995026,46,11,0,0.052095130237825596,0.01245753114382786,0.0
human_eval_AgentChatLogprobs_20260311_161129_929,HumanEval_129,2,0,983,-0.083592372122282,0.0,0.3186674825902414,-2.986565589904785,-0.17049740552902218,-0.0008282813068944961,0.9485634125016985,1.0,0.050460441318249505,0.0978991249360554,-8.117232435703855e-11,1.5360012406955095,0.8830111902339777,0.042726347914547304,1.0871856362992947,-82.17130179620321,-0.7785105306883248,-1.2475052913840936,-2.6148276064130993,88,14,1,0.08952187182095625,0.014242115971515769,0.001017293997965412
human_eval_AgentChatLogprobs_20260311_161129_929,HumanEval_12,0,1,266,-0.04003998594219826,0.0,0.17828745067421686,-1.7368137836456299,-0.03506189212203026,-2.005716487474274e-05,0.9718986434726569,1.0,0.17608053847429378,0.05480555262988435,-7.123017102186599e-11,1.0240165172391675,0.9398496240601504,0.03007518796992481,1.040852392823919,-10.650636260624736,-0.3965538242975107,-0.7101378039671824,-1.4665364027023315,12,2,0,0.045112781954887216,0.007518796992481203,0.0
human_eval_AgentChatLogprobs_20260311_161129_929,HumanEval_12,1,1,340,-0.06289043372939017,0.0,0.29757736371351595,-2.65757155418396,-0.043109447136521345,-7.161760549934115e-05,0.9637372873772392,1.0,0.07011829363269198,0.06185519583518978,4.7916275489134633e-11,1.0869668346282808,0.9205882352941176,0.03529411764705882,1.064910154604898,-21.382747467992658,-0.6180987245238879,-1.1079900159555323,-2.4952605565389,19,2,0,0.05588235294117647,0.0058823529411764705,0.0
human_eval_AgentChatLogprobs_20260311_161129_929,HumanEval_12,2,1,161,-0.03726554317469388,0.0,0.2371399478817991,-2.2006890773773193,-2.5033982637978625e-06,0.0,0.9801781949129335,1.0,0.11072683271273022,0.02194210301089005,-9.99416859458359e-11,0.9464371130714011,0.968944099378882,0.018633540372670808,1.0379686097260228,-5.999752451125715,-0.3749841407647523,-0.7497300031245686,-2.2006890773773193,4,0,0,0.024844720496894408,0.0,0.0
human_eval_AgentChatLogprobs_20260311_161129_929,HumanEval_130,0,0,466,-0.0763964080430019,0.0,0.2826488604733497,-2.8137810230255127,-0.1742001622915268,-0.001027323814923875,0.9506135023466945,1.0,0.059977785737365584,0.09218128054719758,2.26630118573716e-09,1.053370451731648,0.8798283261802575,0.034334763948497854,1.0793903683847121,-35.60072614803889,-0.7163799450449322,-1.1124313732852107,-2.181825876235962,43,6,0,0.09227467811158799,0.012875536480686695,0.0
human_eval_AgentChatLogprobs_20260311_161129_929,HumanEval_130,1,0,329,-0.12128211936482634,0.0,0.4169365887915056,-2.969371795654297,-0.21484611630439754,-0.008425764739513397,0.932634540858743,1.0,0.05133554941972588,0.10692180776999693,4.323284037274047e-08,1.2062058438722074,0.8571428571428571,0.057750759878419454,1.1289433642293545,-39.901817271027866,-1.130788253620267,-1.7910965159535408,-2.7674917380015054,32,5,0,0.0972644376899696,0.015197568389057751,0.0
human_eval_AgentChatLogprobs_20260311_161129_929,HumanEval_130,2,0,396,-0.10914988802889208,0.0,0.37200145728031003,-3.02644681930542,-0.23612405359745026,-0.0029297282453626394,0.9352201749509842,1.0,0.04848761767497204,0.11283979118054921,3.522247579985152e-08,1.4478748993966617,0.8535353535353535,0.05555555555555555,1.1153295123555147,-43.22335565944127,-0.992895170664176,-1.5408708453178406,-2.800166130065918,40,8,0,0.10101010101010101,0.020202020202020204,0.0
human_eval_AgentChatLogprobs_20260311_161129_929,HumanEval_131,0,0,118,-0.018070563718636596,0.0,0.12357310310908529,-1.2566115856170654,-1.072883776487284e-07,0.0,0.9875182112665682,1.0,0.28461679408955787,0.021714609349382446,-9.997437504790629e-11,0.8230198722491844,0.9661016949152542,0.00847457627118644,1.0182348242904837,-2.1323265187991183,-0.1938478328337448,-0.42628854133654387,-1.2566115856170654,4,0,0,0.03389830508474576,0.0,0.0
human_eval_AgentChatLogprobs_20260311_161129_929,HumanEval_131,1,0,244,-0.07521319602724744,0.0,0.290406124090605,-2.20068359375,-0.10704198777675626,-0.0002402951940894127,0.9535487918789722,1.0,0.11072743989907986,0.07358529925182125,1.1916795411918743e-10,0.9968610670172631,0.8975409836065574,0.036885245901639344,1.0781139760014635,-18.352019830648373,-0.7379553678135077,-1.1842857052882512,-2.0202253460884094,16,0,0,0.06557377049180328,0.0,0.0
human_eval_AgentChatLogprobs_20260311_161129_929,HumanEval_131,2,0,242,-0.08102228184145446,0.0,0.34180105923477655,-2.9693682193756104,-0.11735234558582305,-7.11409566065413e-05,0.9536245750258535,1.0,0.05133573301028542,0.0777768623688111,3.804567410188241e-10,1.504198220807568,0.8925619834710744,0.04132231404958678,1.084395058616342,-19.60739220563198,-0.7870226160933574,-1.3283926248550415,-2.8972195386886597,18,2,1,0.0743801652892562,0.008264462809917356,0.004132231404958678
human_eval_AgentChatLogprobs_20260311_161129_929,HumanEval_132,0,0,418,-0.1060604516642338,0.0,0.3476933372236801,-3.391040802001953,-0.2256590768694877,-0.015523647656664252,0.9339582577869582,1.0,0.03367361109261865,0.1498657492094043,1.6199205526015208e-06,1.5030197692674454,0.8564593301435407,0.06220095693779904,1.1118890900208611,-44.33326879564973,-0.9466502412063319,-1.4125891476869583,-2.542498856782913,51,17,1,0.12200956937799043,0.04066985645933014,0.0023923444976076554
human_eval_AgentChatLogprobs_20260311_161129_929,HumanEval_132,1,0,340,-0.10984409370625059,-3.1590512890034006e-06,0.3783386991702279,-2.970975637435913,-0.24591362774372102,-0.010663341963663697,0.9350091347970232,0.9999968409538447,0.05125328131083438,0.12324959194071097,4.3352584111149634e-05,1.3847206646893222,0.8588235294117647,0.05,1.116104049247966,-37.3469918601252,-0.9690384785918629,-1.540844756014207,-2.779796044031779,37,9,0,0.10882352941176471,0.026470588235294117,0.0
human_eval_AgentChatLogprobs_20260311_161129_929,HumanEval_132,2,0,336,-0.09848560540593261,-1.1920930376163597e-07,0.3583854536707118,-2.642481803894043,-0.170570507645607,-0.008581170113757253,0.9422802402963251,0.9999998807907033,0.07118438446755973,0.108779702188382,2.51653083606115e-06,1.1851264565018984,0.8809523809523809,0.050595238095238096,1.1034985198668186,-33.09116341639336,-0.9143771389217088,-1.520331710577011,-2.5614470640818277,29,7,0,0.08630952380952381,0.020833333333333332,0.0
human_eval_AgentChatLogprobs_20260311_161129_929,HumanEval_133,0,1,303,-0.0776240030120883,0.0,0.3127655025242575,-2.6192455291748047,-0.11083961576223364,-0.0010400650498922914,0.9534296177471523,1.0,0.07285781118929104,0.08387793350984117,-9.901090395785609e-11,1.3157638637685887,0.8976897689768977,0.0297029702970297,1.080716236218457,-23.520072912662755,-0.7451998874545097,-1.2248252272605895,-2.3937338987986245,25,3,0,0.08250825082508251,0.009900990099009901,0.0
human_eval_AgentChatLogprobs_20260311_161129_929,HumanEval_133,1,0,421,-0.06827985195394047,0.0,0.3610246518309334,-3.3565657138824463,-0.015393350273370743,0.0,0.9666032654784794,1.0,0.034854754836415335,0.05050599897843344,-9.999695910290546e-11,1.1757656731872286,0.9334916864608076,0.026128266033254157,1.0706648942196546,-28.745817672608936,-0.6818162347855312,-1.2826170069830758,-2.9663310647010803,20,2,0,0.047505938242280284,0.004750593824228029,0.0
human_eval_AgentChatLogprobs_20260311_161129_929,HumanEval_133,2,0,413,-0.03882900879451376,0.0,0.18518922989302192,-2.0351181030273438,-0.030060374736785873,0.0,0.9732728359716365,1.0,0.13066504965477763,0.057131323243448634,-9.998146117168203e-11,1.3905802375402228,0.927360774818402,0.01937046004842615,1.0395927072412638,-16.036380632134183,-0.3862677021179257,-0.6891877122223378,-1.5341150164604187,22,3,0,0.053268765133171914,0.007263922518159807,0.0
human_eval_AgentChatLogprobs_20260311_161129_929,HumanEval_134,0,0,587,-0.04893351646178234,0.0,0.20935436877282437,-1.839672565460205,-0.044823938608169536,-0.000695808616001159,0.9671041208796597,1.0,0.15886943693235508,0.07960850933209485,9.907965028645863e-08,1.5438341407769958,0.9267461669505963,0.027257240204429302,1.0501505306961703,-28.72397416306623,-0.4781994423989592,-0.8393526704146944,-1.5337924242019654,41,9,1,0.06984667802385008,0.015332197614991482,0.0017035775127768314
human_eval_AgentChatLogprobs_20260311_161129_929,HumanEval_134,1,0,454,-0.05543476439002549,0.0,0.2604250908893338,-2.7768046855926514,-0.04869755618274206,-0.00016863577548065223,0.9660361683037783,1.0,0.06223705695902789,0.07981965824831673,1.0483917262183794e-09,1.3365342674028584,0.9229074889867841,0.02643171806167401,1.0570000607795365,-25.167383033071573,-0.5437673330307007,-0.9824113114313646,-2.2120584845542908,32,6,0,0.07048458149779736,0.013215859030837005,0.0
human_eval_AgentChatLogprobs_20260311_161129_929,HumanEval_134,2,0,373,-0.06000375900513663,0.0,0.2699497308283483,-2.247692584991455,-0.039048752188682555,-0.0001044327873387374,0.9639216403787284,1.0,0.10564270511181748,0.083563013753593,6.733373659998817e-09,1.350332495103084,0.9276139410187667,0.032171581769437,1.0618405380018943,-22.381402108915964,-0.5932888333257791,-1.083288989133305,-2.0879844427108765,31,6,0,0.08310991957104558,0.0160857908847185,0.0
human_eval_AgentChatLogprobs_20260311_161129_929,HumanEval_135,0,0,287,-0.051712142911298505,0.0,0.20993324202362693,-1.7046129703521729,-0.04327829778194425,-4.9055828640121035e-05,0.9648504586824546,1.0,0.18184275109375012,0.06659426720191011,1.712255190364897e-10,1.5038015699212481,0.9198606271777003,0.0313588850174216,1.053072564476883,-14.84138501554267,-0.5195019710808992,-0.8807481037718909,-1.6032724976539612,17,3,1,0.059233449477351915,0.010452961672473868,0.003484320557491289
human_eval_AgentChatLogprobs_20260311_161129_929,HumanEval_135,1,1,319,-0.04936053495183545,0.0,0.24502499839978104,-2.578889846801758,-0.035052262246608734,-5.13209197379183e-05,0.9692667101537391,1.0,0.07585817148650026,0.05810534579053983,4.021143466366866e-10,1.5207855600703726,0.9278996865203761,0.0219435736677116,1.0505990601484858,-15.746010649635508,-0.4980378117292158,-0.8763019283612569,-2.206671873728434,18,3,1,0.05642633228840126,0.009404388714733543,0.003134796238244514
human_eval_AgentChatLogprobs_20260311_161129_929,HumanEval_135,2,1,306,-0.027204870549498064,0.0,0.17056899831174493,-2.0596840381622314,-0.005586381768807769,-2.5033982637978625e-06,0.9824122565321729,1.0,0.12749424684803462,0.033188554115602086,-9.640948494878743e-11,0.8650580353451298,0.954248366013072,0.016339869281045753,1.0275783017315616,-8.324690388146408,-0.2761356219338874,-0.5303575212756793,-1.5019229253133137,9,0,0,0.029411764705882353,0.0,0.0
human_eval_AgentChatLogprobs_20260311_161129_929,HumanEval_136,0,1,359,-0.06956076517854282,0.0,0.3061752132163193,-3.7445828914642334,-0.052731402963399884,-7.754865146125667e-05,0.9581708763846035,1.0,0.023645489726646166,0.07895103893218756,-9.612252211415564e-11,1.2399915179564829,0.9108635097493036,0.036211699164345405,1.0720372017575814,-24.97231469909687,-0.6908753220524106,-1.1861098829437704,-2.5905209382375083,27,7,0,0.07520891364902507,0.019498607242339833,0.0
human_eval_AgentChatLogprobs_20260311_161129_929,HumanEval_136,1,1,460,-0.03748414540535048,0.0,0.23930194067692875,-2.969371795654297,-0.0029299464542418717,0.0,0.9788884435804326,1.0,0.05133554941972588,0.03738020334056041,-9.980762661311734e-11,1.1979375168121498,0.95,0.017391304347826087,1.038195536781937,-17.24270688646122,-0.3743881290150887,-0.724289487561454,-2.284060060977936,15,3,0,0.03260869565217391,0.006521739130434782,0.0
human_eval_AgentChatLogprobs_20260311_161129_929,HumanEval_136,2,1,460,-0.053649320461788795,0.0,0.2721221902839515,-3.3250699043273926,-0.015907308645546406,0.0,0.9684013691612116,1.0,0.03597000420659146,0.057137826457568555,-9.989828301521812e-11,1.567225452618749,0.9326086956521739,0.030434782608695653,1.0551145301943319,-24.678687412422846,-0.534041299039255,-0.9708449464777241,-2.423139661550522,25,4,1,0.05434782608695652,0.008695652173913044,0.002173913043478261
human_eval_AgentChatLogprobs_20260311_161129_929,HumanEval_137,0,1,389,-0.07926915623677958,0.0,0.2754725375217884,-2.200690269470215,-0.13835922479629517,-0.0008840294904075563,0.948557986747501,1.0,0.11072670071613827,0.0934066288635741,5.408591156608375e-10,1.2093907812434366,0.884318766066838,0.04884318766066838,1.0824956433167763,-30.835701776107257,-0.7554811776468628,-1.17195136923539,-1.8001370429992676,33,6,0,0.08483290488431877,0.015424164524421594,0.0
human_eval_AgentChatLogprobs_20260311_161129_929,HumanEval_137,1,0,297,-0.07182908635356282,0.0,0.3151864977183214,-3.0504720211029053,-0.078889861702919,-0.0021823598071932793,0.9578409033426074,1.0,0.047336575254464434,0.08745387247297953,4.839631763767576e-08,1.3157883657997984,0.9090909090909091,0.030303030303030304,1.074471686495536,-21.33323864700816,-0.6951597176235298,-1.2285744122096471,-2.8694212436676025,22,6,0,0.07407407407407407,0.020202020202020204,0.0
human_eval_AgentChatLogprobs_20260311_161129_929,HumanEval_137,2,1,405,-0.05272104254102155,0.0,0.2425602401229765,-3.100781202316284,-0.06329862922430032,-0.00024041443248279393,0.9658608604100372,1.0,0.04501402359496974,0.0705709618489445,6.759700123959179e-10,1.2851548245513857,0.9135802469135802,0.022222222222222223,1.0541355451274823,-21.35202222911373,-0.51563302539289,-0.8752724200487136,-1.916457176208496,27,5,0,0.06666666666666667,0.012345679012345678,0.0
human_eval_AgentChatLogprobs_20260311_161129_929,HumanEval_138,0,1,404,-0.08151252198877768,0.0,0.35855813371929973,-3.461238145828247,-0.1297507174313068,-0.00048388382856501266,0.9549133566150364,1.0,0.03139087147069483,0.08329032831793777,-5.36734483039813e-11,1.5588619047489862,0.8886138613861386,0.03217821782178218,1.0849268029401926,-32.93105888346618,-0.7863141998648644,-1.339048720896244,-2.8426971435546875,29,5,1,0.07178217821782178,0.012376237623762377,0.0024752475247524753
human_eval_AgentChatLogprobs_20260311_161129_929,HumanEval_138,1,0,263,-0.05933315490787852,0.0,0.23513942723967243,-2.060669183731079,-0.060476832091808305,-0.0019299223204143345,0.9602562082610017,1.0,0.12736870830272257,0.07783319202500724,5.320632780014506e-10,1.1130697499122086,0.908745247148289,0.034220532319391636,1.0611287020931905,-15.604619740772051,-0.56852578285795,-0.9312783823563502,-1.9260634779930115,19,3,0,0.07224334600760456,0.011406844106463879,0.0
human_eval_AgentChatLogprobs_20260311_161129_929,HumanEval_138,2,1,332,-0.04047357622730612,0.0,0.16336723661218408,-1.7931549549102783,-0.05646760538220405,-0.0002755766690825112,0.969867282984828,1.0,0.16643424792585929,0.06728853730714132,3.3113795890080075e-11,1.2297267827444769,0.9186746987951807,0.024096385542168676,1.0413037941642247,-13.437227307465633,-0.38243591740275873,-0.6550893150269985,-1.238177239894867,20,2,0,0.060240963855421686,0.006024096385542169,0.0
human_eval_AgentChatLogprobs_20260311_161129_929,HumanEval_139,0,1,345,-0.05350204757815294,0.0,0.26796852701233853,-2.9693658351898193,-0.023348385095596315,-8.583106136939023e-06,0.9684699758353738,1.0,0.051335855404356534,0.05311763807891374,-8.189942715935631e-11,1.0166791347519981,0.936231884057971,0.02608695652173913,1.0549591518766914,-18.458206414462765,-0.5358070679666365,-0.9769517516388613,-2.2240888675053916,18,1,0,0.05217391304347826,0.002898550724637681,0.0
human_eval_AgentChatLogprobs_20260311_161129_929,HumanEval_13,0,1,123,-0.030863822180042074,0.0,0.16438256013992414,-1.2283252477645874,-0.0003028927712875881,0.0,0.9794141658676482,1.0,0.2927825054680411,0.03574374205180919,-9.98063655568624e-11,1.1295987015515963,0.959349593495935,0.024390243902439025,1.0313450480029902,-3.796250128145175,-0.31630504727945663,-0.6244841404259205,-1.2283252477645874,4,1,0,0.032520325203252036,0.008130081300813009,0.0
human_eval_AgentChatLogprobs_20260311_161129_929,HumanEval_13,1,1,135,-0.023250253836275193,0.0,0.1476275820602838,-1.5328991413116455,-6.890534132253379e-05,0.0,0.9843970995978591,1.0,0.21590880893202832,0.030673530716397186,-9.99000757312209e-11,0.9965333966371956,0.9629629629629629,0.007407407407407408,1.023522647968992,-3.138784267897151,-0.24142651160386427,-0.5102448171625534,-1.5328991413116455,4,0,0,0.02962962962962963,0.0,0.0
human_eval_AgentChatLogprobs_20260311_161129_929,HumanEval_13,2,1,106,-0.00894862347479938,0.0,0.052203871594233585,-0.43513768911361694,-5.7520201153238304e-05,0.0,0.9922983247083501,1.0,0.6471755519149838,0.02269109928266392,-9.996318077538889e-11,0.9965333966371956,0.9716981132075472,0.0,1.0089887821046173,-0.9485540883287342,-0.09483148295403225,-0.18692332431674002,-0.43513768911361694,2,0,0,0.018867924528301886,0.0,0.0
human_eval_AgentChatLogprobs_20260311_161129_929,HumanEval_14,0,1,93,-0.0057947572715639824,0.0,0.03932442540858519,-0.36088407039642334,-9.536744300930864e-08,0.0,0.9949150014079269,1.0,0.6970598036496322,0.013525099748903806,-9.987826508280615e-11,0.613334986713954,0.978494623655914,0.0,1.0058115793550821,-0.5389124262554503,-0.05987914522734962,-0.13466502272058278,-0.36088407039642334,1,0,0,0.010752688172043012,0.0,0.0
human_eval_AgentChatLogprobs_20260311_161129_929,HumanEval_14,1,1,93,-0.005812810589146717,0.0,0.03934679530154592,-0.36088407039642334,-9.536744300930864e-08,0.0,0.9948979064256375,1.0,0.6970598036496322,0.013568261372370875,-9.987826508280615e-11,0.613334986713954,0.978494623655914,0.0,1.0058297377548617,-0.5405913847906447,-0.06006569617570455,-0.13508476235438138,-0.36088407039642334,1,0,0,0.010752688172043012,0.0,0.0
human_eval_AgentChatLogprobs_20260311_161129_929,HumanEval_14,2,1,93,-0.005811910735879243,0.0,0.039346945268725494,-0.36088407039642334,-9.536744300930864e-08,0.0,0.9948988069016257,1.0,0.6970598036496322,0.01356053691388982,-9.991953305550149e-11,0.6133349865369206,0.978494623655914,0.0,1.005828832656093,-0.5405076984367696,-0.06005639769194065,-0.1350849299924448,-0.36088407039642334,1,0,0,0.010752688172043012,0.0,0.0
human_eval_AgentChatLogprobs_20260311_161129_929,HumanEval_15,0,1,84,-0.00711047635413192,0.0,0.04351183075598909,-0.36088407039642334,-2.6941347357478637e-06,0.0,0.9937658500682064,1.0,0.6970598036496322,0.01626674977095967,-9.998114654741468e-11,0.6133349859734026,0.9761904761904762,0.0,1.0071358158140629,-0.5972800137470813,-0.07465943547339293,-0.14899691950995475,-0.36088407039642334,1,0,0,0.011904761904761904,0.0,0.0
human_eval_AgentChatLogprobs_20260311_161129_929,HumanEval_15,1,1,84,-0.019113544220410176,0.0,0.16311072381958633,-1.5019290447235107,-8.34465126331451e-08,0.0,0.9895690335564192,1.0,0.2227001469810028,0.011541307325282402,-9.998826446292242e-11,0.5303042547766702,0.9880952380952381,0.011904761904761904,1.019297377373198,-1.6055377145144547,-0.20069219941314387,-0.4013110925152432,-1.5019290447235107,1,0,0,0.011904761904761904,0.0,0.0
human_eval_AgentChatLogprobs_20260311_161129_929,HumanEval_15,2,1,84,-0.006324733769892431,0.0,0.03446741916673842,-0.25192904472351074,-2.6583719403561165e-06,0.0,0.9942477474520046,1.0,0.77729988964086,0.016939066317383508,-9.998100974035535e-11,0.5303042547766702,0.9761904761904762,0.0,1.0063447771325522,-0.5312776366709642,-0.06640916814120601,-0.13254347920883447,-0.25192904472351074,1,0,0,0.011904761904761904,0.0,0.0
human_eval_AgentChatLogprobs_20260311_161129_929,HumanEval_16,0,1,200,-0.057456278898260466,0.0,0.26912359547823883,-2.5885226726531982,-0.07889474183320999,-0.0029802880017086864,0.9647137037674858,1.0,0.07513095114790418,0.07281427233576981,9.54984036906695e-09,1.1901046305546743,0.93,0.025,1.059138962920073,-11.491255779652093,-0.5377724193036556,-0.9559452295303345,-2.3283454179763794,11,1,0,0.055,0.005,0.0
human_eval_AgentChatLogprobs_20260311_161129_929,HumanEval_16,1,0,200,-0.10830798310580021,-1.1920930376163597e-07,0.3805517754866071,-2.8601174354553223,-0.17701896131038658,-0.003841032099444419,0.937604969007171,0.9999998807907033,0.05726203527741358,0.10122567851163619,1.4408807605161138e-06,1.054302564134478,0.875,0.065,1.114390906112242,-21.661596621160044,-1.0075452715158462,-1.5398138642311097,-2.5881954431533813,19,4,0,0.095,0.02,0.0
human_eval_AgentChatLogprobs_20260311_161129_929,HumanEval_16,2,1,125,-0.006526174942539228,0.0,0.03724971048389498,-0.36089688539505005,-0.00040306122391484665,0.0,0.9941221895880964,1.0,0.6970508708864425,0.017866658711532153,-9.844593352682385e-11,0.6134747095862954,0.984,0.0,1.00654751682392,-0.8157718678174035,-0.06789473561608854,-0.12807379414637884,-0.36089688539505005,2,0,0,0.016,0.0,0.0
human_eval_AgentChatLogprobs_20260311_161129_929,HumanEval_17,0,1,154,-0.03374014311751986,0.0,0.17585128159582386,-1.8460625410079956,-0.020887493249028916,-8.940697782122697e-08,0.9769220264135943,1.0,0.15785750167908635,0.0420553341311096,-4.939280774124706e-11,0.6958340785760229,0.948051948051948,0.01948051948051948,1.034315797724999,-5.195982040098059,-0.3429125217099985,-0.6577127150126866,-1.8460625410079956,6,0,0,0.03896103896103896,0.0,0.0
human_eval_AgentChatLogprobs_20260311_161129_929,HumanEval_17,1,1,390,-0.05902645301502466,0.0,0.25455322290514276,-2.772876739501953,-0.052703899890184404,-3.2186563316827232e-06,0.9626681652454799,1.0,0.06248200151317613,0.0628055686544932,-9.248269642860928e-11,1.06969990953279,0.9230769230769231,0.035897435897435895,1.0608033018146885,-23.02031667585962,-0.579175128768652,-1.0204517747226514,-2.0623388290405273,24,3,0,0.06153846153846154,0.007692307692307693,0.0
human_eval_AgentChatLogprobs_20260311_161129_929,HumanEval_17,2,1,173,-0.0758015360654584,0.0,0.34210174009382827,-3.103890895843506,-0.07904800325632096,-3.695494797284482e-06,0.9577463337483517,1.0,0.0448742611988989,0.06580234239308373,9.500560100049171e-10,0.9889390059171701,0.9017341040462428,0.03468208092485549,1.0787484602472408,-13.113665739324304,-0.7504388054504114,-1.3490194529294968,-3.103890895843506,11,0,0,0.06358381502890173,0.0,0.0
human_eval_AgentChatLogprobs_20260311_161129_929,HumanEval_18,0,1,328,-0.10278348775368386,0.0,0.3450965922775965,-3.391394853591919,-0.2565771341323852,-0.010177551070228219,0.9363615982749064,1.0,0.0336616910073585,0.11284406505191855,1.4118329214461493e-06,1.4086187924848605,0.8597560975609756,0.054878048780487805,1.1082514330908133,-33.712983983208304,-0.9287515077739954,-1.4130341336131096,-2.5130573511123657,37,4,0,0.11280487804878049,0.012195121951219513,0.0
human_eval_AgentChatLogprobs_20260311_161129_929,HumanEval_18,1,1,319,-0.11242439421461259,0.0,0.3824166923835368,-2.876615524291992,-0.2555189847946167,-0.006552553735673428,0.9339536810326818,1.0,0.05632507144108901,0.11253097420867442,3.466958818862183e-07,1.0946660104298058,0.8557993730407524,0.05642633228840126,1.1189876517742507,-35.863381754461415,-1.0197735967174653,-1.621722904841105,-2.652296543121338,39,2,0,0.12225705329153605,0.006269592476489028,0.0
human_eval_AgentChatLogprobs_20260311_161129_929,HumanEval_18,2,1,401,-0.07507151451423237,0.0,0.28391343078125086,-2.5817365646362305,-0.1730089634656906,-0.003047934267669916,0.9513038192156459,1.0,0.07564253175519875,0.09008407745821867,2.9243606559101412e-08,1.196232813494233,0.885286783042394,0.04239401496259352,1.077961238002472,-30.103677320207183,-0.6897271294146776,-1.078815397620201,-2.3930065631866455,35,2,0,0.08728179551122195,0.004987531172069825,0.0
human_eval_AgentChatLogprobs_20260311_161129_929,HumanEval_19,0,0,381,-0.03410837170135256,0.0,0.18803225789019506,-2.5351552963256836,-0.015388568863272667,-1.2993897144042421e-05,0.9773255063216324,1.0,0.07924941116668832,0.04590340817007979,-9.77135006479293e-11,1.0172890155512435,0.9448818897637795,0.015748031496062992,1.0346967324976626,-12.995289618215324,-0.3378744712099433,-0.6201106011867523,-1.7853280703226726,16,1,0,0.04199475065616798,0.0026246719160104987,0.0
human_eval_AgentChatLogprobs_20260311_161129_929,HumanEval_19,1,0,386,-0.04867865053510996,0.0,0.24584824892318102,-2.662261724472046,-0.03599822521209717,-4.181355598120717e-05,0.9697118050887021,1.0,0.06979019691143894,0.058894318042606336,-9.620810063906892e-11,1.332146504032211,0.9145077720207254,0.02072538860103627,1.0498829172122468,-18.789959106552445,-0.484456901977721,-0.8341634759777471,-2.3543268839518228,24,1,0,0.06217616580310881,0.0025906735751295338,0.0
human_eval_AgentChatLogprobs_20260311_161129_929,HumanEval_19,2,0,309,-0.053694838666354175,0.0,0.2065824010392214,-1.849905252456665,-0.07170547693967819,-8.046950824791566e-05,0.9625068310510796,1.0,0.1572520648546457,0.06809480417245524,1.192366810392443e-10,0.8497887371999978,0.9061488673139159,0.03559870550161812,1.0551625582064232,-16.59170514790344,-0.5326473919053872,-0.8593371053536732,-1.5153518517812092,24,0,0,0.07766990291262135,0.0,0.0
human_eval_AgentChatLogprobs_20260311_161129_929,HumanEval_1,0,0,449,-0.06918243040974796,0.0,0.26449095584497234,-3.403451919555664,-0.1441463142633438,-0.0012722356477752328,0.9541143344284434,1.0,0.033258266722272556,0.08968927950681452,5.509441483650906e-08,1.30910025437404,0.8864142538975501,0.0400890868596882,1.0716316895252405,-31.062911253976836,-0.6482794877480377,-1.0469015619971536,-1.9199160039424896,40,6,0,0.08908685968819599,0.013363028953229399,0.0
human_eval_AgentChatLogprobs_20260311_161129_929,HumanEval_1,1,0,408,-0.06635451415729286,0.0,0.23466143997006053,-1.6720658540725708,-0.07921843454241753,-0.0019399703887756914,0.9547838883074938,1.0,0.18785857609106935,0.08650866354325956,5.16977268712129e-07,1.2440046924901489,0.9068627450980392,0.04411764705882353,1.0686054857958809,-27.072641776175487,-0.6336449831724167,-1.001777422428131,-1.587481826543808,33,3,0,0.08088235294117647,0.007352941176470588,0.0
human_eval_AgentChatLogprobs_20260311_161129_929,HumanEval_1,2,1,436,-0.10574976632584313,0.0,0.34660922022318436,-2.579227924346924,-0.24112646281719208,-0.0036632411065511405,0.9351414187424053,1.0,0.07583252987677379,0.11346905885603083,8.318497796088803e-08,1.2440043569180592,0.8532110091743119,0.05504587155963303,1.1115436960398763,-46.106898118067605,-0.9559428608694742,-1.4663655757904053,-2.342574328184128,42,4,0,0.0963302752293578,0.009174311926605505,0.0
human_eval_AgentChatLogprobs_20260311_161129_929,HumanEval_20,0,0,417,-0.06612846726958646,0.0,0.29816757980923736,-2.972334861755371,-0.10076102614402768,-0.00036460848059505224,0.9603636494209954,1.0,0.051183663927962725,0.07512320685195437,-2.6719123984713157e-11,1.211361602799448,0.8992805755395683,0.02158273381294964,1.0683639581509454,-27.575570851417552,-0.6383961798941217,-1.0942746490240096,-2.479684889316559,28,5,0,0.0671462829736211,0.011990407673860911,0.0
human_eval_AgentChatLogprobs_20260311_161129_929,HumanEval_20,1,0,371,-0.07032134931642867,0.0,0.3203744504183164,-2.969364643096924,-0.035062387585639954,-4.09492331527872e-05,0.9599872510617381,1.0,0.051335916601501524,0.0649340522044317,-9.274614149106778e-11,1.1925343415175846,0.9164420485175202,0.03234501347708895,1.072852886407543,-26.089220596395037,-0.6911341976877805,-1.220968754755126,-2.74127197265625,22,3,0,0.05929919137466307,0.008086253369272238,0.0
human_eval_AgentChatLogprobs_20260311_161129_929,HumanEval_20,2,1,423,-0.04081866805419039,0.0,0.1894641998816034,-1.8526335954666138,-0.023245861008763313,-9.394146036356688e-05,0.9722568850393261,1.0,0.15682361203161033,0.05523994096652037,-9.297884260545406e-11,1.3026394465096247,0.9432624113475178,0.02364066193853428,1.0416632016036125,-17.266296586922536,-0.4029552586199272,-0.7378235743159339,-1.5302832424640656,21,3,0,0.04964539007092199,0.0070921985815602835,0.0
human_eval_AgentChatLogprobs_20260311_161129_929,HumanEval_21,0,1,312,-0.045546041906486895,0.0,0.22535959610783285,-2.4487059116363525,-0.0358338251709938,-1.3262121683510486e-05,0.9708734265501376,1.0,0.08640533031310683,0.058958601367181986,-9.754196384696657e-11,1.2527477239558398,0.9262820512820513,0.022435897435897436,1.0465991909267234,-14.210365074823912,-0.44778493875938075,-0.8182181398073832,-1.8841660817464192,15,2,0,0.04807692307692308,0.00641025641025641,0.0
human_eval_AgentChatLogprobs_20260311_161129_929,HumanEval_21,1,1,322,-0.05871678585926068,0.0,0.23840686591975246,-2.202054023742676,-0.0789005234837532,-0.0003453648023423739,0.9612492562602148,1.0,0.11057579962435293,0.07496333460277535,-7.137847052089034e-11,1.2953574408760353,0.9037267080745341,0.027950310559006212,1.0604748567303426,-18.90680504668194,-0.5681785219348967,-0.9374510198831558,-1.7974899212519329,25,3,0,0.07763975155279502,0.009316770186335404,0.0
human_eval_AgentChatLogprobs_20260311_161129_929,HumanEval_21,2,1,318,-0.06824340153442407,0.0,0.3054486700974098,-2.9168946743011475,-0.08893854320049277,-0.00025162286328850314,0.9593562742160363,1.0,0.054101429277504595,0.07559393572646186,-6.533005731938348e-11,1.3757118921925602,0.89937106918239,0.031446540880503145,1.0706258687463506,-21.701401687946856,-0.6686516743033163,-1.1642048239707947,-2.6989134152730307,22,3,0,0.06918238993710692,0.009433962264150943,0.0
human_eval_AgentChatLogprobs_20260311_161129_929,HumanEval_22,0,1,196,-0.041810477967933836,0.0,0.1410502467721395,-1.1942172050476074,-0.0928121842443943,-0.0002621160601847805,0.9668821435304542,1.0,0.3029410020773893,0.07235290292700977,3.2120893393951225e-10,0.7819650387885899,0.9030612244897959,0.01020408163265306,1.0426968459983919,-8.194853681715031,-0.4003109096696502,-0.5862323045730591,-1.1942172050476074,15,0,0,0.07653061224489796,0.0,0.0
human_eval_AgentChatLogprobs_20260311_161129_929,HumanEval_22,1,1,243,-0.08035045167256348,0.0,0.3403298209065311,-3.0502731800079346,-0.11915943324565886,-0.0019306389731355011,0.9539446950921525,1.0,0.0473459886467738,0.08565282893531827,2.8904466212906114e-08,1.3986951271194663,0.8888888888888888,0.03292181069958848,1.0836667739701586,-19.525159756432927,-0.7654532374193271,-1.3234692265590031,-2.8146926164627075,16,4,0,0.06584362139917696,0.01646090534979424,0.0
human_eval_AgentChatLogprobs_20260311_161129_929,HumanEval_22,2,1,227,-0.05158528568040805,0.0,0.2016776529034447,-1.687708854675293,-0.08912350386381146,-0.0019317138940095901,0.9636152762524862,1.0,0.18494276971128035,0.08319680367034792,1.9460576557733227e-08,1.5747801228366445,0.9030837004405287,0.02643171806167401,1.052938983080489,-11.709859849452627,-0.4944073754278096,-0.8137314942750064,-1.600882112979889,14,2,1,0.06167400881057269,0.00881057268722467,0.004405286343612335
human_eval_AgentChatLogprobs_20260311_161129_929,HumanEval_23,0,1,47,-0.0032466667835526573,0.0,0.015118961959362779,-0.07888972759246826,-6.914143881431292e-07,0.0,0.9968699534669457,1.0,0.9241418261705818,0.013060202567138964,-9.77393320804794e-11,0.3250728335290662,1.0,0.0,1.0032519429145557,-0.1525933388269749,-0.038147857869262225,-0.07482381910085678,-0.07888972759246826,0,0,0,0.0,0.0,0.0
human_eval_AgentChatLogprobs_20260311_161129_929,HumanEval_23,1,1,47,-0.0032466667835526573,0.0,0.015118961959362779,-0.07888972759246826,-6.914143881431292e-07,0.0,0.9968699534669457,1.0,0.9241418261705818,0.013060202567138964,-9.77393320804794e-11,0.3250728335290662,1.0,0.0,1.0032519429145557,-0.1525933388269749,-0.038147857869262225,-0.07482381910085678,-0.07888972759246826,0,0,0,0.0,0.0,0.0
human_eval_AgentChatLogprobs_20260311_161129_929,HumanEval_23,2,1,47,-0.0028004366104634653,0.0,0.01431684626473812,-0.09362196177244186,-9.298333765173073e-07,0.0,0.997302976087381,1.0,0.9106269489765538,0.012205724306733303,-9.774177096160642e-11,0.4035698634850206,1.0,0.0,1.0028043614960107,-0.13162052069178287,-0.032904504323596484,-0.0643371120095253,-0.09362196177244186,0,0,0,0.0,0.0,0.0
human_eval_AgentChatLogprobs_20260311_161129_929,HumanEval_24,0,0,345,-0.08243662773316388,0.0,0.2786566884715909,-2.1565186977386475,-0.2048344284296036,-0.007679129019379616,0.9453633350745844,1.0,0.11572730229379555,0.11299463712549583,8.38761888552024e-07,1.230568839458093,0.8666666666666667,0.043478260869565216,1.085929853422003,-28.44063656794154,-0.73604665652794,-1.1429999488241531,-1.9277883768081665,38,5,0,0.11014492753623188,0.014492753623188406,0.0
human_eval_AgentChatLogprobs_20260311_161129_929,HumanEval_24,1,0,203,-0.030301108142520527,0.0,0.12802798176570668,-0.9916567206382751,-0.021838169917464234,-1.4662849935120903e-05,0.9766312874643646,1.0,0.37096160190543187,0.061145996097720985,-8.29248341219937e-11,1.2444882738985188,0.9408866995073891,0.014778325123152709,1.0307648589225302,-6.151124952931667,-0.30071093179285524,-0.5373871698975563,-0.8825075030326843,9,5,0,0.04433497536945813,0.024630541871921183,0.0
human_eval_AgentChatLogprobs_20260311_161129_929,HumanEval_24,2,0,202,-0.03642943556403463,0.0,0.17667661662285736,-1.580041766166687,-0.016294533200562,-1.895445802801987e-05,0.9751237672025749,1.0,0.20596649559424876,0.055504514897827525,-6.114292349862055e-11,1.3288206510629323,0.9455445544554455,0.024752475247524754,1.0371011189801498,-7.358745983934995,-0.3614280196838081,-0.6682683780789376,-1.2916207909584045,9,3,0,0.04455445544554455,0.01485148514851485,0.0
human_eval_AgentChatLogprobs_20260311_161129_929,HumanEval_25,0,1,422,-0.04521374481149373,0.0,0.20726042979556275,-1.856431484222412,-0.040532196685671804,-9.954474444384687e-05,0.9700009072974036,1.0,0.1562291429770504,0.057082980578198224,-8.103191635581786e-11,1.059339449062873,0.9265402843601895,0.02132701421800948,1.046251466833009,-19.08020031045035,-0.4403832261228845,-0.7904275499639057,-1.6137828528881073,20,1,0,0.04739336492890995,0.002369668246445498,0.0
human_eval_AgentChatLogprobs_20260311_161129_929,HumanEval_25,1,1,508,-0.0899706754717145,0.0,0.36717436648407925,-2.9693665504455566,-0.12446258142590522,-0.0012718775542452931,0.9502970217562084,1.0,0.05133581868610456,0.08144976947905648,8.573047547941035e-10,1.2289620769264185,0.8937007874015748,0.03740157480314961,1.0941421980309296,-45.705103139630964,-0.8707571816444397,-1.4825769138336182,-2.581240701675415,38,5,0,0.07480314960629922,0.00984251968503937,0.0
human_eval_AgentChatLogprobs_20260311_161129_929,HumanEval_25,2,1,417,-0.08405496082544092,0.0,0.3239418909901626,-3.7444281578063965,-0.11750960499048232,-0.0008386312983930111,0.9492751718459593,1.0,0.023649148762843644,0.09219667568318868,-5.3305166056255974e-11,1.4593847197104346,0.8848920863309353,0.050359712230215826,1.0876886724333295,-35.050918664208865,-0.8136431376745061,-1.315787896513939,-2.2476329803466797,33,9,0,0.07913669064748201,0.02158273381294964,0.0
human_eval_AgentChatLogprobs_20260311_161129_929,HumanEval_26,0,0,261,-0.09070240604423911,0.0,0.3027765378126119,-3.0612525939941406,-0.18165139853954315,-0.010168880224227905,0.940188540450686,1.0,0.04682900074240615,0.11771204407738228,1.9435229360936434e-08,1.212945187898211,0.8352490421455939,0.04597701149425287,1.0949431083174535,-23.673327977546407,-0.7781941615618192,-1.182992779291593,-2.4885162711143494,26,2,0,0.09961685823754789,0.007662835249042145,0.0
human_eval_AgentChatLogprobs_20260311_161129_929,HumanEval_26,1,0,306,-0.08070210574962029,0.0,0.26028679161139817,-2.5789270401000977,-0.25192970037460327,-0.008487434475682676,0.9440164721491666,1.0,0.07585535012336488,0.10980228576582883,3.072206678027919e-07,1.335982702725031,0.8627450980392157,0.042483660130718956,1.0840479168206871,-24.694844359383808,-0.700396153330803,-1.0272377689679464,-1.8720591862996419,32,2,0,0.10457516339869281,0.006535947712418301,0.0
human_eval_AgentChatLogprobs_20260311_161129_929,HumanEval_26,2,0,268,-0.10189510500471366,0.0,0.3636517882918899,-2.503110408782959,-0.1782126098871231,-0.0029891273006796837,0.9403991771191889,1.0,0.0818300773833852,0.10126249250913177,2.2989483801192014e-08,1.1958278410627718,0.8656716417910447,0.04477611940298507,1.1072673188359212,-27.307888141263263,-0.9580409578405894,-1.523855108481187,-2.4404367208480835,23,4,0,0.08582089552238806,0.014925373134328358,0.0
human_eval_AgentChatLogprobs_20260311_161129_929,HumanEval_27,0,1,68,-0.03728168229150592,0.0,0.19842726358802665,-1.5029581785202026,-4.899527891666364e-06,0.0,0.976595210423334,1.0,0.22247107662545643,0.029380139005271633,-9.907576480430832e-11,0.672016689316069,0.9558823529411765,0.014705882352941176,1.0379853617578436,-2.5351543958224028,-0.4225232689641416,-0.8385626475016276,-1.5029581785202026,3,0,0,0.04411764705882353,0.0,0.0
human_eval_AgentChatLogprobs_20260311_161129_929,HumanEval_27,1,1,68,-0.03728168229150592,0.0,0.19842726358802665,-1.5029581785202026,-4.899527891666364e-06,0.0,0.976595210423334,1.0,0.22247107662545643,0.029380139005271633,-9.907576480430832e-11,0.672016689316069,0.9558823529411765,0.014705882352941176,1.0379853617578436,-2.5351543958224028,-0.4225232689641416,-0.8385626475016276,-1.5029581785202026,3,0,0,0.04411764705882353,0.0,0.0
human_eval_AgentChatLogprobs_20260311_161129_929,HumanEval_27,2,1,53,-0.024473914878182578,0.0,0.13392520076249614,-0.9230337142944336,-1.0514327038890768e-05,0.0,0.9826647765145268,1.0,0.3973118801894378,0.025792997713158124,-9.839337270466626e-11,0.672016689316069,0.9622641509433962,0.018867924528301886,1.0247758593554228,-1.2971174885436767,-0.25942058898508547,-0.6419591456651688,-0.9230337142944336,2,0,0,0.03773584905660377,0.0,0.0
human_eval_AgentChatLogprobs_20260311_161129_929,HumanEval_28,0,1,62,-0.0012368956634515925,0.0,0.009551642013895426,-0.0758330449461937,-1.0728837338547231e-07,0.0,0.9988083358313732,1.0,0.9269709561267686,0.005479996983966309,-7.908772127745236e-11,0.33277467575555203,1.0,0.0,1.0012376609343803,-0.07668753113399873,-0.012781235320782494,-0.025560086450241215,-0.0758330449461937,0,0,0,0.0,0.0,0.0
human_eval_AgentChatLogprobs_20260311_161129_929,HumanEval_28,1,1,62,-0.0012368956634515925,0.0,0.009551642013895426,-0.0758330449461937,-1.0728837338547231e-07,0.0,0.9988083358313732,1.0,0.9269709561267686,0.005479996983966309,-7.908772127745236e-11,0.33277467575555203,1.0,0.0,1.0012376609343803,-0.07668753113399873,-0.012781235320782494,-0.025560086450241215,-0.0758330449461937,0,0,0,0.0,0.0,0.0
human_eval_AgentChatLogprobs_20260311_161129_929,HumanEval_28,2,1,62,-0.0012368956634515925,0.0,0.009551642013895426,-0.0758330449461937,-1.0728837338547231e-07,0.0,0.9988083358313732,1.0,0.9269709561267686,0.005479996983966309,-7.908772127745236e-11,0.33277467575555203,1.0,0.0,1.0012376609343803,-0.07668753113399873,-0.012781235320782494,-0.025560086450241215,-0.0758330449461937,0,0,0,0.0,0.0,0.0
human_eval_AgentChatLogprobs_20260311_161129_929,HumanEval_29,0,1,99,-0.0007086702576687588,0.0,0.0069875605207876685,-0.06988177448511124,0.0,0.0,0.9993154292283323,1.0,0.9325040591618037,0.0031493955673601946,-9.997010903061404e-11,0.30892860582724485,1.0,0.0,1.0007089214237637,-0.07015835550920713,-0.007795372834356347,-0.01753476087742456,-0.06988177448511124,0,0,0,0.0,0.0,0.0
human_eval_AgentChatLogprobs_20260311_161129_929,HumanEval_29,1,1,99,-0.0009002737464141266,0.0,0.008843071890780669,-0.08844047784805298,0.0,0.0,0.9991380921867642,1.0,0.9153575931682721,0.003822691915805826,-9.997689692384024e-11,0.37227317507902014,1.0,0.0,1.0009006791144617,-0.08912710089499853,-0.009903011210555392,-0.022276947223872412,-0.08844047784805298,0,0,0,0.0,0.0,0.0
human_eval_AgentChatLogprobs_20260311_161129_929,HumanEval_29,2,1,99,-0.0008961319077994835,0.0,0.008843331603213034,-0.08844047784805298,0.0,0.0,0.999142232602135,1.0,0.9153575931682721,0.0037892397012165104,-9.997010903061404e-11,0.37227317507902014,1.0,0.0,1.0008965335539646,-0.08871705887214887,-0.009857450985794318,-0.022174436718159996,-0.08844047784805298,0,0,0,0.0,0.0,0.0
human_eval_AgentChatLogprobs_20260311_161129_929,HumanEval_2,0,0,325,-0.06311676708820715,0.0,0.2360780019077845,-1.8418112993240356,-0.07891492247581482,-0.00036460848059505224,0.9574332314275382,1.0,0.15853002057766538,0.08002933240600195,1.5012763375454313e-08,1.4770122980749656,0.9107692307692308,0.033846153846153845,1.06515120657505,-20.512949303667327,-0.6099778057541698,-0.9610057510435581,-1.6941207647323608,26,3,0,0.08,0.009230769230769232,0.0
human_eval_AgentChatLogprobs_20260311_161129_929,HumanEval_2,1,1,204,-0.09310749042374007,0.0,0.3525682093814558,-3.008582830429077,-0.14489801004528993,-0.000492381674121134,0.9462192152340902,1.0,0.04936158294904621,0.08602705479392793,4.898789665480407e-08,1.4280868785286043,0.8970588235294118,0.05392156862745098,1.097579708235413,-18.993928046442974,-0.9072257272899151,-1.460375964641571,-2.532306671142578,18,1,0,0.08823529411764706,0.004901960784313725,0.0
human_eval_AgentChatLogprobs_20260311_161129_929,HumanEval_2,2,1,203,-0.08266211919596653,0.0,0.32117927872123836,-2.579071283340454,-0.07894932627677917,-0.0001509900248493068,0.950563406984449,1.0,0.07584440929095423,0.07890092414117318,3.797374659844244e-09,1.132165158866929,0.9014778325123153,0.03940886699507389,1.0861747489430391,-16.780410196781204,-0.8102728299796581,-1.2746478378772736,-2.3920377492904663,16,2,0,0.07881773399014778,0.009852216748768473,0.0
human_eval_AgentChatLogprobs_20260311_161129_929,HumanEval_30,0,1,224,-0.058350420753660766,0.0,0.26224096169692585,-2.2066540718078613,-0.05858390480279921,-0.0001090824789571343,0.9639332967286577,1.0,0.11006831375581357,0.06737065663097863,-9.984050151487256e-11,1.1232400698885645,0.9107142857142857,0.026785714285714284,1.0600864069090454,-13.070494248820012,-0.5745112709701061,-0.9905110028657046,-2.0565474033355713,12,2,0,0.05357142857142857,0.008928571428571428,0.0
human_eval_AgentChatLogprobs_20260311_161129_929,HumanEval_30,1,1,226,-0.05749556367084933,0.0,0.25481463125594916,-2.2066540718078613,-0.07890598475933075,-6.675943586742505e-05,0.964045694672356,1.0,0.11006831375581357,0.06812585044519241,-9.964412132356393e-11,1.0899443187996427,0.915929203539823,0.02654867256637168,1.059180571770663,-12.993997389611948,-0.5683767538179051,-0.9880184802142057,-2.0235231518745422,11,2,0,0.048672566371681415,0.008849557522123894,0.0
human_eval_AgentChatLogprobs_20260311_161129_929,HumanEval_30,2,1,224,-0.062176883430426856,0.0,0.24904449079160748,-2.0625956058502197,-0.07633968964219093,-7.781700878695119e-05,0.9597968365969117,1.0,0.12712357859321752,0.0738301172654443,-9.963665362436671e-11,1.1867140081501506,0.9196428571428571,0.026785714285714284,1.0641505586828883,-13.927621888415615,-0.613535669378259,-1.0047412595965646,-1.799926519393921,18,4,0,0.08035714285714286,0.017857142857142856,0.0
human_eval_AgentChatLogprobs_20260311_161129_929,HumanEval_31,0,1,406,-0.0662780787303916,0.0,0.2724922707317277,-2.969364643096924,-0.08884906396269798,-0.00020346657402114943,0.9579998789816597,1.0,0.051335916601501524,0.07929704767391894,-8.49225312694727e-11,1.322779839494059,0.9039408866995073,0.034482758620689655,1.0685238096009024,-26.90889996453899,-0.6398480236530304,-1.0703312829136848,-2.1306663751602173,28,5,0,0.06896551724137931,0.012315270935960592,0.0
human_eval_AgentChatLogprobs_20260311_161129_929,HumanEval_31,1,1,324,-0.056240093757510476,0.0,0.25393580048813447,-2.0842249393463135,-0.05098533965647211,-1.4007101754032192e-06,0.9652728547890267,1.0,0.12440350307006644,0.06355911800464385,-9.903331529196042e-11,1.3877083534297008,0.9290123456790124,0.027777777777777776,1.0578516368234894,-18.221790377433393,-0.5606192278210074,-0.9907858241349459,-1.9585070610046387,18,5,0,0.05555555555555555,0.015432098765432098,0.0
human_eval_AgentChatLogprobs_20260311_161129_929,HumanEval_31,2,1,327,-0.04283964962935918,0.0,0.22436196598182628,-3.0601089000701904,-0.058451405912637706,-3.0994465305411723e-06,0.9721637573660211,1.0,0.04688258942470374,0.06048785700020956,-9.892884185938127e-11,1.1822936086348046,0.9235474006116208,0.01529051987767584,1.0437705124425216,-14.008565428800452,-0.4219162941444665,-0.7313614655286074,-1.9549618164698284,17,2,0,0.05198776758409786,0.0061162079510703364,0.0
human_eval_AgentChatLogprobs_20260311_161129_929,HumanEval_32,0,0,645,-0.07992588984006846,0.0,0.2935553928224561,-2.2989635467529297,-0.11735129952430726,-0.0005732033168897033,0.9502771765127122,1.0,0.10036281119633339,0.08978405185953628,1.2099310958835174e-10,1.3656161538259262,0.896124031007752,0.04806201550387597,1.0832067880719252,-51.55219894684416,-0.765556653495878,-1.2530781887471676,-1.9631429115931194,54,8,0,0.08372093023255814,0.012403100775193798,0.0
human_eval_AgentChatLogprobs_20260311_161129_929,HumanEval_32,1,0,547,-0.07406184023907536,0.0,0.33521674152921915,-2.969444990158081,-0.07888972759246826,-0.000132927543745609,0.9583427402016415,1.0,0.0513317920771697,0.07456096482659355,-8.184297592882021e-11,1.445633247163223,0.9049360146252285,0.03290676416819013,1.0768733975455227,-40.51182661077422,-0.7281060828654854,-1.2432793897611123,-2.7061903953552244,39,6,0,0.0712979890310786,0.010968921389396709,0.0
human_eval_AgentChatLogprobs_20260311_161129_929,HumanEval_32,2,0,614,-0.07581110176110761,0.0,0.3207771738294448,-2.98974347114563,-0.06625133678317068,-6.971006405365188e-05,0.9560719064301566,1.0,0.05030033855689929,0.07423225051170912,-7.305795099214937e-11,1.1693814407068968,0.9104234527687296,0.04071661237785016,1.0787587792760478,-46.548016481320076,-0.74544700161844,-1.2813670575618743,-2.493875563144684,44,10,0,0.07166123778501629,0.016286644951140065,0.0
human_eval_AgentChatLogprobs_20260311_161129_929,HumanEval_33,0,1,354,-0.0596438611731399,0.0,0.30213072218575643,-3.215602159500122,-0.0527004636824131,-8.583106136939023e-06,0.9661488875547878,1.0,0.040131161186503506,0.05852875984549953,-9.900283349794341e-11,1.3285678114322221,0.9124293785310734,0.025423728813559324,1.0614584526543094,-21.113926855291524,-0.592707156922136,-1.0767457783222198,-2.671495040257772,16,4,0,0.04519774011299435,0.011299435028248588,0.0
human_eval_AgentChatLogprobs_20260311_161129_929,HumanEval_33,1,1,377,-0.05458671572628948,0.0,0.24543458936960574,-3.036844491958618,-0.07971317619085312,-3.707477662828751e-05,0.9641930808522904,1.0,0.04798607127487226,0.07640759192854112,-9.350526617670875e-11,1.3032545811187197,0.9071618037135278,0.01856763925729443,1.0561040532731074,-20.579191828811133,-0.5283384995686041,-0.8897150059541067,-2.32790199915568,23,5,0,0.0610079575596817,0.013262599469496022,0.0
human_eval_AgentChatLogprobs_20260311_161129_929,HumanEval_33,2,1,382,-0.05660468929838433,0.0,0.22600219686182796,-1.7725982666015625,-0.038988626748323436,-0.00010058792031486519,0.9624062984374736,1.0,0.16989099276985384,0.06891508724674598,-9.633395776966943e-11,1.286807084002701,0.9214659685863874,0.03926701570680628,1.0582373951317876,-21.622991311982815,-0.5555733197221631,-0.9551222669450861,-1.6097240050633748,25,7,0,0.06544502617801047,0.01832460732984293,0.0
human_eval_AgentChatLogprobs_20260311_161129_929,HumanEval_34,0,1,206,-0.11978039521480051,0.0,0.4181448289961551,-2.971085548400879,-0.2549298107624054,-0.009514115750789642,0.9334397454947606,1.0,0.05124764832279709,0.1090016916883625,1.4223890682336185e-07,1.1177159718355956,0.8689320388349514,0.05339805825242718,1.1272492750609606,-24.674761414248906,-1.1072285264730453,-1.7953240990638732,-2.8961894512176514,21,1,0,0.10194174757281553,0.0048543689320388345,0.0
human_eval_AgentChatLogprobs_20260311_161129_929,HumanEval_34,1,1,92,-0.025845521391966,0.0,0.10185141056515357,-0.6982042193412781,-5.2094604143349e-06,0.0,0.9788630007400075,1.0,0.4974778632560128,0.046359136260388685,-9.999998635538549e-11,0.8410896611467585,0.9347826086956522,0.010869565217391304,1.0261824129978387,-2.377787968060872,-0.2641976829506045,-0.4406260550022125,-0.6982042193412781,6,0,0,0.06521739130434782,0.0,0.0
human_eval_AgentChatLogprobs_20260311_161129_929,HumanEval_34,2,1,99,-0.0540174098739816,0.0,0.22514880922008362,-1.5022157430648804,-2.0647553174057932e-05,0.0,0.9649296185502484,1.0,0.2226363083698898,0.05321055581381704,-9.999978209228269e-11,1.0778794332450927,0.9292929292929293,0.04040404040404041,1.0555029781689547,-5.347723577524178,-0.5941816007252783,-1.0586998164653778,-1.5022157430648804,6,1,0,0.06060606060606061,0.010101010101010102,0.0
human_eval_AgentChatLogprobs_20260311_161129_929,HumanEval_35,0,1,174,-0.06475601537058158,0.0,0.30593356717075654,-2.6347098350524902,-0.07113674879074094,-0.00015853112199692987,0.9622023564946875,1.0,0.07173978275909103,0.06988635665152075,-4.54642349166295e-12,1.0614268919566705,0.9195402298850575,0.028735632183908046,1.0668986857457023,-11.267546674481196,-0.6321854034767431,-1.1365065090358257,-2.6347098350524902,11,1,0,0.06321839080459771,0.005747126436781609,0.0
human_eval_AgentChatLogprobs_20260311_161129_929,HumanEval_35,1,1,133,-0.022904804052738068,0.0,0.14775626693446117,-1.5019524097442627,-7.46253272154717e-06,0.0,0.9847948645046811,1.0,0.22269494364823533,0.02440400859250778,-9.999991035533104e-11,0.7473571054103413,0.9699248120300752,0.015037593984962405,1.0231691333560946,-3.046338939014163,-0.2343326733127749,-0.5016991024216017,-1.5019524097442627,4,0,0,0.03007518796992481,0.0,0.0
human_eval_AgentChatLogprobs_20260311_161129_929,HumanEval_35,2,1,133,-0.02710446135159977,0.0,0.22948350302862558,-2.600402355194092,-4.792226650351944e-06,0.0,0.9865991098945408,1.0,0.07424369986561304,0.01835741966068667,-9.999995577836007e-11,0.674127965456774,0.9774436090225563,0.007518796992481203,1.0274751285983594,-3.6048933597627695,-0.2772987831253536,-0.6002355925738811,-2.600402355194092,2,0,0,0.015037593984962405,0.0,0.0
human_eval_AgentChatLogprobs_20260311_161129_929,HumanEval_36,0,1,257,-0.03382199087352205,0.0,0.14620491146954379,-1.2584246397018433,-0.02350258529186249,-8.583106136939023e-06,0.9748643816623259,1.0,0.2841012359570535,0.05067582331068925,-9.33201454177013e-11,1.0835786271920553,0.9455252918287937,0.019455252918287938,1.0344004576166042,-8.692251654495166,-0.33996336817741396,-0.6288230108718077,-1.0907458662986755,12,1,0,0.04669260700389105,0.0038910505836575876,0.0
human_eval_AgentChatLogprobs_20260311_161129_929,HumanEval_36,1,1,271,-0.05772929562352578,0.0,0.27749781412632035,-2.969364643096924,-0.06687629222869873,-2.4855458832462318e-05,0.9654628893553666,1.0,0.051335916601501524,0.06546953735957436,-9.480850665027245e-11,1.4588650200561946,0.922509225092251,0.025830258302583026,1.0594281650480428,-15.644639113975487,-0.5629153224053206,-1.022575855255127,-2.5240700244903564,15,2,0,0.055350553505535055,0.007380073800738007,0.0
human_eval_AgentChatLogprobs_20260311_161129_929,HumanEval_36,2,1,297,-0.0692892542396764,0.0,0.324952949007447,-2.969364643096924,-0.05189335122704506,-6.890534132253379e-05,0.9618628642364137,1.0,0.051335916601501524,0.056676744952722256,-5.835216613034277e-11,1.0294235054679912,0.9225589225589226,0.037037037037037035,1.0717461714411778,-20.57890850918389,-0.6899839945394417,-1.2920422894614083,-2.585883378982544,14,1,0,0.04713804713804714,0.003367003367003367,0.0
human_eval_AgentChatLogprobs_20260311_161129_929,HumanEval_37,0,1,316,-0.0822709239156075,0.0,0.3349160325754469,-2.57934308052063,-0.11735182255506516,-0.0002396691925241612,0.952316769902274,1.0,0.07582379779557691,0.07626012102971833,1.025478575209115e-10,0.9921037462340413,0.8955696202531646,0.04113924050632911,1.0857499256074672,-25.99761195733197,-0.8063522132654344,-1.358755604426066,-2.511775175730387,26,0,0,0.08227848101265822,0.0,0.0
human_eval_AgentChatLogprobs_20260311_161129_929,HumanEval_37,1,1,308,-0.03852682524034117,0.0,0.17141042807645887,-2.0456740856170654,-0.03522664234042167,-1.9848544070555363e-05,0.9722299248774963,1.0,0.12929300604019447,0.05927630983065625,-9.213695540503742e-11,1.1806230423903026,0.922077922077922,0.022727272727272728,1.0392786068824693,-11.866262174025081,-0.3849203041444222,-0.6531236430009206,-1.2870310544967651,16,3,0,0.05194805194805195,0.00974025974025974,0.0
human_eval_AgentChatLogprobs_20260311_161129_929,HumanEval_37,2,1,296,-0.06766987252450127,0.0,0.2917960668488296,-2.578889846801758,-0.04400463588535786,-0.00024041443248279393,0.9598051709885413,1.0,0.07585817148650026,0.06658689913471441,-4.717743086110332e-11,1.2827130479932523,0.9155405405405406,0.04054054054054054,1.0700120098016337,-20.030282267252375,-0.6737557491608734,-1.220388378415789,-2.424106240272522,17,2,0,0.057432432432432436,0.006756756756756757,0.0
human_eval_AgentChatLogprobs_20260311_161129_929,HumanEval_38,0,0,312,-0.07198277383954942,0.0,0.2834893665407211,-3.1313068866729736,-0.17075454294681547,-0.0067726768320426345,0.953090765499801,1.0,0.0436607003638577,0.09650072537811565,3.1362592637942727e-07,1.0247938017993352,0.8782051282051282,0.035256410256410256,1.0746368320378736,-22.458625437939418,-0.6463409013325169,-1.063287127017975,-2.4169928630193076,26,1,0,0.08333333333333333,0.003205128205128205,0.0
human_eval_AgentChatLogprobs_20260311_161129_929,HumanEval_38,1,0,332,-0.06988470067210849,0.0,0.28140079801805223,-2.9683315753936768,-0.12594927251338958,-0.00127193724620156,0.9550915882661782,1.0,0.051388977481981075,0.09325364972209131,4.12826070733951e-09,1.3276252243241649,0.8825301204819277,0.03313253012048193,1.0723845289104128,-23.20172062314002,-0.6476157867547238,-1.0612361449748278,-2.466269095738729,26,5,0,0.0783132530120482,0.015060240963855422,0.0
human_eval_AgentChatLogprobs_20260311_161129_929,HumanEval_38,2,0,433,-0.08173813275741604,0.0,0.3537308670464027,-3.336444854736328,-0.1153417497873306,-0.00012195853923913091,0.954188078893359,1.0,0.03556316546450234,0.0788072110646723,-5.833608624641326e-11,1.2508073137854896,0.8960739030023095,0.03464203233256351,1.085171601723703,-35.39261148396115,-0.7862567407793777,-1.3632627697218032,-2.880388379096985,28,3,0,0.06466512702078522,0.006928406466512702,0.0
human_eval_AgentChatLogprobs_20260311_161129_929,HumanEval_39,0,1,415,-0.03216349619880217,0.0,0.16351293592829416,-1.5022356510162354,-0.014250760525464996,-2.2649791162621113e-06,0.9776916196468208,1.0,0.22263187618121097,0.04637951353934461,-9.204714637595055e-11,1.3652343124523718,0.9518072289156626,0.016867469879518072,1.032686331793301,-13.3478509225029,-0.32152207888571954,-0.6100939311087131,-1.366773098707199,18,3,0,0.043373493975903614,0.007228915662650603,0.0
human_eval_AgentChatLogprobs_20260311_161129_929,HumanEval_39,1,1,400,-0.04753076611987229,0.0,0.2272062270816191,-2.4433412551879883,-0.0566806305199861,-5.96048255374626e-06,0.9692563742198527,1.0,0.08687011080469458,0.06318685283780466,-9.118188039320864e-11,1.3652343124523718,0.9275,0.0225,1.0486784643923177,-19.012306447948916,-0.46358670722693207,-0.8132508754730224,-1.9893451631069183,23,3,0,0.0575,0.0075,0.0
human_eval_AgentChatLogprobs_20260311_161129_929,HumanEval_39,2,1,422,-0.037578406552730106,0.0,0.1776243522425197,-1.8398511409759521,-0.05152466483414171,-4.378057565190829e-05,0.9738568397974949,1.0,0.15884106927367847,0.055669272038911394,-7.409824883144621e-11,1.368060934996539,0.9407582938388626,0.018957345971563982,1.0382934028968522,-15.858087565252106,-0.36499963390330475,-0.6482456141994113,-1.4605900645256042,16,3,0,0.037914691943127965,0.0071090047393364926,0.0
human_eval_AgentChatLogprobs_20260311_161129_929,HumanEval_3,0,1,238,-0.06149647801213019,0.0,0.27927790766189137,-2.2009670734405518,-0.03610879071056842,-8.702659579284955e-05,0.9634827648382284,1.0,0.11069605536733053,0.06102416700338364,-9.710641127184866e-11,1.3890606407646948,0.9243697478991597,0.037815126050420166,1.063426751146086,-14.636161766886985,-0.620521508967099,-1.150570739399303,-2.200823664665222,12,2,0,0.05042016806722689,0.008403361344537815,0.0
human_eval_AgentChatLogprobs_20260311_161129_929,HumanEval_3,1,1,286,-0.05006807301133438,0.0,0.20146630052303385,-1.839672565460205,-0.05753581412136555,-0.0005084858130430803,0.9650114271999243,1.0,0.15886943693235508,0.06979384078602223,-6.476780063025057e-11,1.4254058771223739,0.916083916083916,0.024475524475524476,1.0513426620010993,-14.319468881241633,-0.4929497832698481,-0.7930270241839545,-1.6844767928123474,21,1,0,0.07342657342657342,0.0034965034965034965,0.0
human_eval_AgentChatLogprobs_20260311_161129_929,HumanEval_3,2,1,287,-0.07272460576922062,0.0,0.3122830598303298,-2.578890085220337,-0.053196650743484494,-0.00010699606355046853,0.9578567312701014,1.0,0.07585815340050496,0.0676868503865441,-8.065419471073922e-11,1.1323082288368325,0.9094076655052264,0.03484320557491289,1.0754343277199878,-20.871961855766315,-0.7254834606179169,-1.2396750684295381,-2.3897851705551147,18,1,0,0.0627177700348432,0.003484320557491289,0.0
human_eval_AgentChatLogprobs_20260311_161129_929,HumanEval_40,0,1,369,-0.04669622835892971,0.0,0.20054856528027287,-1.989777684211731,-0.05270021334290505,-6.890534132253379e-05,0.9679103783522424,1.0,0.13672581837507342,0.06699055658384241,-6.998352243159903e-11,1.1977865303550324,0.9214092140921409,0.018970189701897018,1.0478036676909066,-17.230908264445063,-0.46411619231932694,-0.7926500456200706,-1.5911273956298828,23,4,0,0.06233062330623306,0.01084010840108401,0.0
human_eval_AgentChatLogprobs_20260311_161129_929,HumanEval_40,1,1,389,-0.06962075938464664,0.0,0.2858179968257032,-2.5794854164123535,-0.0677965030074119,-6.890534132253379e-05,0.9573070798872477,1.0,0.07581300611574371,0.07668938247946946,-4.6999060155964885e-11,1.3027061673472973,0.9048843187660668,0.038560411311053984,1.0721015197077477,-27.082475400627544,-0.6957519440666625,-1.1537439948634098,-2.3047069708506265,29,6,0,0.07455012853470437,0.015424164524421594,0.0
human_eval_AgentChatLogprobs_20260311_161129_929,HumanEval_40,2,1,472,-0.058543151823849546,0.0,0.2561507258197856,-2.4128644466400146,-0.051999223977327334,-0.0001789193629520014,0.9630666837739247,1.0,0.0895583915716153,0.07110332065374224,6.265905525492472e-10,1.2797669543592334,0.913135593220339,0.025423728813559324,1.060290738186602,-27.632367660856985,-0.5699883853184416,-0.994965047939964,-2.147822082042694,30,4,0,0.0635593220338983,0.00847457627118644,0.0
human_eval_AgentChatLogprobs_20260311_161129_929,HumanEval_41,0,1,267,-0.19312111175748692,-8.595359395258129e-05,0.4904641862094761,-3.7696280479431152,-0.7114236950874329,-0.07889095693826675,0.8887722299424365,0.9999140500999517,0.023060639144385674,0.18585371704100687,0.0009484492094063565,1.5361100837096362,0.7752808988764045,0.10861423220973783,1.2130296967815448,-51.563336839249004,-1.5117585361003876,-1.968706149321336,-3.024120807647705,53,6,1,0.19850187265917604,0.02247191011235955,0.003745318352059925
human_eval_AgentChatLogprobs_20260311_161129_929,HumanEval_41,1,1,283,-0.1031340530462063,-1.2993897144042421e-05,0.325018480569034,-2.578890800476074,-0.26104364991188045,-0.009604813996702433,0.9345111303979462,0.9999870061872763,0.07585809914254492,0.12447249528861253,0.00015933796115163095,1.4339237091657917,0.8480565371024735,0.053003533568904596,1.1086400156864493,-29.186937012076385,-0.9046900996140071,-1.3898071220942907,-2.2686771154403687,36,5,0,0.127208480565371,0.0176678445229682,0.0
human_eval_AgentChatLogprobs_20260311_161129_929,HumanEval_41,2,1,246,-0.060058717421143874,0.0,0.23900617649038644,-2.581592321395874,-0.11735168844461441,-0.004536681575700641,0.9588761905167968,1.0,0.07565344346603922,0.09422075169068166,1.0385806812080283e-06,1.3046139268006156,0.8861788617886179,0.02032520325203252,1.0618988966795506,-14.774444485601393,-0.5488244270284971,-0.8679061556855837,-2.1524203419685364,19,4,0,0.07723577235772358,0.016260162601626018,0.0
human_eval_AgentChatLogprobs_20260311_161129_929,HumanEval_42,0,1,124,-0.0017376034483245779,0.0,0.019195118711785406,-0.21462014317512512,0.0,0.0,0.9984355285143746,1.0,0.8068478686437102,0.0058102928745337405,-1.0000000819435991e-10,0.7136375665325045,0.9919354838709677,0.0,1.0017391139559575,-0.21546282759224766,-0.017955235632687305,-0.03591045139715732,-0.21462014317512512,1,0,0,0.008064516129032258,0.0,0.0
human_eval_AgentChatLogprobs_20260311_161129_929,HumanEval_42,1,1,239,-0.05629581567356551,0.0,0.2594400507143412,-2.2641286849975586,-0.035758472979068756,-4.291543746148818e-06,0.9655282988583305,1.0,0.1039205426323993,0.057383457722606286,-9.95654620123937e-11,1.0563617965161873,0.9288702928870293,0.02510460251046025,1.0579105839859044,-13.454699945982156,-0.5764704213842101,-1.0470712374557147,-2.232407808303833,13,1,0,0.05439330543933055,0.0041841004184100415,0.0
human_eval_AgentChatLogprobs_20260311_161129_929,HumanEval_42,2,1,124,-0.0014625452769310655,0.0,0.016170088910865785,-0.18079666793346405,0.0,0.0,0.9986616633055052,1.0,0.8346050434122513,0.004998337818103855,-1.0000000819310371e-10,0.615009099774945,0.9919354838709677,0.0,1.0014636153178722,-0.18135561433945213,-0.01511296786162101,-0.030225895986807434,-0.18079666793346405,1,0,0,0.008064516129032258,0.0,0.0
human_eval_AgentChatLogprobs_20260311_161129_929,HumanEval_43,0,1,309,-0.05758242208863388,0.0,0.26471675962988395,-2.579127073287964,-0.022201223671436298,-1.1920930376163597e-07,0.9647673548589993,1.0,0.07584017805337234,0.057887144729601304,-9.935557466865345e-11,1.1588837999028747,0.9223300970873787,0.03559870550161812,1.0592725745148237,-17.79296842538787,-0.5874726669241984,-1.0098569651444753,-2.227862517038981,20,2,0,0.06472491909385113,0.006472491909385114,0.0
human_eval_AgentChatLogprobs_20260311_161129_929,HumanEval_43,1,1,317,-0.045525437080763925,0.0,0.20311427447738403,-2.600416660308838,-0.03507719039916992,-3.3736796467565e-05,0.9685430863463845,1.0,0.07424263780856373,0.057744582437598065,-8.80988530154149e-11,0.9495019723630693,0.917981072555205,0.028391167192429023,1.0465776261549624,-14.431563554602164,-0.456275945949939,-0.7796170651912689,-1.5067230463027954,19,0,0,0.05993690851735016,0.0,0.0
human_eval_AgentChatLogprobs_20260311_161129_929,HumanEval_43,2,1,322,-0.0654235674679706,0.0,0.3139999681161887,-2.6915695667266846,-0.035944671183824536,-7.510215482398053e-06,0.9636546555256119,1.0,0.06777447927791366,0.053847626997069194,-9.16700983037333e-11,0.8545811436633549,0.9192546583850931,0.031055900621118012,1.0676111339727705,-21.066388724686533,-0.6486441669985652,-1.1629456002265215,-2.50119415918986,17,0,0,0.052795031055900624,0.0,0.0
human_eval_AgentChatLogprobs_20260311_161129_929,HumanEval_44,0,0,352,-0.15066565473035357,-1.5497219578719523e-06,0.4201332095445375,-2.7947099208831787,-0.5108994662761688,-0.015384936705231667,0.9107873388708202,0.99999845027925,0.061132605052890907,0.1387241691050355,2.208527530530148e-05,1.2807980281159879,0.8153409090909091,0.08522727272727272,1.1626078806471458,-53.03431046508446,-1.2527163471494402,-1.7461250880185295,-2.59118382136027,49,7,0,0.13920454545454544,0.019886363636363636,0.0
human_eval_AgentChatLogprobs_20260311_161129_929,HumanEval_44,1,0,353,-0.10164908761801074,-7.152560215217818e-07,0.33178882484133126,-2.7048895359039307,-0.25713229179382324,-0.01441966649144888,0.9352217904592646,0.9999992847442343,0.06687771102447283,0.1262490781987383,1.253592884440461e-05,1.3902697678924838,0.830028328611898,0.0453257790368272,1.1069949453294428,-35.88212792915779,-0.8688139285360064,-1.3440628051757812,-2.543186902999878,41,8,0,0.11614730878186968,0.0226628895184136,0.0
human_eval_AgentChatLogprobs_20260311_161129_929,HumanEval_44,2,0,446,-0.105188743291633,0.0,0.34319844348188866,-2.6858341693878174,-0.25193722546100616,-0.006623289431445301,0.9346446329057359,1.0,0.06816430969355658,0.12180340897755144,7.3894882310171e-07,1.4164353022442433,0.852017937219731,0.06278026905829596,1.1109202693175944,-46.914179508068315,-0.9418916668404232,-1.3819573440335013,-2.4960936307907104,50,9,0,0.11210762331838565,0.020179372197309416,0.0
human_eval_AgentChatLogprobs_20260311_161129_929,HumanEval_45,0,1,56,-0.007652618335801061,0.0,0.055852315115407974,-0.4218393564224243,-3.576279254957626e-07,0.0,0.9937346982763142,1.0,0.6558393873169751,0.01865652967560427,-9.9987908770627e-11,0.9982293057045168,0.9821428571428571,0.0,1.0076819744554453,-0.42854662680485944,-0.08570918230980169,-0.2131356755271554,-0.4218393564224243,1,0,0,0.017857142857142856,0.0,0.0
human_eval_AgentChatLogprobs_20260311_161129_929,HumanEval_45,1,1,56,-0.007652618335801061,0.0,0.055852315115407974,-0.4218393564224243,-3.576279254957626e-07,0.0,0.9937346982763142,1.0,0.6558393873169751,0.01865652967560427,-9.9987908770627e-11,0.9982293057045168,0.9821428571428571,0.0,1.0076819744554453,-0.42854662680485944,-0.08570918230980169,-0.2131356755271554,-0.4218393564224243,1,0,0,0.017857142857142856,0.0,0.0
human_eval_AgentChatLogprobs_20260311_161129_929,HumanEval_45,2,1,56,-0.004328846992525115,0.0,0.03132746216666764,-0.23661746084690094,-2.9802326650951727e-07,0.0,0.9961340256347623,1.0,0.7892931658130873,0.013511132674183381,-9.998116751078838e-11,0.7166074488657559,0.9821428571428571,0.0,1.0043382299849615,-0.24241543158140644,-0.04848296710697468,-0.12052472773939371,-0.23661746084690094,1,0,0,0.017857142857142856,0.0,0.0
human_eval_AgentChatLogprobs_20260311_161129_929,HumanEval_46,0,1,446,-0.05111130855832492,0.0,0.258778328946729,-3.146883487701416,-0.035102853551506996,0.0,0.9688486007519013,1.0,0.04298588436762798,0.06224415838665522,-9.998898044872055e-11,1.2805776503979769,0.9260089686098655,0.020179372197309416,1.0524400323465168,-22.795643617012914,-0.5105354548008605,-0.9022966758771376,-2.2417693734169006,27,4,0,0.06053811659192825,0.008968609865470852,0.0
human_eval_AgentChatLogprobs_20260311_161129_929,HumanEval_46,1,1,505,-0.05698682465261036,0.0,0.2613555189552914,-2.5815961360931396,-0.02466228865087031,-8.344653679159819e-07,0.9650432704347498,1.0,0.07565315487160575,0.05897371027089798,-9.999287612322219e-11,1.181241964601582,0.9168316831683169,0.027722772277227723,1.0586418623293177,-28.778346449568232,-0.5703504483029246,-0.9972341239452363,-2.1283089876174928,29,4,0,0.05742574257425743,0.007920792079207921,0.0
human_eval_AgentChatLogprobs_20260311_161129_929,HumanEval_46,2,1,445,-0.02810003541498129,0.0,0.18096943183355668,-2.553299903869629,-0.0008400629973039031,0.0,0.9822109473318437,1.0,0.077824428672027,0.031774121598913636,-9.999980747372032e-11,1.082614249182814,0.9595505617977528,0.015730337078651686,1.0284985655562737,-12.504515759666674,-0.2840936472057365,-0.5551498352803967,-1.6363876461982727,13,1,0,0.029213483146067417,0.0022471910112359553,0.0
human_eval_AgentChatLogprobs_20260311_161129_929,HumanEval_47,0,1,231,-0.02640385843989382,0.0,0.13384829174941493,-1.2138210535049438,-0.011432121507823467,-1.5497220147153712e-06,0.9805429547697772,1.0,0.2970600258073282,0.042940045066199625,-9.851716868370897e-11,1.0496784318695689,0.9653679653679653,0.012987012987012988,1.026755528637906,-6.099291299615473,-0.2619871636852622,-0.49199834127317776,-1.2040178179740906,8,1,0,0.03463203463203463,0.004329004329004329,0.0
human_eval_AgentChatLogprobs_20260311_161129_929,HumanEval_47,1,1,291,-0.03648433255424226,0.0,0.1492182284874151,-1.1942408084869385,-0.053539473563432693,-9.298368240706623e-06,0.9726456724816894,1.0,0.30293385171221276,0.056379132997374015,-8.710041832980973e-11,0.9975015390246065,0.9381443298969072,0.024054982817869417,1.0371580542728964,-10.616940773284497,-0.3561823072618452,-0.6313881490911756,-1.0991618037223816,15,0,0,0.05154639175257732,0.0,0.0
human_eval_AgentChatLogprobs_20260311_161129_929,HumanEval_47,2,1,296,-0.06049915032000877,0.0,0.2795130503527147,-2.6883721351623535,-0.04475490562617779,-4.541977250482887e-05,0.9637554037445065,1.0,0.06799153035527619,0.06456294625453864,2.1051880967958646e-10,1.0281499203604454,0.918918918918919,0.02364864864864865,1.0623666948982176,-17.907748494722597,-0.6045101065317104,-1.0695313939026423,-2.4242242574691772,19,1,0,0.06418918918918919,0.0033783783783783786,0.0
human_eval_AgentChatLogprobs_20260311_161129_929,HumanEval_48,0,1,121,-0.018027679282946747,0.0,0.11228099438256248,-0.9882763624191284,-0.00011838183127110824,0.0,0.9869597223673358,1.0,0.37221770685165323,0.028091516895488035,-9.425951035097916e-11,1.3375980885201322,0.9669421487603306,0.01652892561983471,1.0181911588009358,-2.1813491932365565,-0.18174720951355994,-0.3611981561407447,-0.9882763624191284,4,1,0,0.03305785123966942,0.008264462809917356,0.0
human_eval_AgentChatLogprobs_20260311_161129_929,HumanEval_48,1,1,124,-0.020535546187526354,0.0,0.11459446601889302,-0.9718577861785889,-0.00010866529337363316,0.0,0.9847788639116296,1.0,0.3783794366475685,0.03318781157827225,-9.566396184702726e-11,1.317711378325463,0.9596774193548387,0.016129032258064516,1.020747851292867,-2.5464077272532677,-0.21217748656636104,-0.4230248074357708,-0.9718577861785889,5,1,0,0.04032258064516129,0.008064516129032258,0.0
human_eval_AgentChatLogprobs_20260311_161129_929,HumanEval_48,2,1,125,-0.015565255869025805,0.0,0.0965919971360774,-0.9718577861785889,-0.0001920067443279549,0.0,0.9881514138030512,1.0,0.3783794366475685,0.02973388563310217,-9.340352935389491e-11,1.317711378325463,0.968,0.008,1.0156870254352963,-1.9456569836282256,-0.1620975724023689,-0.3199951108545065,-0.9718577861785889,4,1,0,0.032,0.008,0.0
human_eval_AgentChatLogprobs_20260311_161129_929,HumanEval_49,0,1,423,-0.11084546542739984,0.0,0.37461333483518433,-3.0149688720703125,-0.2519352912902832,-0.007703964365646243,0.9341240299226335,1.0,0.04904736220609692,0.11587426469703227,2.8904464741984557e-08,1.5416009754324247,0.8605200945626478,0.05673758865248227,1.1172222440516317,-46.887631875790134,-0.9929431329170862,-1.5322629326865786,-2.71620512008667,46,8,1,0.10874704491725769,0.018912529550827423,0.002364066193853428
human_eval_AgentChatLogprobs_20260311_161129_929,HumanEval_49,1,1,251,-0.07007387463991353,0.0,0.2612479203822616,-2.147843599319458,-0.17371401190757751,-0.0002402951940894127,0.9541683225177117,1.0,0.11673561531475751,0.09381684551979354,-5.956105897647542e-11,1.3431657806912174,0.8924302788844621,0.03187250996015936,1.0725874153365695,-17.5885425346183,-0.6632674032449722,-1.0823064347108204,-1.8749266862869263,23,6,0,0.09163346613545817,0.02390438247011952,0.0
human_eval_AgentChatLogprobs_20260311_161129_929,HumanEval_49,2,1,244,-0.08654582928899168,0.0,0.3175513969114884,-2.527733087539673,-0.15912061035633085,-5.477825743582798e-05,0.9471482479801249,1.0,0.07983980514586794,0.08505413753373894,-5.7000562610601346e-11,1.1573634661182817,0.889344262295082,0.05327868852459016,1.0904013388907758,-21.11718234651397,-0.8421818322191635,-1.2521836857000987,-2.444398045539856,22,3,0,0.09016393442622951,0.012295081967213115,0.0
human_eval_AgentChatLogprobs_20260311_161129_929,HumanEval_4,0,1,296,-0.04673870156867403,0.0,0.2122693409387953,-2.388012170791626,-0.037895722314715385,-1.2993897144042421e-05,0.9685989558935901,1.0,0.09181200919522896,0.0634733236785072,-4.7573134636969846e-11,1.225552511595555,0.9290540540540541,0.02364864864864865,1.0478481722209738,-13.834655664327514,-0.4609843090433499,-0.8210153962884631,-1.9758964776992798,16,2,0,0.05405405405405406,0.006756756756756757,0.0
human_eval_AgentChatLogprobs_20260311_161129_929,HumanEval_4,1,1,272,-0.020014901541901803,0.0,0.12102374181335059,-1.5019643306732178,-0.006717592384666205,-2.682209370163946e-07,0.9853644156251474,1.0,0.22269228893345683,0.03415054842542598,-9.288892767788348e-11,0.9756536112117133,0.9632352941176471,0.011029411764705883,1.0202165427130439,-5.44405321939729,-0.1997349803266978,-0.38605600280257374,-1.2237324118614197,8,0,0,0.029411764705882353,0.0,0.0
human_eval_AgentChatLogprobs_20260311_161129_929,HumanEval_4,2,1,359,-0.06382701742438748,0.0,0.2571055764744146,-2.200744867324829,-0.08101076930761333,-1.3649557331518736e-05,0.95895065331189,1.0,0.1107206554408617,0.07322290850636365,1.1919031899386282e-10,1.2869413506882077,0.9080779944289693,0.027855153203342618,1.0659079993019331,-22.913899255355105,-0.6262278186423438,-1.0308516358627993,-1.9736220439275105,28,1,0,0.07799442896935933,0.002785515320334262,0.0
human_eval_AgentChatLogprobs_20260311_161129_929,HumanEval_50,0,1,295,-0.08210705567968667,0.0,0.3375397214492751,-2.9694488048553467,-0.11309047639369962,-0.0008406595443375409,0.9525948503376745,1.0,0.05133159626229632,0.09047206760155545,1.9519013914802804e-11,1.4906684007116673,0.8949152542372881,0.03728813559322034,1.0855720202594226,-24.221581425507566,-0.7907803968108934,-1.3689547351428442,-2.693031430244446,24,5,0,0.08135593220338982,0.01694915254237288,0.0
human_eval_AgentChatLogprobs_20260311_161129_929,HumanEval_50,1,1,310,-0.09280907116605787,0.0,0.3285290853486312,-2.5789315700531006,-0.1420032024383544,-0.0008478748495690525,0.9436230938760171,1.0,0.07585500650297208,0.09614470223156833,2.6625111038647095e-09,1.3201997839811286,0.8838709677419355,0.05161290322580645,1.0972522181807343,-28.77081206147794,-0.8758661968092765,-1.3538451512654623,-2.280345916748047,26,5,0,0.08387096774193549,0.016129032258064516,0.0
human_eval_AgentChatLogprobs_20260311_161129_929,HumanEval_50,2,0,217,-0.05272854119573531,0.0,0.2320010259710628,-2.7761452198028564,-0.07888972759246826,-0.002306675771251321,0.964142814922408,1.0,0.06227811370522171,0.08147922403184578,4.359885691754338e-08,1.0307816863845658,0.9262672811059908,0.018433179723502304,1.0541434497555937,-11.442093439474561,-0.49063188760053544,-0.8550111919641494,-1.88064843416214,15,1,0,0.06912442396313365,0.004608294930875576,0.0
human_eval_AgentChatLogprobs_20260311_161129_929,HumanEval_51,0,1,275,-0.05541171379403564,0.0,0.18510731065672043,-1.5071628093719482,-0.13254075050354003,-0.00031395845871884376,0.9587225901036738,1.0,0.22153763164403087,0.08561142732340962,6.14440810312677e-10,1.0866224126350386,0.8836363636363637,0.02909090909090909,1.0569756965789798,-15.2382212933598,-0.5109279735220803,-0.7844471656359159,-1.3513864874839783,22,1,0,0.08,0.0036363636363636364,0.0
human_eval_AgentChatLogprobs_20260311_161129_929,HumanEval_51,1,1,248,-0.08595603600640886,0.0,0.33539515971840067,-2.970196008682251,-0.12984369993209832,-0.00018874145825975575,0.948702891529946,1.0,0.051293255423122755,0.09143103053394888,2.922897356570263e-10,1.239955122417796,0.8911290322580645,0.04435483870967742,1.0897584171198866,-21.317096929589397,-0.8358573714892069,-1.3293517579634984,-2.7876904010772705,21,5,0,0.0846774193548387,0.020161290322580645,0.0
human_eval_AgentChatLogprobs_20260311_161129_929,HumanEval_51,2,1,274,-0.05340109167572357,0.0,0.20076605459912814,-2.2068309783935547,-0.12176434099674224,-0.0001503050789324334,0.9614859490727873,1.0,0.11004884366847811,0.08826878799727667,-5.611307590978315e-11,1.3094465832836204,0.8941605839416058,0.025547445255474453,1.0548526528994282,-14.631899119148258,-0.4991166381924241,-0.7947953962362729,-1.687080442905426,23,5,0,0.08394160583941605,0.01824817518248175,0.0
human_eval_AgentChatLogprobs_20260311_161129_929,HumanEval_52,0,1,103,-4.564909333820214e-05,0.0,0.0004145296551200311,-0.004222294315695763,0.0,0.0,0.9999544377442958,1.0,0.9957866070364987,0.00032555207101031764,-9.999965463806713e-11,0.028827502296696624,1.0,0.0,1.000045650135274,-0.0047018566138348206,-0.0004701856613834821,-0.000939298437879188,-0.004222294315695763,0,0,0,0.0,0.0,0.0
human_eval_AgentChatLogprobs_20260311_161129_929,HumanEval_52,1,1,103,-9.379763681901078e-05,0.0,0.0009032253439622412,-0.00921199843287468,0.0,0.0,0.9999066134081241,1.0,0.9908303020344248,0.0005759338633545681,-9.999977098372507e-11,0.05486803456057213,1.0,0.0,1.0000938020359549,-0.009661156592358111,-0.0009661156592358112,-0.0019311345917230938,-0.00921199843287468,0,0,0,0.0,0.0,0.0
human_eval_AgentChatLogprobs_20260311_161129_929,HumanEval_52,2,1,103,-0.00012121186343601926,0.0,0.0011649255642410823,-0.0118797542527318,0.0,0.0,0.9998794713035593,1.0,0.9881905314269686,0.0007257496854845658,-9.999940887611363e-11,0.06902465453706615,1.0,0.0,1.0001212192098907,-0.012484821933909984,-0.0012484821933909985,-0.002495653082587523,-0.0118797542527318,0,0,0,0.0,0.0,0.0
human_eval_AgentChatLogprobs_20260311_161129_929,HumanEval_53,0,1,59,-0.0007789133812645262,0.0,0.005806103750330621,-0.04499216005206108,-1.4305116451396306e-07,0.0,0.9992379909788496,1.0,0.9560049768329674,0.0036739493306925737,-9.999998906658632e-11,0.20830507250663197,1.0,0.0,1.0007792168130696,-0.04595588949460705,-0.009191106373339152,-0.022772572992835194,-0.04499216005206108,0,0,0,0.0,0.0,0.0
human_eval_AgentChatLogprobs_20260311_161129_929,HumanEval_53,1,1,59,-0.0007913060329962113,0.0,0.005900473456327255,-0.0457233265042305,-1.4305116451396306e-07,0.0,0.9992261478722867,1.0,0.9553062335457545,0.003699603200727704,-9.999997931243242e-11,0.2098168840710341,1.0,0.0,1.000791619198213,-0.04668705594677647,-0.009337339663773037,-0.023138156218919903,-0.0457233265042305,0,0,0,0.0,0.0,0.0
human_eval_AgentChatLogprobs_20260311_161129_929,HumanEval_53,2,1,59,-0.0007913060329962113,0.0,0.005900473456327255,-0.0457233265042305,-1.4305116451396306e-07,0.0,0.9992261478722867,1.0,0.9553062335457545,0.003699573255512949,-9.999998906658632e-11,0.2098168840710341,1.0,0.0,1.000791619198213,-0.04668705594677647,-0.009337339663773037,-0.023138156218919903,-0.0457233265042305,0,0,0,0.0,0.0,0.0
human_eval_AgentChatLogprobs_20260311_161129_929,HumanEval_54,0,0,192,-0.07439918054323469,0.0,0.2682827396966805,-2.034153461456299,-0.16813518330454819,-0.0008853817562339827,0.9511787525501111,1.0,0.13079115540720404,0.0890953991097212,6.413977833469673e-09,0.9710108458300227,0.8854166666666666,0.041666666666666664,1.0772367316251605,-14.28464266430106,-0.6993793931446577,-1.119440840350257,-2.034153461456299,18,0,0,0.09375,0.0,0.0
human_eval_AgentChatLogprobs_20260311_161129_929,HumanEval_54,1,1,245,-0.05710703512709524,0.0,0.215242421193478,-1.858731985092163,-0.14419410228729232,-0.00036460848059505224,0.960037998594669,1.0,0.1558701507869986,0.07651309830300708,-1.6163219371969466e-11,1.188926740529429,0.8979591836734694,0.024489795918367346,1.0587691298191872,-13.991223606138334,-0.5441605125864347,-0.8529598688085874,-1.7846016883850098,21,1,0,0.08571428571428572,0.004081632653061225,0.0
human_eval_AgentChatLogprobs_20260311_161129_929,HumanEval_54,2,1,238,-0.04876683041397665,0.0,0.22489041933571657,-2.578889846801758,-0.07889340445399284,-4.860882654611487e-05,0.9676260724632934,1.0,0.07585817148650026,0.06173968848109722,9.77837649545673e-11,1.1338913933824841,0.907563025210084,0.029411764705882353,1.0499754998426134,-11.606505638526443,-0.4785613158474798,-0.8346723453565077,-1.9700106978416443,13,1,0,0.0546218487394958,0.004201680672268907,0.0
human_eval_AgentChatLogprobs_20260311_161129_929,HumanEval_55,0,1,120,-0.01721666222977897,0.0,0.16798158414411915,-1.839672565460205,0.0,0.0,0.9912508446864764,1.0,0.15886943693235508,0.009390334814378886,-9.999915897372716e-11,0.5288110468549194,0.9833333333333333,0.008333333333333333,1.0173657231741924,-2.0659994675734765,-0.1721666222977897,-0.34433173460759764,-1.839672565460205,1,0,0,0.008333333333333333,0.0,0.0
human_eval_AgentChatLogprobs_20260311_161129_929,HumanEval_55,1,1,94,-0.005572900610148619,0.0,0.035008654635685824,-0.25192904472351074,-2.0265581639478105e-07,0.0,0.9950080280216533,1.0,0.77729988964086,0.01472853009512094,-9.999787111919508e-11,0.6654110708012415,0.9787234042553191,0.0,1.0055884581074561,-0.5238526573539701,-0.05820581108067321,-0.13062904181424528,-0.25192904472351074,2,0,0,0.02127659574468085,0.0,0.0
human_eval_AgentChatLogprobs_20260311_161129_929,HumanEval_55,2,1,94,-0.005572900610148619,0.0,0.035008654635685824,-0.25192904472351074,-2.0265581639478105e-07,0.0,0.9950080280216533,1.0,0.77729988964086,0.01472853009512094,-9.999787111919508e-11,0.6654110708012415,0.9787234042553191,0.0,1.0055884581074561,-0.5238526573539701,-0.05820581108067321,-0.13062904181424528,-0.25192904472351074,2,0,0,0.02127659574468085,0.0,0.0
human_eval_AgentChatLogprobs_20260311_161129_929,HumanEval_56,0,1,329,-0.06663698894732147,0.0,0.3035937088158853,-2.969374895095825,-0.060449893772602084,-0.0008386312983930111,0.9612641615370524,1.0,0.05133539030843871,0.07102316997444559,4.505903993482636e-08,1.3749607014072416,0.9240121580547113,0.030395136778115502,1.0689073825432074,-21.92356936366876,-0.656578799476847,-1.1652330290526152,-2.450707197189331,20,4,0,0.060790273556231005,0.0121580547112462,0.0
human_eval_AgentChatLogprobs_20260311_161129_929,HumanEval_56,1,1,357,-0.059237559695375606,0.0,0.25771136748438733,-2.730891227722168,-0.06332088783383366,-7.33163979020901e-05,0.9624354350354135,1.0,0.06516119032287437,0.06952143466097967,3.799002492340588e-09,1.2565967395727764,0.9159663865546218,0.03081232492997199,1.0610272681177995,-21.147808811249092,-0.5815966746636799,-1.015828903983621,-2.1675349871317544,23,3,0,0.06442577030812324,0.008403361344537815,0.0
human_eval_AgentChatLogprobs_20260311_161129_929,HumanEval_56,2,1,256,-0.06220204260790446,0.0,0.22979297050762582,-1.5152982473373413,-0.1089085191488266,-0.0013775325496681035,0.9577517669106679,1.0,0.21974263741706426,0.08689456913804132,5.2646172691919814e-09,1.2632995617877194,0.8984375,0.03515625,1.0641773321724552,-15.923722907623542,-0.5907975605130196,-1.0121308167775471,-1.508613646030426,19,6,0,0.07421875,0.0234375,0.0
human_eval_AgentChatLogprobs_20260311_161129_929,HumanEval_57,0,0,267,-0.06102753246557004,0.0,0.25707250683043076,-2.578889846801758,-0.087048602104187,-4.541977250482887e-05,0.9606480011919527,1.0,0.07585817148650026,0.07157483749005898,4.530873155239657e-11,0.9614796146324358,0.9026217228464419,0.0299625468164794,1.0629281788178164,-16.2943511683072,-0.5870743729174137,-0.9781917562851539,-2.226232945919037,19,0,0,0.07116104868913857,0.0,0.0
human_eval_AgentChatLogprobs_20260311_161129_929,HumanEval_57,1,1,182,-0.01698763712295602,0.0,0.13673000339477234,-1.529404640197754,-1.6689314179529902e-06,0.0,0.9894912335999577,1.0,0.2166646223315868,0.013892283333472668,-9.99944878771501e-11,0.671908833013713,0.9835164835164835,0.01098901098901099,1.0171327475604153,-3.0917499563779955,-0.1717635619510626,-0.3432642468509989,-1.529404640197754,3,0,0,0.016483516483516484,0.0,0.0
human_eval_AgentChatLogprobs_20260311_161129_929,HumanEval_57,2,0,341,-0.06050564879529992,0.0,0.24747030599516945,-2.5833263397216797,-0.11735101789236069,-0.0012739066733047366,0.959808573542775,1.0,0.07552237268107255,0.08473393953116089,3.082733489701997e-09,1.3022227752670186,0.8973607038123167,0.026392961876832845,1.0623735986843665,-20.632426239197272,-0.5481812544167042,-0.9042566891978768,-2.0410738786061606,21,3,0,0.06158357771260997,0.008797653958944282,0.0
human_eval_AgentChatLogprobs_20260311_161129_929,HumanEval_58,0,1,289,-0.0733810814575752,0.0,0.31429385033370083,-2.778892755508423,-0.08000685572624207,-0.0003656817425508052,0.9572920840060417,1.0,0.06210723721626348,0.06708343771357551,-4.884836252300631e-11,1.254398920626814,0.9100346020761245,0.03806228373702422,1.0761405559960417,-21.207132541239233,-0.7291366223778043,-1.250720432826451,-2.489789843559265,17,1,0,0.058823529411764705,0.0034602076124567475,0.0
human_eval_AgentChatLogprobs_20260311_161129_929,HumanEval_58,1,1,269,-0.07637821695684788,0.0,0.2973471960992597,-2.2113494873046875,-0.11735156774520875,-0.00015844170411583036,0.9534227959211753,1.0,0.10955270872690831,0.07136765474171863,-8.781052108724635e-11,1.0197341723747602,0.8921933085501859,0.040892193308550186,1.0793707332801195,-20.545740361392077,-0.7511845483229711,-1.2634998147304242,-2.2060182094573975,19,1,0,0.07063197026022305,0.0037174721189591076,0.0
human_eval_AgentChatLogprobs_20260311_161129_929,HumanEval_58,2,1,247,-0.07306338601436749,0.0,0.2811086267308148,-2.2748279571533203,-0.03842910826206207,-1.978893851628527e-05,0.9550372416178321,1.0,0.10281459542946025,0.06964492619416374,-9.98626301978801e-11,1.1489944881247474,0.9190283400809717,0.05668016194331984,1.0757987253470456,-18.04665634554877,-0.7408584399769703,-1.2061678171157837,-1.8885321021080017,19,5,0,0.07692307692307693,0.020242914979757085,0.0
human_eval_AgentChatLogprobs_20260311_161129_929,HumanEval_59,0,1,395,-0.09673555843126525,0.0,0.3328870153180784,-2.5788872241973877,-0.21705208718776686,-0.00046696608478669077,0.9408429678568516,1.0,0.07585837043273319,0.1023897205644326,3.7974040895787334e-09,1.403451734215566,0.8683544303797468,0.053164556962025315,1.101569034458074,-38.21054558034977,-0.9045600195725759,-1.401190415809029,-2.454341729482015,42,7,0,0.10632911392405063,0.017721518987341773,0.0
human_eval_AgentChatLogprobs_20260311_161129_929,HumanEval_59,1,1,391,-0.09530641766951585,0.0,0.3445593226184196,-2.9697282314300537,-0.17320796847343445,-0.003839047159999609,0.9425059776892448,1.0,0.05131725485395712,0.10839157867846619,1.3093244770601604e-08,1.460425483331007,0.8618925831202046,0.04092071611253197,1.0999958616594947,-37.2648093087807,-0.8609688660273185,-1.4098755152601945,-2.7111704349517822,33,9,0,0.08439897698209718,0.023017902813299233,0.0
human_eval_AgentChatLogprobs_20260311_161129_929,HumanEval_59,2,1,364,-0.10368793890805741,0.0,0.31388395429483235,-2.247952938079834,-0.26460503339767455,-0.010202090488746762,0.9327649819387372,1.0,0.10561520428739454,0.12354958673788927,7.686267049603522e-07,1.1782925075315855,0.8406593406593407,0.06593406593406594,1.1092542458080072,-37.7424097625329,-0.9057713134421242,-1.3140371441841125,-2.0235052506128945,46,5,0,0.12637362637362637,0.013736263736263736,0.0
human_eval_AgentChatLogprobs_20260311_161129_929,HumanEval_5,0,1,264,-0.055380173690985336,0.0,0.23091894716575423,-2.38132643699646,-0.09871881380677222,-0.00037982857611496,0.9629957309009991,1.0,0.09242789638267053,0.0737446394314999,2.510887936175213e-09,1.0996437297523844,0.9015151515151515,0.030303030303030304,1.0569423599823107,-14.620365854420129,-0.530332757303348,-0.8881988525390625,-1.9507355093955994,18,1,0,0.06818181818181818,0.003787878787878788,0.0
human_eval_AgentChatLogprobs_20260311_161129_929,HumanEval_5,1,1,216,-0.06433323628470136,0.0,0.2802232891287235,-3.0034351348876953,-0.09510833770036697,-2.9921979148639366e-05,0.9598590271681078,1.0,0.049616336483771645,0.07357919812023114,2.606973802413043e-10,1.1618119577326924,0.8981481481481481,0.027777777777777776,1.0664477186310655,-13.895979037495493,-0.6307315201986403,-1.0875194787979126,-2.3033909797668457,16,2,0,0.07407407407407407,0.009259259259259259,0.0
human_eval_AgentChatLogprobs_20260311_161129_929,HumanEval_5,2,1,280,-0.09547757254559894,0.0,0.30493039433301244,-2.6569511890411377,-0.2539228111505508,-0.0008759312331676483,0.9381025081405574,1.0,0.07016180607334112,0.10869939477805483,1.205229371274304e-08,1.1243052676275371,0.8607142857142858,0.060714285714285714,1.1001841474274427,-26.7337203127677,-0.8548039985554559,-1.228768812758582,-2.2483118772506714,32,4,0,0.11428571428571428,0.014285714285714285,0.0
human_eval_AgentChatLogprobs_20260311_161129_929,HumanEval_60,0,1,117,-0.00327304473020426,0.0,0.03461448429230275,-0.37602299451828003,0.0,0.0,0.9972622719426311,1.0,0.6865865451339211,0.008053937371032235,-9.999998979111319e-11,0.9000278714809169,0.9914529914529915,0.0,1.0032784069898164,-0.38294623343389844,-0.034813293948536224,-0.07658912747747308,-0.37602299451828003,1,0,0,0.008547008547008548,0.0,0.0
human_eval_AgentChatLogprobs_20260311_161129_929,HumanEval_60,1,1,216,-0.06277574304095708,0.0,0.33318128460883334,-3.0226643085479736,-0.06817403063178062,-5.006804940421716e-06,0.9667525978443273,1.0,0.04867136991375603,0.06227991732620265,-9.494508450790956e-11,1.1962820826989073,0.9166666666666666,0.027777777777777776,1.0647880263297687,-13.559560496846728,-0.6319396023948988,-1.1726901829242706,-2.938066840171814,9,2,0,0.041666666666666664,0.009259259259259259,0.0
human_eval_AgentChatLogprobs_20260311_161129_929,HumanEval_60,2,1,224,-0.07047730251840356,0.0,0.30252294518435435,-2.5793230533599854,-0.05272214151918888,-5.960466467058723e-07,0.9591087818039888,1.0,0.07582531634616212,0.06356653011548315,-9.799793617482912e-11,1.2864251991892488,0.9151785714285714,0.04017857142857143,1.0730202142977472,-15.786915764122398,-0.705974741415544,-1.2476453374732623,-2.2478421926498413,12,2,0,0.05357142857142857,0.008928571428571428,0.0
human_eval_AgentChatLogprobs_20260311_161129_929,HumanEval_61,0,1,310,-0.07563564241682462,0.0,0.2802120495786221,-2.2071478366851807,-0.14572115242481226,-0.0005321583666955121,0.9518929144145853,1.0,0.11001397930370113,0.08075259687962781,4.1038729129106433e-08,1.3007368259433028,0.8903225806451613,0.041935483870967745,1.0785695175723493,-23.44704914921563,-0.7172231818399122,-1.173738924662272,-1.9768868287404378,25,1,0,0.08064516129032258,0.0032258064516129032,0.0
human_eval_AgentChatLogprobs_20260311_161129_929,HumanEval_61,1,1,289,-0.06859561936802157,0.0,0.26859856478354477,-1.884737253189087,-0.07916941940784454,-0.00025019198074005544,0.9566467850154391,1.0,0.1518689572718855,0.07742828197224617,7.11496695471547e-08,1.1670664377469724,0.9065743944636678,0.03460207612456748,1.0710030286877634,-19.82413399735823,-0.6702002994716167,-1.1259329808609826,-1.8625576496124268,18,3,0,0.06228373702422145,0.010380622837370242,0.0
human_eval_AgentChatLogprobs_20260311_161129_929,HumanEval_61,2,1,311,-0.07353552732728673,0.0,0.3149309473441813,-3.2267098426818848,-0.1173514872789383,-0.0005113307997817174,0.9567241915637756,1.0,0.03968786352516876,0.07839257019987643,4.6453586355976017e-07,1.2662802181322903,0.8971061093247589,0.03215434083601286,1.076306774295679,-22.869548998786172,-0.6988076937775458,-1.249750538667043,-2.302021543184916,20,5,0,0.06430868167202572,0.01607717041800643,0.0
human_eval_AgentChatLogprobs_20260311_161129_929,HumanEval_62,0,1,472,-0.0791518260921419,0.0,0.2985678067397154,-2.9166245460510254,-0.17234084159135818,-0.00015906764019746333,0.9499332129197724,1.0,0.05411604557597312,0.09092605529864187,-5.3924829908757735e-15,1.2422619298876796,0.8813559322033898,0.0423728813559322,1.0823686413970988,-37.359661915490975,-0.7444586329003597,-1.17032005475915,-2.4896763265132904,40,5,0,0.0847457627118644,0.01059322033898305,0.0
human_eval_AgentChatLogprobs_20260311_161129_929,HumanEval_62,1,1,462,-0.08140202247152611,0.0,0.3073626749698615,-2.667771339416504,-0.12396909594535827,-0.0009252834279322997,0.9498456579024105,1.0,0.06940673712745758,0.09427091948421146,1.2947048739169246e-08,1.3837296994427315,0.8917748917748918,0.04112554112554113,1.0848069256755264,-37.60773438184506,-0.7730713758779608,-1.2291929695917212,-2.382956087589264,39,9,0,0.08441558441558442,0.01948051948051948,0.0
human_eval_AgentChatLogprobs_20260311_161129_929,HumanEval_62,2,0,265,-0.06793448012170142,0.0,0.2771346364626842,-2.2006871700286865,-0.11735233217477799,-0.0002402951940894127,0.9579206440452298,1.0,0.11072704390760463,0.07590216874058546,-4.556472065980783e-12,1.1537479654864822,0.8905660377358491,0.03773584905660377,1.070295180571439,-18.002637232250876,-0.6561637196976405,-1.1313030742681944,-2.08561635017395,16,3,0,0.06037735849056604,0.011320754716981131,0.0
human_eval_AgentChatLogprobs_20260311_161129_929,HumanEval_63,0,1,414,-0.039987147206386756,0.0,0.17984396699953675,-1.5431309938430786,-0.033433455601334566,-1.0728841743912199e-06,0.9720930153722473,1.0,0.21371092522460425,0.05790678073766612,-9.907033537034563e-11,1.3705363570166673,0.9323671497584541,0.021739130434782608,1.0407973969522848,-16.554678943444117,-0.39624755220805724,-0.713659194111824,-1.430747777223587,23,2,0,0.05555555555555555,0.004830917874396135,0.0
human_eval_AgentChatLogprobs_20260311_161129_929,HumanEval_63,1,1,396,-0.061619846470905425,0.0,0.25017198260851886,-1.86578369140625,-0.0531077291816473,-4.1723342292243615e-06,0.9606923506159915,1.0,0.15477486661041073,0.07051706021709225,-9.950980701814056e-11,1.2245471978930456,0.9217171717171717,0.04040404040404041,1.063557952558287,-24.40145920247855,-0.6125394195700303,-1.0629270955135948,-1.8189952770868938,26,7,0,0.06565656565656566,0.017676767676767676,0.0
human_eval_AgentChatLogprobs_20260311_161129_929,HumanEval_63,2,1,450,-0.059832869435495706,0.0,0.24242716907946243,-2.5810232162475586,-0.07888974100351334,-2.2649790025752736e-06,0.9610028669988253,1.0,0.07569651048387194,0.07239243040777799,-9.658814522077394e-11,1.3560345600450314,0.9155555555555556,0.04666666666666667,1.0616590960330394,-26.92479124597307,-0.5818017236060566,-1.0208716609261252,-1.7867401540279388,28,6,0,0.06222222222222222,0.013333333333333334,0.0
human_eval_AgentChatLogprobs_20260311_161129_929,HumanEval_64,0,0,398,-0.0925321815434906,0.0,0.3627605237720821,-3.392270088195801,-0.18104694187641135,-0.0005539699777727947,0.9464009440971287,1.0,0.03363224201983007,0.09238414729338743,-1.833188201504888e-11,1.3926204521092875,0.8743718592964824,0.04020100502512563,1.0969484424862905,-36.82780825430926,-0.8782779077688853,-1.4291725754737854,-3.0257081190745034,37,5,0,0.09296482412060302,0.01256281407035176,0.0
human_eval_AgentChatLogprobs_20260311_161129_929,HumanEval_64,1,0,262,-0.0628378604534692,0.0,0.2665808716845059,-2.4602599143981934,-0.11524997726082799,-0.00014496928088192362,0.9599603330068452,1.0,0.08541274807900605,0.0837577654637594,-9.133777999456022e-11,1.330013373292784,0.8969465648854962,0.030534351145038167,1.0648541702611618,-16.46351943880893,-0.5937078191110721,-0.9956982479645655,-2.3920180797576904,19,3,0,0.07251908396946564,0.011450381679389313,0.0
human_eval_AgentChatLogprobs_20260311_161129_929,HumanEval_64,2,0,289,-0.09604264636850954,0.0,0.35097471514366446,-2.9596807956695557,-0.12407526075839995,-6.890534132253379e-05,0.9442753876085249,1.0,0.051835460635718346,0.09172654822299295,-9.172336311542874e-11,1.5672254621552497,0.8927335640138409,0.05536332179930796,1.1008060083716587,-27.756324800499257,-0.9421153712485518,-1.4850983832563673,-2.5801838636398315,24,5,1,0.08304498269896193,0.01730103806228374,0.0034602076124567475
human_eval_AgentChatLogprobs_20260311_161129_929,HumanEval_65,0,0,315,-0.06875311798610295,0.0,0.3212480708844743,-2.9790139198303223,-0.04161208793520925,-4.571780846163165e-05,0.9607322481385822,1.0,0.050842944373563424,0.06390459638839324,2.398354531902335e-10,1.1150204586395447,0.9142857142857143,0.025396825396825397,1.0711717234689915,-21.657232165622432,-0.6862161109043706,-1.2002027352650961,-2.842437982559204,20,3,0,0.06349206349206349,0.009523809523809525,0.0
human_eval_AgentChatLogprobs_20260311_161129_929,HumanEval_65,1,1,261,-0.07816259222583852,0.0,0.3062213860548884,-2.975736379623413,-0.11737775802612305,-0.0008386312983930111,0.9519561457777623,1.0,0.05100985755089147,0.08533760747881246,1.1816888222035425e-08,1.392225819337305,0.896551724137931,0.04597701149425287,1.0812984551007399,-20.400436570943853,-0.7478147745132446,-1.2110906885220454,-2.588318347930908,22,5,0,0.0842911877394636,0.019157088122605363,0.0
human_eval_AgentChatLogprobs_20260311_161129_929,HumanEval_65,2,0,388,-0.06509834288036571,0.0,0.24295320923423555,-2.20068359375,-0.09519312083721151,-0.0014584930031560361,0.9562505332458059,1.0,0.11072743989907986,0.08164973165260098,1.930222289194313e-08,1.1493571964924296,0.8994845360824743,0.03608247422680412,1.0672639770370473,-25.258157037581896,-0.624036072508285,-0.9874941173352694,-1.8798679908116658,29,4,0,0.07474226804123711,0.010309278350515464,0.0
human_eval_AgentChatLogprobs_20260311_161129_929,HumanEval_66,0,1,374,-0.022790687406364765,0.0,0.15828898664496846,-2.6204280853271484,-0.004051586310379202,0.0,0.9846967154510696,1.0,0.07277170365995181,0.03163683575429053,-9.97201603686331e-11,0.8084120372298212,0.9572192513368984,0.0106951871657754,1.0230523793878359,-8.523717089980423,-0.2297058829634979,-0.4462530252834161,-1.4130934675534566,10,0,0,0.026737967914438502,0.0,0.0
human_eval_AgentChatLogprobs_20260311_161129_929,HumanEval_66,1,1,296,-0.06039301496098304,0.0,0.2932935987894224,-2.969367027282715,-0.05390029586851597,-1.4454231177296606e-05,0.964599976488431,1.0,0.0513357942072845,0.06279756751693504,-8.192375997223541e-11,1.057771934654831,0.9087837837837838,0.02702702702702703,1.0622539462110545,-17.87633242845098,-0.5990753045369839,-1.0874500104359217,-2.8826589584350586,17,2,0,0.057432432432432436,0.006756756756756757,0.0
human_eval_AgentChatLogprobs_20260311_161129_929,HumanEval_66,2,1,254,-0.046045845031320795,0.0,0.2443129415414109,-2.578889846801758,-0.021159238182008263,-2.2947815523366444e-06,0.9723094045479094,1.0,0.07585817148650026,0.04564736039600853,-9.601757473830741e-11,0.7923547473703648,0.9409448818897638,0.023622047244094488,1.0471224152164726,-11.695644637955482,-0.46258689850568774,-0.8843891645471255,-2.2830070853233337,11,0,0,0.04330708661417323,0.0,0.0
human_eval_AgentChatLogprobs_20260311_161129_929,HumanEval_67,0,0,259,-0.030691860117945717,0.0,0.1291344582568769,-0.9573676586151123,-0.010781422816216945,-7.152560215217818e-07,0.9763385170246995,1.0,0.383902118504354,0.04960313693303423,-8.19493806871261e-11,0.8431598174806648,0.9305019305019305,0.023166023166023165,1.0311677110298556,-7.949191770547941,-0.31436891794204713,-0.5463046282529831,-0.9401987791061401,12,0,0,0.04633204633204633,0.0,0.0
human_eval_AgentChatLogprobs_20260311_161129_929,HumanEval_67,1,0,368,-0.07178718551804941,0.0,0.34791810717841054,-3.165503978729248,-0.010189431812614202,-1.4901162970204496e-07,0.9621363668290404,1.0,0.042192872144739366,0.0522930345582902,-9.094217354003224e-11,1.096591327930897,0.9266304347826086,0.04076086956521739,1.0744266661773374,-26.417684270642184,-0.7304633988274468,-1.331156700849533,-3.0349013805389404,20,2,0,0.05434782608695652,0.005434782608695652,0.0
human_eval_AgentChatLogprobs_20260311_161129_929,HumanEval_67,2,0,339,-0.028033504504924603,0.0,0.175323163058627,-2.2007272243499756,-0.008227744884788987,-2.9802326650951727e-07,0.9816295886695283,1.0,0.11072260889983376,0.03746698545273114,-7.85287098574978e-11,0.9993299299479784,0.9557522123893806,0.008849557522123894,1.0284301408869183,-9.50335802716944,-0.2857725503148906,-0.5517120910808444,-1.6160972913106282,10,0,0,0.029498525073746312,0.0,0.0
human_eval_AgentChatLogprobs_20260311_161129_929,HumanEval_68,0,1,542,-0.04030247654795474,0.0,0.23036575539423318,-2.8198952674865723,-0.015015305392444129,-5.662442816856128e-07,0.9755531466408378,1.0,0.059612185716051695,0.04469229148823796,-9.813068568468689e-11,0.9372698968162808,0.9391143911439115,0.01845018450184502,1.041125642660203,-21.84394228899147,-0.4016940834656082,-0.7342043519020081,-2.1111716270446776,20,0,0,0.03690036900369004,0.0,0.0
human_eval_AgentChatLogprobs_20260311_161129_929,HumanEval_68,1,1,571,-0.04519613277541867,0.0,0.20952959798687046,-2.5817527770996094,-0.027647031471133232,-7.152560215217818e-07,0.9698710919299972,1.0,0.07564130541336381,0.05734366456496567,-9.886596971711876e-11,1.1937708391357766,0.9299474605954466,0.024518388791593695,1.0462330403766957,-25.80699181476406,-0.44647916641674545,-0.799308184002127,-1.7649209022521972,32,4,0,0.05604203152364273,0.0070052539404553416,0.0
human_eval_AgentChatLogprobs_20260311_161129_929,HumanEval_68,2,0,654,-0.055938228246192316,0.0,0.2656977704739271,-3.289151191711426,-0.059561624750494986,-6.675742611150781e-06,0.9651451574920547,1.0,0.03728548419640557,0.06444153986359545,-9.639062788810453e-11,1.2883887662855111,0.9174311926605505,0.0290519877675841,1.0575323560905863,-36.583601273009776,-0.5510102611321669,-0.9614984821528196,-2.21165132522583,40,5,0,0.06116207951070336,0.00764525993883792,0.0
human_eval_AgentChatLogprobs_20260311_161129_929,HumanEval_69,0,1,376,-0.04121850357948287,0.0,0.20896045718107523,-1.840412974357605,-0.015506069175899029,-2.1368494799389737e-05,0.9738876277498635,1.0,0.1587518521235165,0.043109546729377064,-9.528673773060522e-11,1.2613577760127077,0.9468085106382979,0.026595744680851064,1.0420797788326412,-15.49815734588556,-0.4129764071690875,-0.7937102905578084,-1.731011986732483,14,1,0,0.03723404255319149,0.0026595744680851063,0.0
human_eval_AgentChatLogprobs_20260311_161129_929,HumanEval_69,1,1,417,-0.06757125293506137,0.0,0.3263459138043142,-3.0279884338378906,-0.052701544016599655,-0.00016786076594144106,0.9626061989024612,1.0,0.04841292604656185,0.06446369765710261,-7.29362895989428e-11,1.3117923668195135,0.9184652278177458,0.02877697841726619,1.0699064908597342,-28.17721247392059,-0.6694316080794102,-1.2257316187024117,-2.753409445285797,23,4,0,0.05515587529976019,0.009592326139088728,0.0
human_eval_AgentChatLogprobs_20260311_161129_929,HumanEval_69,2,1,393,-0.07112477668013827,0.0,0.3387321359767317,-2.9693682193756104,-0.03505250811576843,-0.00014985731104388833,0.9623984882041016,1.0,0.05133573301028542,0.060007232712577636,-8.192471218478362e-11,1.4437601821613608,0.9211195928753181,0.03307888040712468,1.0737151921273387,-27.95203723529434,-0.6987518646205083,-1.3055255836562107,-2.5210495789845786,18,3,0,0.04580152671755725,0.007633587786259542,0.0
human_eval_AgentChatLogprobs_20260311_161129_929,HumanEval_6,0,1,353,-0.05672832833772174,0.0,0.27523438054013605,-2.271355152130127,-0.03506181910634041,-8.583106136939023e-06,0.9670292324773557,1.0,0.103172271182526,0.051444471750277096,-3.111943964810912e-11,1.1790933047719296,0.9348441926345609,0.028328611898016998,1.0583682426754784,-20.025099903215775,-0.5678871020674705,-1.0520256968105541,-2.231736898422241,18,1,0,0.05099150141643059,0.0028328611898017,0.0
human_eval_AgentChatLogprobs_20260311_161129_929,HumanEval_6,1,1,341,-0.09489605011536843,0.0,0.3719073989361976,-3.1758081912994385,-0.11735101789236069,-0.00010467123502166942,0.9475068575303767,1.0,0.04176034009934815,0.08210810161084219,1.7510307072773407e-11,1.4220132355244806,0.8973607038123167,0.0469208211143695,1.0995445516559976,-32.359553089340636,-0.9171311073005199,-1.5487342582029455,-2.662684162457784,25,7,0,0.07331378299120235,0.020527859237536656,0.0
human_eval_AgentChatLogprobs_20260311_161129_929,HumanEval_6,2,1,291,-0.04663862568775642,0.0,0.23981401047027134,-2.578889846801758,-0.02358756773173809,-2.682213107618736e-06,0.9715216794610223,1.0,0.07585817148650026,0.04916102071257603,-3.521989483427885e-11,1.1588606573006552,0.9381443298969072,0.024054982817869417,1.0477433131390907,-13.571840075137118,-0.4637245240396467,-0.8806250765919685,-2.219077706336975,12,1,0,0.041237113402061855,0.003436426116838488,0.0
human_eval_AgentChatLogprobs_20260311_161129_929,HumanEval_70,0,1,386,-0.0790485909584775,0.0,0.28972842410302135,-1.8409208059310913,-0.11735731735825539,-0.0005546259781112894,0.9507761347671736,1.0,0.15867125338768232,0.0819524864674863,3.9907517582882825e-10,1.5390201560465244,0.8963730569948186,0.046632124352331605,1.0822569086931995,-30.512756109972315,-0.7711654970128285,-1.24203423136159,-1.8400897185007732,32,4,1,0.08290155440414508,0.010362694300518135,0.0025906735751295338
human_eval_AgentChatLogprobs_20260311_161129_929,HumanEval_70,1,1,455,-0.06545300545106608,0.0,0.25946079515940096,-1.912480115890503,-0.07417852580547327,-2.2828839973954018e-05,0.9584449768160521,1.0,0.14771358511869637,0.06983193935002331,-8.844884704263511e-11,1.2263112054956804,0.9142857142857143,0.03736263736263736,1.0676425627538826,-29.781117480235068,-0.6479609102010727,-1.0950949544256383,-1.8577910959720612,34,5,0,0.07472527472527472,0.01098901098901099,0.0
human_eval_AgentChatLogprobs_20260311_161129_929,HumanEval_70,2,1,460,-0.043717296577069374,0.0,0.19503061714873512,-2.631666660308838,-0.037246480584144495,-2.9921979148639366e-05,0.9693761178534969,1.0,0.07195843197924993,0.0664661646142581,-8.80838339131884e-11,1.5203276139756787,0.9195652173913044,0.017391304347826087,1.044686976554015,-20.109956425451912,-0.4268008739404056,-0.7038216007792432,-1.6291671991348267,30,4,1,0.06521739130434782,0.008695652173913044,0.002173913043478261
human_eval_AgentChatLogprobs_20260311_161129_929,HumanEval_71,0,1,393,-0.07114292870895753,0.0,0.317397669634396,-2.578895092010498,-0.05418600142002105,-3.695494797284482e-06,0.9594925584528052,1.0,0.07585777359559967,0.06653458356204299,-8.194226886477065e-11,1.1873014748878383,0.9134860050890585,0.04071246819338423,1.0737346824133436,-27.959170982620307,-0.6989880052323525,-1.2710268591579639,-2.5412544409434,21,2,0,0.05343511450381679,0.005089058524173028,0.0
human_eval_AgentChatLogprobs_20260311_161129_929,HumanEval_71,1,1,396,-0.023433981293938554,0.0,0.1321867149750133,-1.5019357204437256,-0.006870073964819312,-1.1920930376163597e-07,0.983094870044464,1.0,0.22269866030209207,0.034969451394328985,-9.786204834927962e-11,0.882370544710999,0.9595959595959596,0.012626262626262626,1.0237107144589244,-9.279856592399668,-0.23639084035769486,-0.44365024056873825,-1.2311304807662964,10,0,0,0.025252525252525252,0.0,0.0
human_eval_AgentChatLogprobs_20260311_161129_929,HumanEval_71,2,1,400,-0.04615399193954055,0.0,0.22409269047254574,-1.8453291654586792,-0.02350431233644484,-8.583106136939023e-06,0.9710746815822198,1.0,0.15797331297248876,0.050353546309700764,-7.66325771521152e-11,1.3494414903688365,0.9375,0.0275,1.0472356643918697,-18.46159677581622,-0.4550496275536716,-0.8301312007009983,-1.672513633966446,14,1,0,0.035,0.0025,0.0
human_eval_AgentChatLogprobs_20260311_161129_929,HumanEval_72,0,1,475,-0.07921166002390755,0.0,0.2810577298461456,-2.6510207653045654,-0.16972418129444117,-0.0019286383176222444,0.9487017986266085,1.0,0.07057913154882396,0.09243478029097603,4.651596577812732e-07,1.290546478376963,0.8821052631578947,0.04842105263157895,1.0824334057060656,-37.62553851135608,-0.7441974152275856,-1.16306566932927,-2.0497523844242096,38,7,0,0.08,0.014736842105263158,0.0
human_eval_AgentChatLogprobs_20260311_161129_929,HumanEval_72,1,1,444,-0.04047292291585522,0.0,0.2218731776993683,-2.4786531925201416,-0.035059934481978416,-2.5033982637978625e-06,0.9743543857390683,1.0,0.08385608757943536,0.07443456130036408,-9.915190578331509e-11,1.555064031347681,0.9301801801801802,0.01126126126126126,1.0413031138687543,-17.969977774639716,-0.39644343753091316,-0.6986374225128781,-2.198044180870056,26,6,1,0.05855855855855856,0.013513513513513514,0.0022522522522522522
human_eval_AgentChatLogprobs_20260311_161129_929,HumanEval_72,2,1,388,-0.05296675386201643,0.0,0.22876583904850684,-2.200723886489868,-0.05270085893571377,-4.541977250482887e-05,0.9652859347956415,1.0,0.1107229784770298,0.06353376975292445,2.733767329697944e-09,1.1189922111974617,0.9149484536082474,0.028350515463917526,1.0543945899886074,-20.551100498462375,-0.522959147432917,-0.899789632935273,-1.804397463798523,22,2,0,0.05670103092783505,0.005154639175257732,0.0
human_eval_AgentChatLogprobs_20260311_161129_929,HumanEval_73,0,0,467,-0.02933948393471448,0.0,0.15443725877001305,-1.9404414892196655,-0.01555239800363779,-7.748606947188819e-07,0.9789716409579584,1.0,0.1436405200358566,0.04673191477373966,-9.99084054105954e-11,1.307045892448157,0.9379014989293362,0.01284796573875803,1.029774126913922,-13.701538997511662,-0.2936670037958285,-0.5231198888757954,-1.3613227009773254,19,2,0,0.04068522483940043,0.004282655246252677,0.0
human_eval_AgentChatLogprobs_20260311_161129_929,HumanEval_73,1,0,365,-0.08578222226349895,0.0,0.33288780675154794,-3.096527099609375,-0.10173167288303378,-6.890534132253379e-05,0.9494374905211581,1.0,0.04520592577096654,0.07853358081461076,1.196062100086323e-10,1.2402591011457218,0.8986301369863013,0.043835616438356165,1.08956901859105,-31.31051112617712,-0.8382942891783185,-1.3386695749229856,-2.625765323638916,28,2,0,0.07671232876712329,0.005479452054794521,0.0
human_eval_AgentChatLogprobs_20260311_161129_929,HumanEval_73,2,0,555,-0.0490026203446673,0.0,0.25152266481429264,-2.578889846801758,-0.00614762948825955,-3.576279254957626e-07,0.9709246841154446,1.0,0.07585817148650026,0.043587368191470334,-9.969880156037448e-11,1.003861391657121,0.9369369369369369,0.02702702702702703,1.0502231026829292,-27.19645429129035,-0.4934457032687285,-0.9391073573518682,-2.1564034461975097,27,1,0,0.04864864864864865,0.0018018018018018018,0.0
human_eval_AgentChatLogprobs_20260311_161129_929,HumanEval_74,0,1,383,-0.048298548829715654,0.0,0.23461077932311913,-3.002715826034546,-0.023246081173419954,-1.1920930376163597e-07,0.9692495248389542,1.0,0.04965203879281937,0.07504133054601485,-9.916836538160443e-11,1.189054435916464,0.9295039164490861,0.02610966057441253,1.0494839307574697,-18.498344201781094,-0.4821179167024399,-0.8629606272044935,-2.0072367191314697,30,4,0,0.0783289817232376,0.010443864229765013,0.0
human_eval_AgentChatLogprobs_20260311_161129_929,HumanEval_74,1,1,349,-0.05960575160030223,0.0,0.26182331071170584,-2.668212652206421,-0.04140331223607055,-8.583106136939023e-06,0.9630040271557788,1.0,0.06937611380438591,0.09433821516585413,-5.820145649457215e-11,1.57804556564059,0.9226361031518625,0.034383954154727794,1.061418001696883,-20.80240730850548,-0.5993577599087182,-1.038245967205833,-2.0962212085723877,30,8,2,0.08595988538681948,0.022922636103151862,0.0057306590257879654
human_eval_AgentChatLogprobs_20260311_161129_929,HumanEval_74,2,1,337,-0.026892975814138742,0.0,0.13056302956320281,-1.2104860544204712,-0.003859186358749865,0.0,0.9798807577745854,1.0,0.29805237454273126,0.06746941749119562,-9.972017468027477e-11,1.0523380153450956,0.9436201780415431,0.01483679525222552,1.0272578554444347,-9.062932849364756,-0.27388307033106685,-0.5084840003401041,-1.1092809836069744,24,5,0,0.0712166172106825,0.01483679525222552,0.0
human_eval_AgentChatLogprobs_20260311_161129_929,HumanEval_75,0,0,419,-0.09107144392950019,0.0,0.3381486738129943,-2.969515085220337,-0.1349514454603195,-0.0023037848295643926,0.9457368673722644,1.0,0.05132819409811011,0.09077635887958024,4.8126595651004655e-09,1.2142727524022492,0.8854415274463007,0.050119331742243436,1.0953472583753827,-38.15893500646058,-0.8693201283856136,-1.404320764541626,-2.5030876994132996,33,4,0,0.07875894988066826,0.00954653937947494,0.0
human_eval_AgentChatLogprobs_20260311_161129_929,HumanEval_75,1,0,449,-0.05566826866244102,0.0,0.26173705796066243,-2.9914333820343018,-0.053833270817995056,-0.00015844170411583036,0.9656142144816111,1.0,0.05021540725045011,0.06276249436386708,5.997777824770643e-11,0.9288832735918519,0.9086859688195991,0.024498886414253896,1.0572469036279801,-24.995052629436017,-0.5470571140335365,-0.9455567625435916,-2.2186179757118225,26,0,0,0.05790645879732739,0.0,0.0
human_eval_AgentChatLogprobs_20260311_161129_929,HumanEval_75,2,0,426,-0.05484038707868325,0.0,0.2874152309226686,-3.388119697570801,-0.0527004636824131,-0.00015856092795729637,0.9680130419075956,1.0,0.033772119033138856,0.05927016801536236,-7.82972303439432e-12,1.0230638601870798,0.92018779342723,0.02112676056338028,1.0563719905991449,-23.362004895519064,-0.542096487645592,-0.9514640328429994,-2.6212530732154846,22,1,0,0.051643192488262914,0.002347417840375587,0.0
human_eval_AgentChatLogprobs_20260311_161129_929,HumanEval_76,0,0,502,-0.0913330673401731,0.0,0.3539104448936617,-3.845449686050415,-0.17417498528957367,-0.003056664892937988,0.9458933498000188,1.0,0.021376786556735174,0.09942807394765142,3.299712051197202e-07,1.113861472693852,0.8764940239043825,0.037848605577689244,1.0956338643507717,-45.8491998047669,-0.8373076361417771,-1.3542207622528075,-2.7333187103271483,45,3,0,0.08964143426294821,0.00597609561752988,0.0
human_eval_AgentChatLogprobs_20260311_161129_929,HumanEval_76,1,0,384,-0.11058016272295275,-8.583106136939023e-06,0.32920506601444866,-2.613935947418213,-0.2605641484260559,-0.02537091076374054,0.9282315774956257,0.9999914169306978,0.07324568450571706,0.13819774583706926,0.00010861838407562307,1.1561534771795001,0.8203125,0.052083333333333336,1.1169258812834766,-42.46278248561386,-0.9163692585731807,-1.3729537819561206,-2.113381028175354,45,7,0,0.1171875,0.018229166666666668,0.0
human_eval_AgentChatLogprobs_20260311_161129_929,HumanEval_76,2,0,432,-0.12462613145411729,-1.0728841743912199e-06,0.3595004369665018,-2.9701170921325684,-0.3811403512954712,-0.01478326553478837,0.9216139682704295,0.9999989271164011,0.051297303469589564,0.13831873137554387,1.6492069597497982e-05,1.2947054227096668,0.8263888888888888,0.06481481481481481,1.1327248836869768,-53.838488788178665,-1.0379440479500348,-1.4998886982599895,-2.283891499042511,60,7,0,0.1388888888888889,0.016203703703703703,0.0
human_eval_AgentChatLogprobs_20260311_161129_929,HumanEval_77,0,0,283,-0.09669909512047532,-3.695494797284482e-06,0.3177633553628709,-2.5824782848358154,-0.2110442042350769,-0.01539701223373413,0.9381125954153318,0.999996304512031,0.07558644696363082,0.12065120933325132,5.0691584149543576e-05,1.2975947847222309,0.8515901060070671,0.04240282685512368,1.1015288683363134,-27.365843919094516,-0.8453191508139882,-1.3118047075612205,-2.3925232887268066,29,5,0,0.10247349823321555,0.0176678445229682,0.0
human_eval_AgentChatLogprobs_20260311_161129_929,HumanEval_77,1,0,407,-0.11178548037832495,0.0,0.4117897323921688,-2.7755208015441895,-0.17301484942436218,-0.006868925644084811,0.93866396147331,1.0,0.06231701344012305,0.1040705905450712,6.417492531199077e-08,1.3485761147364497,0.8648648648648649,0.051597051597051594,1.1182729434237368,-45.49669051397825,-1.0430232517421245,-1.7036667704582213,-2.649380683898926,31,6,0,0.07616707616707617,0.014742014742014743,0.0
human_eval_AgentChatLogprobs_20260311_161129_929,HumanEval_77,2,0,341,-0.05554646882934345,0.0,0.23390025112015375,-2.5789737701416016,-0.08557348698377609,-0.0029240043368190527,0.9628007988310527,1.0,0.07585180548252657,0.07360422385053364,2.1084381612546323e-07,1.2804956977193362,0.906158357771261,0.026392961876832845,1.0571181389734912,-18.941345870806117,-0.5156421128879575,-0.8707327351850622,-1.963081161181132,19,1,0,0.05571847507331378,0.002932551319648094,0.0
human_eval_AgentChatLogprobs_20260311_161129_929,HumanEval_78,0,1,308,-0.08625935641278006,0.0,0.349562102079375,-2.7762577533721924,-0.17301240861415862,-0.0006447392515838146,0.9506692155901789,1.0,0.06227110572111908,0.08235740048360005,-6.642082434515486e-11,1.3946027130224754,0.8928571428571429,0.04220779220779221,1.0900890132215513,-26.567881775136257,-0.8405784914890925,-1.3990031758944192,-2.64115047454834,23,2,0,0.07467532467532467,0.006493506493506494,0.0
human_eval_AgentChatLogprobs_20260311_161129_929,HumanEval_78,1,1,398,-0.07770926729597463,0.0,0.3225208926582561,-2.9693994522094727,-0.11371594741940497,-0.0015965625061653554,0.9546675517124643,1.0,0.05133412967490359,0.07826732331921063,5.2112488013627025e-09,1.3492627673276583,0.8969849246231156,0.035175879396984924,1.0808083866429368,-30.928288383797906,-0.7478887538115183,-1.3113739349340137,-2.4693752924601235,27,2,0,0.0678391959798995,0.005025125628140704,0.0
human_eval_AgentChatLogprobs_20260311_161129_929,HumanEval_78,2,0,295,-0.05904513650890734,0.0,0.26760056600791604,-2.937635898590088,-0.06164825856685637,-0.0005780937208328396,0.9631825286083274,1.0,0.052990856531314606,0.06887977261714291,2.1179573909698497e-10,1.3863926360022818,0.9152542372881356,0.030508474576271188,1.0608231215118387,-17.418315270127664,-0.573033828416775,-1.0277130923100881,-2.569164514541626,16,2,0,0.05423728813559322,0.006779661016949152,0.0
human_eval_AgentChatLogprobs_20260311_161129_929,HumanEval_79,0,1,200,-0.09951349300455632,-4.649173661164241e-06,0.37083243073483657,-2.969376564025879,-0.25319188535213466,-0.007297600735910237,0.9417479092451887,0.9999953508376009,0.051335304633334494,0.10098209825669441,6.215991845803112e-05,0.919691625436667,0.87,0.04,1.1046333754625663,-19.902698600911265,-0.8848377510905265,-1.455431842803955,-2.8916306495666504,23,0,0,0.115,0.0,0.0
human_eval_AgentChatLogprobs_20260311_161129_929,HumanEval_79,1,1,189,-0.04589978521757824,0.0,0.31828238327102365,-2.9957542419433594,-1.6689314179529902e-06,0.0,0.979300639860953,1.0,0.04999890159259675,0.021340629310952524,-9.999065035898627e-11,0.6931841599002215,0.9629629629629629,0.021164021164021163,1.0469694838803736,-8.675059406122287,-0.48194739377922563,-0.9624181061776148,-2.9957542419433594,5,0,0,0.026455026455026454,0.0,0.0
human_eval_AgentChatLogprobs_20260311_161129_929,HumanEval_79,2,1,255,-0.055909519425413896,0.0,0.22965860010353426,-2.204348087310791,-0.0886924400925636,-0.000878004910191521,0.9622604575040635,1.0,0.11032242245370882,0.07396634922306042,1.418866505228474e-07,1.0979800093023464,0.9058823529411765,0.027450980392156862,1.057501996019511,-14.256927453480543,-0.5236143907904625,-0.9045272916555405,-2.0248429775238037,14,1,0,0.054901960784313725,0.00392156862745098,0.0
human_eval_AgentChatLogprobs_20260311_161129_929,HumanEval_7,0,1,219,-0.04920698772744387,0.0,0.17999566417028023,-1.5240980386734009,-0.11735105812549591,-0.00038103581755422056,0.9635794572603114,1.0,0.21781743119008912,0.07818989374472772,5.745941942740229e-09,1.0822367810626181,0.8904109589041096,0.0136986301369863,1.0504377559630735,-10.776330312310208,-0.4723414026555561,-0.7224303990602493,-1.359451413154602,19,1,0,0.0867579908675799,0.0045662100456621,0.0
human_eval_AgentChatLogprobs_20260311_161129_929,HumanEval_7,1,1,105,-0.021757421105477414,0.0,0.22186479366018994,-2.2843432426452637,0.0,0.0,0.9914443329374665,1.0,0.10184092492401375,0.006340837131494479,-9.990088923460488e-11,0.6637965760339549,0.9904761904761905,0.009523809523809525,1.0219958397775595,-2.2845292160751285,-0.22845292160751285,-0.4569053425358106,-2.2843432426452637,1,0,0,0.009523809523809525,0.0,0.0
human_eval_AgentChatLogprobs_20260311_161129_929,HumanEval_7,2,1,199,-0.08501271446692334,0.0,0.3879722424343437,-3.515108346939087,-0.03514105677604675,-0.0019815515261143446,0.9553217934011246,1.0,0.029744580045302216,0.0779238284124432,4.538356205307697e-10,1.177905128302474,0.914572864321608,0.04522613065326633,1.0887309092435322,-16.917530178917744,-0.8689390087598249,-1.5401639872127109,-3.515108346939087,15,3,0,0.07537688442211055,0.01507537688442211,0.0
human_eval_AgentChatLogprobs_20260311_161129_929,HumanEval_80,0,0,362,-0.061790858586292546,0.0,0.25619554940032097,-2.305701732635498,-0.05283876098692417,-0.0001044327873387374,0.9606982367160125,1.0,0.09968882120382537,0.07068521915604402,-6.339331473411247e-11,1.3321459718455215,0.9116022099447514,0.03591160220994475,1.0637398494064298,-22.3682908082379,-0.6008252067905333,-1.0333511547909842,-2.017127593358358,25,2,0,0.06906077348066299,0.0055248618784530384,0.0
human_eval_AgentChatLogprobs_20260311_161129_929,HumanEval_80,1,1,307,-0.04336527951058843,0.0,0.20166864697546785,-2.3646206855773926,-0.05367176979780197,-1.0788501640490722e-05,0.9704063263393484,1.0,0.09398494345264342,0.058269036539649134,-8.980096605183051e-11,0.8226521864699567,0.9283387622149837,0.02280130293159609,1.044319293628267,-13.31314080975065,-0.4251734065512816,-0.7332806587219238,-1.693023443222046,17,0,0,0.05537459283387622,0.0,0.0
human_eval_AgentChatLogprobs_20260311_161129_929,HumanEval_80,2,1,416,-0.054296968826939254,0.0,0.2063986304014299,-2.20072078704834,-0.08841454237699509,-9.208961046169861e-06,0.9617801668751517,1.0,0.11072332165695926,0.07244739529968852,-9.014951315071556e-11,1.132091982048926,0.9014423076923077,0.03365384615384615,1.055798094725691,-22.58753903200673,-0.5294289429013322,-0.8522509008646011,-1.4974868297576904,30,3,0,0.07211538461538461,0.007211538461538462,0.0
human_eval_AgentChatLogprobs_20260311_161129_929,HumanEval_81,0,0,659,-0.028878972596820977,0.0,0.1842226271116583,-2.794222831726074,-0.000312902149744332,0.0,0.9815282184016997,1.0,0.06116238933516932,0.03427688885510867,-9.98991729227797e-11,1.1771046927811535,0.952959028831563,0.018209408194233688,1.0293000134287051,-19.031242941305024,-0.29274904660146256,-0.5822678764816374,-1.5210374891757965,25,4,0,0.03793626707132018,0.006069802731411229,0.0
human_eval_AgentChatLogprobs_20260311_161129_929,HumanEval_81,1,0,404,-0.0412373280007593,0.0,0.17949277351095907,-1.8396756649017334,-0.05270983688533306,-5.960465188081798e-08,0.9708003923470954,1.0,0.15886894452658776,0.06475557876339728,-9.654242289728001e-11,1.338318036385227,0.9306930693069307,0.024752475247524754,1.0420993955660378,-16.659880512306756,-0.4017987111583352,-0.6964892223477364,-1.410129964351654,19,6,0,0.04702970297029703,0.01485148514851485,0.0
human_eval_AgentChatLogprobs_20260311_161129_929,HumanEval_81,2,0,573,-0.046510252828114676,0.0,0.23982078872491605,-2.289318323135376,-0.007236856129020451,0.0,0.971909597830138,1.0,0.10133551639185795,0.04651586007317679,-9.998043923060476e-11,0.9746495354413304,0.9319371727748691,0.02268760907504363,1.047608819966634,-26.650374870509708,-0.46703830637495247,-0.8645368622882026,-2.059538722038269,28,0,0,0.04886561954624782,0.0,0.0
human_eval_AgentChatLogprobs_20260311_161129_929,HumanEval_82,0,1,415,-0.058950749069157864,0.0,0.25125008878067273,-2.200744867324829,-0.052701018005609515,-6.318112582448521e-06,0.9626715200070893,1.0,0.1107206554408617,0.06377500098597062,-9.194198440338265e-11,1.0632112971244683,0.9132530120481928,0.033734939759036145,1.060722997858654,-24.464560863700513,-0.5829043989864792,-1.0209527567029,-1.9534865617752075,23,3,0,0.05542168674698795,0.007228915662650603,0.0
human_eval_AgentChatLogprobs_20260311_161129_929,HumanEval_82,1,1,348,-0.06738963999206321,0.0,0.2649551894239863,-2.969364643096924,-0.11739167049527169,-0.00010735372597991955,0.9561513769000303,1.0,0.051335916601501524,0.0765298658136928,-6.327660957218915e-11,1.0613346999651372,0.896551724137931,0.03735632183908046,1.0697121996366308,-23.451594717237995,-0.6531651497763746,-1.0464624587227316,-2.1037227710088096,25,2,0,0.07183908045977011,0.005747126436781609,0.0
human_eval_AgentChatLogprobs_20260311_161129_929,HumanEval_82,2,1,361,-0.060604478206210025,0.0,0.29550080334489554,-3.2227563858032227,-0.052728988230228424,-2.4318991563632153e-05,0.964202741231464,1.0,0.03984507834846412,0.06590729393966738,-6.58790988051521e-11,1.2777819623741737,0.9113573407202216,0.027700831024930747,1.0624785976296973,-21.87821663244182,-0.5936303078714344,-1.0230730258756213,-2.7560502688090005,24,1,0,0.0664819944598338,0.002770083102493075,0.0
human_eval_AgentChatLogprobs_20260311_161129_929,HumanEval_83,0,0,422,-0.04437101531709888,0.0,0.20634342340962855,-1.6111807823181152,-0.035052262246608734,-3.0547847018169705e-05,0.9705970127073106,1.0,0.19965172960634603,0.055287044460744846,-7.876272998780822e-11,1.1819822579030685,0.9218009478672986,0.02132701421800948,1.0453701312792476,-18.72456846381573,-0.43568100389980136,-0.7574034198409035,-1.567550003528595,23,1,0,0.054502369668246446,0.002369668246445498,0.0
human_eval_AgentChatLogprobs_20260311_161129_929,HumanEval_83,1,0,376,-0.07370574037647651,0.0,0.3203250156713418,-2.8248794078826904,-0.05332343839108944,-0.0008386312983930111,0.9574483811254203,1.0,0.05931580941720477,0.07443804522735843,2.302034868959809e-10,1.3617396128223298,0.9095744680851063,0.034574468085106384,1.0764899913461194,-27.713358381555167,-0.7226450239887109,-1.2787238425678678,-2.6803199450174966,26,4,0,0.06914893617021277,0.010638297872340425,0.0
human_eval_AgentChatLogprobs_20260311_161129_929,HumanEval_83,2,0,419,-0.09092671087517405,0.0,0.37371882935835005,-3.0037782192230225,-0.11735188961029053,-0.0007360023446381092,0.9502351849575826,1.0,0.04959931681570544,0.08788841120333415,2.3703766546784894e-10,1.235962153317686,0.8902147971360382,0.03818615751789976,1.0951887368930562,-38.09829185669793,-0.8829229523132487,-1.5341895431280137,-2.728273868560791,34,6,0,0.081145584725537,0.014319809069212411,0.0
human_eval_AgentChatLogprobs_20260311_161129_929,HumanEval_84,0,0,370,-0.08913537032841394,0.0,0.34753465943068534,-2.882081985473633,-0.11742441728711128,-0.0008462670957669616,0.9493002447103537,1.0,0.056018012651611986,0.07853101498560859,5.358291509896478e-10,1.0517571129919066,0.8972972972972973,0.04864864864864865,1.0932286370296322,-32.98008702151316,-0.8576379980187159,-1.476707547903061,-2.5142575899759927,23,3,0,0.062162162162162166,0.008108108108108109,0.0
human_eval_AgentChatLogprobs_20260311_161129_929,HumanEval_84,1,0,340,-0.05624990243409718,0.0,0.23273337474308853,-1.8396955728530884,-0.10284250900149346,-0.0005531350325327367,0.9627525876310604,1.0,0.1588657818028501,0.07204306317572544,3.5352485895361775e-11,1.0879333253973782,0.9,0.023529411764705882,1.05786201299896,-19.124966827593042,-0.5264061899746165,-0.8942256587393144,-1.7731133699417114,18,1,0,0.052941176470588235,0.0029411764705882353,0.0
human_eval_AgentChatLogprobs_20260311_161129_929,HumanEval_84,2,0,314,-0.04573709518421296,0.0,0.20086559219616693,-1.8397235870361328,-0.03505945987999439,-5.453975245472975e-05,0.968602275211269,1.0,0.1588613313700971,0.06342883419962873,-9.264860969231393e-11,1.0785312688711122,0.9140127388535032,0.022292993630573247,1.046799166234976,-14.361447887842871,-0.447937639009568,-0.7652578473091125,-1.6456858317057292,17,2,0,0.054140127388535034,0.006369426751592357,0.0
human_eval_AgentChatLogprobs_20260311_161129_929,HumanEval_85,0,1,198,-0.10086828300538724,0.0,0.3724413643050949,-2.970644950866699,-0.14056799560785282,-0.0018557761795818806,0.9424384969779235,1.0,0.05127023288526653,0.08808623515163039,6.817842211848302e-08,1.4403158602212227,0.8838383838383839,0.05555555555555555,1.1061309359251383,-19.971920035066674,-0.9852932973911888,-1.5962438318464491,-2.970644950866699,16,1,0,0.08080808080808081,0.005050505050505051,0.0
human_eval_AgentChatLogprobs_20260311_161129_929,HumanEval_85,1,1,220,-0.03540614038837469,0.0,0.14920025167540613,-1.5019291639328003,-0.05270018205046654,-6.896495142427739e-05,0.9733392766180764,1.0,0.22270012043307807,0.05613461520748728,-7.248146887229299e-11,0.8726421393960359,0.9227272727272727,0.01818181818181818,1.0360404012146713,-7.789350885442431,-0.34246993911537255,-0.568307638168335,-1.2124771773815155,13,0,0,0.05909090909090909,0.0,0.0
human_eval_AgentChatLogprobs_20260311_161129_929,HumanEval_85,2,1,95,-0.026552573847836033,0.0,0.18157794065664037,-1.644099235534668,-4.506125287662142e-06,0.0,0.9843736702539837,1.0,0.19318649997814574,0.023685959197111073,-9.99060235420858e-11,0.8726421393960359,0.968421052631579,0.021052631578947368,1.0269082343597697,-2.522494515544423,-0.2802761882258993,-0.6234953831881285,-1.644099235534668,2,0,0,0.021052631578947368,0.0,0.0
human_eval_AgentChatLogprobs_20260311_161129_929,HumanEval_86,0,1,315,-0.05465758360599575,0.0,0.23929229762704082,-2.2053909301757812,-0.05964386314153669,-0.00016028973914217204,0.9643976290105023,1.0,0.11020743347074584,0.06631256839770062,2.731031017692608e-10,1.0867434816901014,0.9206349206349206,0.022222222222222223,1.0561788997801873,-17.21713883588866,-0.5348908468600242,-0.9229038735230763,-2.08191712697347,17,2,0,0.05396825396825397,0.006349206349206349,0.0
human_eval_AgentChatLogprobs_20260311_161129_929,HumanEval_86,1,0,324,-0.07283340735413883,0.0,0.28834717884250144,-2.7911198139190674,-0.17300812751054764,-0.0004265797615516931,0.9539331373172052,1.0,0.06135247208094682,0.08841492708085641,9.070027825523318e-10,1.4134815872078532,0.8858024691358025,0.030864197530864196,1.0755513430449302,-23.598023982740983,-0.6897786548361182,-1.107322659343481,-2.2963526248931885,29,4,0,0.08950617283950617,0.012345679012345678,0.0
human_eval_AgentChatLogprobs_20260311_161129_929,HumanEval_86,2,1,358,-0.04442187594737905,0.0,0.2147444405042765,-2.414478063583374,-0.03590996451675891,-1.8358402712692623e-05,0.9709476641360699,1.0,0.08941399516513049,0.057189703943834005,-9.96902069105321e-13,1.1889139299989546,0.9301675977653632,0.01675977653631285,1.045423300815107,-15.9030315891617,-0.44393110647797585,-0.803789429804858,-1.8622945149739583,16,4,0,0.0446927374301676,0.0111731843575419,0.0
human_eval_AgentChatLogprobs_20260311_161129_929,HumanEval_87,0,0,443,-0.05754345366878119,0.0,0.2467327617304178,-2.5788915157318115,-0.0817915827035904,-0.00015885900211287662,0.9624547347959733,1.0,0.0758580448846237,0.07340376563385016,-7.458640794479749e-11,1.1536243320690889,0.9051918735891648,0.02708803611738149,1.0592312971406637,-25.491749975270068,-0.5480019370601936,-0.9174029529094696,-2.0953380465507507,28,3,0,0.06320541760722348,0.006772009029345372,0.0
human_eval_AgentChatLogprobs_20260311_161129_929,HumanEval_87,1,1,443,-0.05001166879030408,0.0,0.22734712848527638,-2.20068359375,-0.013072703219950188,0.0,0.9680776588244325,1.0,0.11072743989907986,0.05774003483094217,-9.989774312813853e-11,1.3592568693315799,0.9300225733634312,0.029345372460496615,1.0512833635095715,-22.155169274104708,-0.5012900949117135,-0.9083405164155093,-1.7650138437747955,26,7,0,0.05869074492099323,0.01580135440180587,0.0
human_eval_AgentChatLogprobs_20260311_161129_929,HumanEval_87,2,0,505,-0.07676237279004242,0.0,0.294782851533597,-2.687819480895996,-0.12118492722511288,-7.748904317850247e-05,0.9523637677235465,1.0,0.06802911654973191,0.08024208167827193,-9.88354267090737e-11,1.0682372446416128,0.8891089108910891,0.039603960396039604,1.0797854594981362,-38.76499825897142,-0.736469814479351,-1.1887660074234008,-2.1134143590927126,40,1,0,0.07920792079207921,0.0019801980198019802,0.0
human_eval_AgentChatLogprobs_20260311_161129_929,HumanEval_88,0,0,408,-0.0282646446718031,0.0,0.15315855228664624,-1.8396790027618408,-0.015384936705231667,-5.364419592979175e-07,0.9801045046485003,1.0,0.15886841424516052,0.041082920099383045,-9.970293717155192e-11,1.3108314515168735,0.9485294117647058,0.014705882352941176,1.0286678798757622,-11.531975026095665,-0.2855820045340806,-0.5160353414714336,-1.3376729041337967,13,1,0,0.031862745098039214,0.0024509803921568627,0.0
human_eval_AgentChatLogprobs_20260311_161129_929,HumanEval_88,1,0,437,-0.04106373177993689,0.0,0.18544360538515756,-1.8400676250457764,-0.03505240976810455,-2.5033982637978625e-06,0.9716503652157606,1.0,0.15880668643434964,0.05255935386165548,-9.899944236876642e-11,1.0397739668826849,0.9267734553775744,0.02517162471395881,1.041918506750508,-17.944850787832422,-0.41107765316616657,-0.7380372392279761,-1.4789477586746216,19,2,0,0.043478260869565216,0.004576659038901602,0.0
human_eval_AgentChatLogprobs_20260311_161129_929,HumanEval_88,2,1,423,-0.056807198501436285,0.0,0.29544850038505704,-3.1436901092529297,-0.024806025624275203,-2.9802326650951727e-07,0.9682119784218434,1.0,0.04312337397569292,0.05372982383379686,-9.970847116940945e-11,1.1392246841933884,0.933806146572104,0.026004728132387706,1.0584517196439263,-24.029444966107548,-0.5649432621541477,-1.043716393765949,-2.5611752569675446,20,4,0,0.04728132387706856,0.009456264775413711,0.0
human_eval_AgentChatLogprobs_20260311_161129_929,HumanEval_89,0,0,294,-0.12965996013194497,0.0,0.4602790171359743,-3.511634111404419,-0.26444482207298275,-0.0019014971912838519,0.9306604582936727,1.0,0.02984809944351935,0.11679597946420643,7.148623323369788e-10,1.259901871897031,0.8503401360544217,0.05442176870748299,1.1384412021036752,-38.12002827879182,-1.1876135982316116,-1.9172898530960083,-3.3284205198287964,34,8,0,0.11564625850340136,0.027210884353741496,0.0
human_eval_AgentChatLogprobs_20260311_161129_929,HumanEval_89,1,0,329,-0.09505009306165807,0.0,0.3343223968049237,-2.5884416103363037,-0.17511431276798245,-0.0015927713830024004,0.9418892791791527,1.0,0.07513704168372784,0.10206927477398607,1.358338839423292e-09,1.3815637651844401,0.8693009118541033,0.05167173252279635,1.0997139417846538,-31.271480617285505,-0.8920213994570076,-1.3660113327205181,-2.4573208491007485,30,6,0,0.0911854103343465,0.0182370820668693,0.0
human_eval_AgentChatLogprobs_20260311_161129_929,HumanEval_89,2,1,368,-0.09016539879383269,0.0,0.31885823430076227,-2.824589490890503,-0.16178561002016062,-0.003269707318395376,0.9440329717790672,1.0,0.05933300857130321,0.10226642956852139,5.142873658951415e-08,1.383679041382623,0.8777173913043478,0.05434782608695652,1.0943552737793354,-33.18086675613043,-0.8452309332787991,-1.3072325852182176,-2.4166164000829062,32,8,0,0.08695652173913043,0.021739130434782608,0.0
human_eval_AgentChatLogprobs_20260311_161129_929,HumanEval_8,0,1,255,-0.04880688871948681,0.0,0.22126920379272338,-2.578889846801758,-0.030329681932926154,-6.568647586391307e-05,0.96759580672262,1.0,0.07585817148650026,0.059538308893086984,-9.967601608729966e-11,1.2152963491787665,0.9254901960784314,0.027450980392156862,1.0500175609244065,-12.445756623469137,-0.4911743879318237,-0.8644208138187727,-1.800771415233612,13,2,0,0.050980392156862744,0.00784313725490196,0.0
human_eval_AgentChatLogprobs_20260311_161129_929,HumanEval_8,1,1,250,-0.049739649216356444,0.0,0.1980753018653718,-1.5440788269042969,-0.05274931862950325,-3.710458804562222e-05,0.9653337269484671,1.0,0.21350845891142328,0.06520687061842287,-9.914263359074181e-11,1.0813402302539188,0.916,0.032,1.0509974327480764,-12.43491230408911,-0.48348149970173837,-0.8416812792420387,-1.533754050731659,15,1,0,0.06,0.004,0.0
human_eval_AgentChatLogprobs_20260311_161129_929,HumanEval_8,2,1,251,-0.05531048273210215,0.0,0.23580186080873103,-2.1663076877593994,-0.054530177265405655,-1.4066795756662032e-05,0.9641172779148344,1.0,0.11459997558356708,0.0667104268171823,-9.915926724031738e-11,1.0813407857311361,0.9163346613545816,0.035856573705179286,1.0568687032223942,-13.88293116575764,-0.5433543992042541,-0.9731980785727501,-1.8551931381225586,15,2,0,0.05976095617529881,0.00796812749003984,0.0
human_eval_AgentChatLogprobs_20260311_161129_929,HumanEval_90,0,0,253,-0.05223838850312195,0.0,0.27351769631829576,-2.9721498489379883,-0.03170874416828151,-2.062341991404537e-05,0.9694780584552588,1.0,0.051193134437885854,0.050533306282252506,-6.842327969494667e-11,1.0241075837325728,0.924901185770751,0.019762845849802372,1.0536268851134123,-13.216312291289853,-0.5213322116434574,-0.9630684132377306,-2.5864150524139404,12,1,0,0.04743083003952569,0.003952569169960474,0.0
human_eval_AgentChatLogprobs_20260311_161129_929,HumanEval_90,1,0,268,-0.03985710034395273,0.0,0.2105439581889779,-2.200753927230835,-0.011733697168529018,-8.046630597391413e-07,0.9746852467186283,1.0,0.11071965232667456,0.044485299128407714,-9.805130984642646e-11,1.0488710050032728,0.9440298507462687,0.022388059701492536,1.0406620533170798,-10.681702892179331,-0.40739236915340793,-0.7569264700779548,-2.020217180252075,10,1,0,0.03731343283582089,0.0037313432835820895,0.0
human_eval_AgentChatLogprobs_20260311_161129_929,HumanEval_90,2,0,337,-0.040985665736786504,0.0,0.1769490200502332,-1.8483200073242188,-0.04243972003459928,-0.00015844170411583036,0.9706838930669808,1.0,0.15750154561686017,0.06347197808201532,6.589068412592201e-10,1.3482439064462568,0.9258160237388724,0.01483679525222552,1.041837171470204,-13.812169353297051,-0.4061939734401125,-0.7031573951244354,-1.4826487302780151,16,4,0,0.04747774480712166,0.011869436201780416,0.0
human_eval_AgentChatLogprobs_20260311_161129_929,HumanEval_91,0,0,249,-0.08309764380142982,0.0,0.3414093196973797,-2.5882909297943115,-0.11735262721776962,-0.0002965770836453885,0.9523824862249416,1.0,0.07514836422691448,0.07351566339855832,5.285581148012818e-10,1.1629726886795246,0.8955823293172691,0.03614457831325301,1.08664790780072,-20.691313306556026,-0.8165912109737595,-1.3605977843205135,-2.5835903882980347,16,1,0,0.0642570281124498,0.004016064257028112,0.0
human_eval_AgentChatLogprobs_20260311_161129_929,HumanEval_91,1,0,342,-0.04672492330908897,0.0,0.21467115644927687,-1.9067649841308594,-0.023385009728372097,-1.4990680938353762e-05,0.9697409176839017,1.0,0.14856020468712328,0.051179322836937796,3.443105703034977e-10,1.0806665799335615,0.9327485380116959,0.029239766081871343,1.0478337347963127,-15.979923771708428,-0.4645230163655737,-0.8489009063033497,-1.6507471799850464,16,2,0,0.04678362573099415,0.005847953216374269,0.0
human_eval_AgentChatLogprobs_20260311_161129_929,HumanEval_91,2,0,325,-0.05359510123395834,0.0,0.25364970829645794,-2.9990763664245605,-0.05173565670847893,-6.9141628955549095e-06,0.9665165815628475,1.0,0.04983307461901967,0.059173560273766114,1.1970416737621257e-10,1.2158335596396157,0.916923076923077,0.024615384615384615,1.0550573242500771,-17.41840790103646,-0.5318080101860687,-0.925063019618392,-2.0458505153656006,18,1,0,0.055384615384615386,0.003076923076923077,0.0
human_eval_AgentChatLogprobs_20260311_161129_929,HumanEval_92,0,0,268,-0.00958243765082533,0.0,0.11638644377153226,-1.839672565460205,-9.97786983134573e-06,0.0,0.9945759926721381,1.0,0.15886943693235508,0.021465050243761635,-9.999362019389631e-11,1.4411153185330527,0.9925373134328358,0.0037313432835820895,1.009628496206684,-2.5680932904211886,-0.09877147087466326,-0.19737445536660603,-1.1730152666568756,3,1,0,0.011194029850746268,0.0037313432835820895,0.0
human_eval_AgentChatLogprobs_20260311_161129_929,HumanEval_92,1,0,266,-0.0046345131303011725,0.0,0.05765289798152745,-0.9230251908302307,-8.404290383623447e-06,0.0,0.9966375220390521,1.0,0.39731526667745826,0.028196076672579146,-9.999585934569582e-11,1.2844256246514776,0.9924812030075187,0.0037593984962406013,1.0046452690960808,-1.2327804926601118,-0.04741353393620347,-0.09469022672587576,-0.548016831278801,7,3,0,0.02631578947368421,0.011278195488721804,0.0
human_eval_AgentChatLogprobs_20260311_161129_929,HumanEval_92,2,0,266,-0.011739735593544173,0.0,0.14121908863027507,-2.2006869316101074,-8.165869985532481e-06,0.0,0.9939491970622543,1.0,0.11072707030699225,0.02162017735735241,-9.999280568433034e-11,1.4562020555362993,0.9887218045112782,0.007518796992481203,1.0118089167472064,-3.12276966788275,-0.12010539319607443,-0.24003486653180936,-1.4469170570373535,3,1,0,0.011278195488721804,0.0037593984962406013,0.0
human_eval_AgentChatLogprobs_20260311_161129_929,HumanEval_93,0,0,489,-0.06486915436550064,0.0,0.28226743180253344,-2.830937385559082,-0.1056816786527633,-0.00029598086257465184,0.9596494364578508,1.0,0.05895756179157052,0.0807103744631723,8.699978022048671e-09,1.2946162020522642,0.8997955010224948,0.026584867075664622,1.0670194004193276,-31.721016484729816,-0.6302884942851961,-1.0434196516871452,-2.5741119980812073,38,7,0,0.07770961145194274,0.014314928425357873,0.0
human_eval_AgentChatLogprobs_20260311_161129_929,HumanEval_93,1,0,412,-0.08018231760457857,0.0,0.28813668331435943,-2.65222430229187,-0.12016095593571663,-0.0037086348747834563,0.9489437270834146,1.0,0.0704942380499534,0.09495009245083927,7.263155555960653e-07,1.2981983774239871,0.8810679611650486,0.04854368932038835,1.0834845879833757,-33.03511485308637,-0.7440037894539717,-1.2431549280881882,-1.9344661235809326,33,6,0,0.08009708737864078,0.014563106796116505,0.0
human_eval_AgentChatLogprobs_20260311_161129_929,HumanEval_93,2,0,410,-0.07046111425900829,0.0,0.28783360649316425,-2.9693737030029297,-0.08921609595417972,-0.00042159824079135433,0.9562533789121003,1.0,0.05133545150502926,0.07677099520531536,3.81774425317667e-09,1.1878272576129112,0.9024390243902439,0.036585365853658534,1.0730028441087789,-28.889056846193398,-0.677916461919866,-1.1383554831147193,-2.230832427740097,28,5,0,0.06829268292682927,0.012195121951219513,0.0
human_eval_AgentChatLogprobs_20260311_161129_929,HumanEval_94,0,1,622,-0.03752461477334031,0.0,0.20334808503414323,-2.5792267322540283,-0.010264763608574867,0.0,0.9757196487833777,1.0,0.07583262027624778,0.046488540249908346,-9.999803641581645e-11,1.1219604522989113,0.9405144694533762,0.017684887459807074,1.0382375527493346,-23.340310389017674,-0.37536114527873937,-0.6863241647520373,-1.7779901027679443,26,3,0,0.04180064308681672,0.00482315112540193,0.0
human_eval_AgentChatLogprobs_20260311_161129_929,HumanEval_94,1,1,651,-0.050838814387096594,0.0,0.26843755286044035,-3.1546547412872314,-0.023245811462402344,0.0,0.9705403002955163,1.0,0.042653124813711724,0.049039462754917745,-9.999694735132512e-11,1.1402891541211924,0.9400921658986175,0.026113671274961597,1.0521532876420396,-33.09606816599988,-0.504752010307633,-0.9553471426479518,-2.364193936189016,29,4,0,0.0445468509984639,0.006144393241167435,0.0
human_eval_AgentChatLogprobs_20260311_161129_929,HumanEval_94,2,0,559,-0.021393818282401604,0.0,0.12596165632546444,-1.3209617137908936,-0.000675664492882786,0.0,0.984660678852041,1.0,0.2668785177581637,0.03035562114554011,-9.999998571768262e-11,1.0830889217166304,0.9660107334525939,0.01073345259391771,1.0216243067543658,-11.959144419862497,-0.21739129963627254,-0.428712852023266,-1.1270552158355713,17,1,0,0.03041144901610018,0.0017889087656529517,0.0
human_eval_AgentChatLogprobs_20260311_161129_929,HumanEval_95,0,1,541,-0.06060590849214988,0.0,0.26369659008605767,-2.233616828918457,-0.038074791431427,-2.5033982637978625e-06,0.9627229798084667,1.0,0.1071402206669354,0.05970059989717448,-8.806312160073676e-11,1.134898999592196,0.9260628465804066,0.033271719038817,1.0624801172789837,-32.78779649425309,-0.5981844658101046,-1.0474779197463282,-2.0337173700332642,32,3,0,0.059149722735674676,0.005545286506469501,0.0
human_eval_AgentChatLogprobs_20260311_161129_929,HumanEval_95,1,1,276,-0.014886040521994317,0.0,0.12861133945014133,-1.888028621673584,-4.947326669935137e-05,0.0,0.990453907472411,1.0,0.15136992227668353,0.017452028735693854,-9.980622600733917e-11,0.6931474665006198,0.9782608695652174,0.010869565217391304,1.0149973894520246,-4.1085471840704315,-0.15216266997945407,-0.3147603946093183,-1.2905879020690918,3,0,0,0.010869565217391304,0.0,0.0
human_eval_AgentChatLogprobs_20260311_161129_929,HumanEval_95,2,1,388,-0.0738442829715976,0.0,0.2958836722662833,-2.9693684577941895,-0.11735101789236069,-0.0002402951940894127,0.9539538549393959,1.0,0.05133572077089436,0.08662774552864762,1.4450423102557826e-11,1.2785612240236361,0.8943298969072165,0.03608247422680412,1.0766391413947212,-28.65158179297987,-0.7014067055363404,-1.1502930145514638,-2.5514535109202066,30,7,0,0.07731958762886598,0.01804123711340206,0.0
human_eval_AgentChatLogprobs_20260311_161129_929,HumanEval_96,0,0,622,-0.06377474818931118,0.0,0.2927479325141111,-2.6710047721862793,-0.02458356078714132,-1.3411054169409908e-06,0.9630847685401916,1.0,0.06918267754519782,0.0615695661924384,-9.969468773905666e-11,1.2590898694416577,0.9292604501607717,0.03536977491961415,1.0658522865621918,-39.667893373751554,-0.6341181652199838,-1.1372848864524596,-2.3340770602226257,39,6,0,0.06270096463022508,0.00964630225080386,0.0
human_eval_AgentChatLogprobs_20260311_161129_929,HumanEval_96,1,1,498,-0.04979498100670945,0.0,0.24875897529934357,-3.0154104232788086,-0.029867133125662804,-1.1622973261182779e-05,0.9693709089040995,1.0,0.04902571006465767,0.05457681054313614,-5.633442396908302e-11,1.3423013665383339,0.929718875502008,0.02610441767068273,1.051055587926587,-24.797900541341306,-0.4992923087307385,-0.9105042678614458,-2.2851110994815826,23,3,0,0.04618473895582329,0.006024096385542169,0.0
human_eval_AgentChatLogprobs_20260311_161129_929,HumanEval_96,2,0,540,-0.06037078830597314,0.0,0.26798699564491046,-2.579036235809326,-0.04895488992333409,-0.00015844170411583036,0.962759941030897,1.0,0.07584706749683125,0.06933406217033483,-9.502967083892462e-11,1.4744567040603491,0.9148148148148149,0.025925925925925925,1.062230336121447,-32.600225685225496,-0.5897567792347184,-1.0108107604362346,-2.2182939291000365,38,5,0,0.07037037037037037,0.009259259259259259,0.0
human_eval_AgentChatLogprobs_20260311_161129_929,HumanEval_97,0,1,254,-0.08903981834556061,0.0,0.34682405226364177,-2.6148436069488525,-0.19923132508993147,-0.00017815928367781453,0.9479220674875838,1.0,0.07317923252454642,0.08709149353229366,-9.943183171187938e-11,1.3321835120087895,0.8818897637795275,0.047244094488188976,1.093124181856181,-22.616113859772398,-0.8561170595884323,-1.3954075276851654,-2.5969324111938477,22,2,0,0.08661417322834646,0.007874015748031496,0.0
human_eval_AgentChatLogprobs_20260311_161129_929,HumanEval_97,1,1,307,-0.035631797459843545,0.0,0.13079890826287127,-1.1942198276519775,-0.05611131936311722,-0.000492967723403126,0.9717103449511145,1.0,0.3029402075840351,0.06785073678209358,-9.903292640997403e-11,1.0826070457581012,0.9120521172638436,0.016286644951140065,1.0362742174376827,-10.938961820171968,-0.3421094489594301,-0.5359563529491425,-0.9289227525393168,21,2,0,0.06840390879478828,0.006514657980456026,0.0
human_eval_AgentChatLogprobs_20260311_161129_929,HumanEval_97,2,1,169,-0.014537248873971051,0.0,0.10951047649349531,-1.205800175666809,-2.7418175704951854e-06,0.0,0.9899445365351848,1.0,0.29945228918567424,0.01718186363735628,-9.99981561441962e-11,0.7084378006011105,0.9763313609467456,0.011834319526627219,1.0146434285727057,-2.4567950597011077,-0.15354908773355191,-0.3068658082629554,-1.205800175666809,4,0,0,0.023668639053254437,0.0,0.0
human_eval_AgentChatLogprobs_20260311_161129_929,HumanEval_98,0,1,248,-0.06682627318579161,0.0,0.2977034413085057,-2.2143971920013428,-0.03974211439490314,-2.8014223971695174e-06,0.9617556991918048,1.0,0.10921933269588477,0.05773207063442595,-9.685206741639925e-11,0.9727692362503755,0.9233870967741935,0.03225806451612903,1.0691097290130016,-16.57291575007632,-0.6747389524243772,-1.2133263523379962,-2.0337607860565186,13,0,0,0.05241935483870968,0.0,0.0
human_eval_AgentChatLogprobs_20260311_161129_929,HumanEval_98,1,1,333,-0.05270037781696893,0.0,0.21434744514131823,-2.628074884414673,-0.11667684018611907,-0.0013355587143450975,0.9629673093826399,1.0,0.07221735525945217,0.08404955429686244,3.797641875084971e-09,1.1448434892572663,0.8948948948948949,0.021021021021021023,1.0541137619324008,-17.549225813050654,-0.48401204361156985,-0.7921304684132338,-1.7644469738006592,24,2,0,0.07207207207207207,0.006006006006006006,0.0
human_eval_AgentChatLogprobs_20260311_161129_929,HumanEval_98,2,1,157,-0.033281228261985187,0.0,0.19725072158552853,-1.8398746252059937,-0.00486211199313402,-1.1920930376163597e-07,0.9797750539054633,1.0,0.1588373390572684,0.03218977734265806,-9.902282468675851e-11,0.9760949097540186,0.9617834394904459,0.01910828025477707,1.0338412437383744,-5.225152837131674,-0.3473985220926503,-0.7236673523272786,-1.8398746252059937,4,0,0,0.025477707006369428,0.0,0.0
human_eval_AgentChatLogprobs_20260311_161129_929,HumanEval_99,0,0,376,-0.04199972808147463,0.0,0.20747624232555717,-2.5679636001586914,-0.023274272680282593,-9.536748706295839e-07,0.9723297135536998,1.0,0.07669156119780035,0.053896716487907385,-7.198931541959546e-11,1.4986516135145822,0.9308510638297872,0.02127659574468085,1.042894195168473,-15.791897758634462,-0.421310857592805,-0.7654882926079962,-1.7728923956553142,19,1,0,0.05053191489361702,0.0026595744680851063,0.0
human_eval_AgentChatLogprobs_20260311_161129_929,HumanEval_99,1,1,419,-0.055502771115142784,0.0,0.23321376565283805,-2.001666784286499,-0.025660887360572766,-3.093528903264087e-05,0.964063613634118,1.0,0.13510989640090332,0.06466910470364912,2.3188442096845168e-10,1.3651007076913786,0.9260143198090692,0.0405727923627685,1.0570719463364417,-23.255661097244825,-0.5602390035623457,-0.9929839342832565,-1.751786231994629,24,6,0,0.057279236276849645,0.014319809069212411,0.0
human_eval_AgentChatLogprobs_20260311_161129_929,HumanEval_99,2,0,374,-0.03543484252761093,0.0,0.18993118932249378,-2.5798447132110596,-0.015385475475341082,-4.768372718899627e-07,0.9762291891754561,1.0,0.07578577163826931,0.048473717105324034,-7.438935794219547e-11,1.478613840481407,0.9385026737967914,0.0106951871657754,1.036070138217277,-13.252631105326486,-0.35479995296210853,-0.6526616406109598,-1.7674208482106526,18,1,0,0.0481283422459893,0.00267379679144385,0.0
human_eval_AgentChatLogprobs_20260311_161129_929,HumanEval_9,0,1,407,-0.07838475774114058,0.0,0.29154828679181677,-2.580672264099121,-0.14322762787342064,-0.0008386312983930111,0.9504347355537555,1.0,0.07572308099907246,0.09162180234359055,8.635187787079035e-09,1.4450268454150401,0.8943488943488943,0.04176904176904177,1.081538709016292,-31.902596400644214,-0.7537984866648912,-1.1717708379030227,-2.2481769323349,35,7,0,0.085995085995086,0.0171990171990172,0.0
human_eval_AgentChatLogprobs_20260311_161129_929,HumanEval_9,1,0,317,-0.08719223508496368,0.0,0.33412233655995704,-2.5789692401885986,-0.1567822307348251,-0.0008416140335611999,0.9487693077355498,1.0,0.07585214908841885,0.08532181242899911,5.678171894492065e-09,1.3004515508136685,0.889589905362776,0.04100946372239748,1.0911064084921585,-27.639938521933487,-0.8464551096962344,-1.4135169386863708,-2.3494009971618652,28,4,0,0.08832807570977919,0.012618296529968454,0.0
human_eval_AgentChatLogprobs_20260311_161129_929,HumanEval_9,2,0,328,-0.07050582916003781,0.0,0.27711430357771255,-2.636162042617798,-0.15479589700698845,-0.0005536121461773291,0.9548459422731356,1.0,0.07163567731348833,0.08955681568125633,3.707949938597076e-09,1.3004515508136685,0.8902439024390244,0.03353658536585366,1.0730508243974664,-23.125911964492403,-0.6835838356055319,-1.0596951022744179,-2.244479258855184,32,6,0,0.0975609756097561,0.018292682926829267,0.0
