run,task_id,rep,correct,num_tokens,mean_logprob,median_logprob,std_logprob,min_logprob,p10_logprob,p25_logprob,mean_prob,median_prob,min_prob,mean_entropy,median_entropy,max_entropy,high_conf_ratio,low_conf_ratio,perplexity,sum_logprob,tail_10pct_mean_logprob,tail_5pct_mean_logprob,tail_1pct_mean_logprob,entropy_spikes_05,entropy_spikes_10,entropy_spikes_15,entropy_spike_05_ratio,entropy_spike_10_ratio,entropy_spike_15_ratio,ft_entropy,ft_top1_prob,ft_top1_logprob,ft_margin,ft_topk_spread,fn_mean_entropy,fn_max_entropy,fn_entropy_var,fn_min_prob,fn_max_prob,fn_mean_prob,fn_perplexity,fn_mean_margin,fn_min_margin,fn_entropy_slope,full_entropy_slope,ft_temp_sensitivity,ft_hedging_max_prob,ft_hedging_sum_prob
human_eval_AgentChatLogprobs_20260311_161129_929,HumanEval_0,0,0,296,-0.0697578979835199,0.0,0.30199207649025844,-2.578763246536255,-0.1173511184751987,-0.0002405932900728,0.9581460954852835,1.0,0.07586777575908993,0.08011862570797698,-7.266495883987705e-11,1.3936612921115947,0.8918918918918919,0.030405405405405407,1.0722485562899753,-20.64833780312189,-0.6732363772803339,-1.1600932436329978,-2.4374996423721313,22,3,0,0.07432432432432433,0.010135135135135136,0.0,0.00039921739636113906,0.9999685287480237,-3.1471747206524014e-05,11.249999999505235,28.22222538920957,0.12432047476751684,0.6719127593891703,0.039359606730149085,0.11072707030699225,1.0,0.9016910108709295,1.1992077685013653,10.979168400074908,0.4166717529296875,-0.005122427351051879,8.494597750890191e-05,3.152021802381986e-05,1.3006888304560974e-05,1.3006888304560974e-05
human_eval_AgentChatLogprobs_20260311_161129_929,HumanEval_0,1,0,261,-0.05152045650096137,0.0,0.22301853497906532,-1.839672565460205,-0.0294523052871227,-4.541977250482887e-05,0.9661949778650795,1.0,0.15886943693235508,0.05603057267021375,-9.682246954890408e-11,0.7126709808063957,0.9080459770114943,0.03065134099616858,1.0528707241228183,-13.446839146750918,-0.5096303228145609,-0.8748744932504801,-1.6933887004852295,15,0,0,0.05747126436781609,0.0,0.0,0.00039921739636113906,0.9999685287480237,-3.1471747206524014e-05,11.249999999505235,28.22222538920957,0.16199887323368573,0.6931624438492806,0.06085654658444837,0.30293984645138117,1.0,0.9028592173137708,1.146027835401792,10.000001160028447,0.0,-0.009195473859398789,-0.00037686065261793953,3.152021802381986e-05,1.3006888304560974e-05,1.3006888304560974e-05
human_eval_AgentChatLogprobs_20260311_161129_929,HumanEval_0,2,0,256,-0.05990484192480838,0.0,0.2696112149034675,-2.2006869316101074,-0.03647375851869575,-2.0027361642860342e-05,0.9637243761754729,1.0,0.11072707030699225,0.05579881040700192,-9.747951618166927e-11,0.7347045950429437,0.9140625,0.0390625,1.0617355090307663,-15.335639532750946,-0.6007806047797203,-1.104756658275922,-2.2006853818893433,12,0,0,0.046875,0.0,0.0,0.0003887825589848976,0.9999691247940801,-3.087568256887607e-05,11.041667580127978,28.94270548194055,0.12492524197489747,0.6931723664103753,0.048262751303050765,0.11072707030699225,1.0,0.8993283534718589,1.1997315554588297,9.916667964340917,0.0,-0.008219575505636015,-0.0003288149445510774,3.088894102977511e-05,8.574666517032048e-06,8.574666517032048e-06
human_eval_AgentChatLogprobs_20260311_161129_929,HumanEval_1,0,0,449,-0.06918243040974796,0.0,0.26449095584497234,-3.403451919555664,-0.14414631426334373,-0.0012722356477752,0.9541143344284434,1.0,0.033258266722272556,0.09042375168739022,5.5100545300013884e-08,1.4069859994860976,0.8864142538975501,0.0400890868596882,1.0716316895252405,-31.062911253976836,-0.6482794877480377,-1.0469015619971536,-1.9199160039424896,40,6,0,0.08908685968819599,0.013363028953229399,0.0,0.006807106302889951,0.999159812936343,-0.0008405402186326,7.083332185458858,36.08550404895781,0.13875978990035556,0.6719077067006228,0.04894048279757925,0.3973143904505171,1.0,0.9364881967225746,1.0861499161742907,7.770832803621252,0.4166678190231323,-0.006163553350242281,0.00021706820214461065,0.0008348971642341131,0.0008382679780906156,0.0008382679780906156
human_eval_AgentChatLogprobs_20260311_161129_929,HumanEval_1,1,0,408,-0.06635451415729286,0.0,0.23466143997006053,-1.6720658540725708,-0.07921843454241746,-0.00193997038877565,0.9547838883074938,1.0,0.18785857609106935,0.08747912855396023,5.170642191415298e-07,1.3070275811773797,0.9068627450980392,0.04411764705882353,1.0686054857958809,-27.072641776175487,-0.6336449831724167,-1.001777422428131,-1.587481826543808,33,3,0,0.08088235294117647,0.007352941176470588,0.0,0.006807106302889951,0.999159812936343,-0.0008405402186326,7.083332185458858,36.08550404895781,0.12737710770835003,0.81196334809006,0.066479778364604,0.2019997188087982,1.0,0.9113485767993824,1.1548071617154918,11.28125019841409,0.0,-0.0039027822013535684,-8.810254010800968e-06,0.0008348971642341131,0.0008382679780906156,0.0008382679780906156
human_eval_AgentChatLogprobs_20260311_161129_929,HumanEval_1,2,1,436,-0.10574976632584313,0.0,0.3466092202231844,-2.579227924346924,-0.24112646281719205,-0.003663241106551075,0.9351414187424053,1.0,0.07583252987677379,0.11439382992133891,8.31967760702985e-08,1.244026461703048,0.8532110091743119,0.05504587155963303,1.1115436960398763,-46.106898118067605,-0.9559428608694742,-1.4663655757904053,-2.342574328184128,43,5,0,0.09862385321100918,0.011467889908256881,0.0,0.006807106302889951,0.999159812936343,-0.0008405402186326,7.083332185458858,36.08550404895781,0.13648455160432404,0.81196334809006,0.06736480161941164,0.2019997188087982,1.0,0.9087180894982557,1.1579958892326676,11.562500026661246,0.0,-0.0012438290538692438,0.00012685516924967855,0.0008348971642341131,0.0008382679780906156,0.0008382679780906156
human_eval_AgentChatLogprobs_20260311_161129_929,HumanEval_10,0,1,445,-0.08144988177757051,0.0,0.31459575034239046,-2.5788912773132324,-0.1390646576881407,-0.0001584417041158,0.9509885939873495,1.0,0.07585806297059312,0.08221554741500835,1.2667894960665874e-09,1.0933186650993247,0.8921348314606742,0.0449438202247191,1.0848588450245835,-36.24519739101888,-0.7800056511028246,-1.3014777898788452,-2.306016266345978,37,3,0,0.08314606741573034,0.006741573033707865,0.0,0.03494157582476759,0.994842112170146,-0.0051712356507778,5.416668001562357,32.91492161376425,0.14835932962297074,1.0379864040828537,0.08289918923671459,0.22725269841631973,1.0,0.9199686855664868,1.1311530569643569,15.906248860678442,0.41666412353515625,0.010590366466839104,0.0002466258283016817,0.005041774959161383,0.0044190115584416614,0.0044190115584416614
human_eval_AgentChatLogprobs_20260311_161129_929,HumanEval_10,1,0,419,-0.0679531113471605,0.0,0.26563641714539976,-2.8141133785247803,-0.0846575886011123,-0.00022205212007970002,0.9562180721722502,1.0,0.05995785510265337,0.08239924177376119,4.978396825783435e-10,1.4441329427495762,0.9045346062052506,0.03818615751789976,1.070315121668019,-28.47235365446025,-0.6624632045263197,-1.0951829522848129,-1.999104529619217,32,7,0,0.07637231503579953,0.016706443914081145,0.0,0.04756779801196497,0.9924783707513893,-0.00755005935207,5.000000180210918,31.743045072540774,0.16598225150425355,1.0498828971815488,0.08146438392144903,0.22059850445803655,1.0,0.9125085527220363,1.140670132833573,13.093749637219457,1.0416641533374786,0.0129015595019586,0.00022923307511743063,0.007274518362012135,0.006687265454743201,0.006687265454743201
human_eval_AgentChatLogprobs_20260311_161129_929,HumanEval_10,2,1,420,-0.06343596209194967,0.0,0.30341895150116627,-3.250696897506714,-0.048262286931276266,-0.00010365788330089257,0.9634963356773003,1.0,0.038747195596432235,0.06635641994535998,1.7597240068764466e-09,1.3277474916415426,0.9214285714285714,0.02619047619047619,1.065491251785898,-26.643104078618858,-0.6170182698184535,-1.0919326359317416,-2.529259502887726,25,4,0,0.05952380952380952,0.009523809523809525,0.0,0.04756779801196497,0.9924783707513893,-0.00755005935207,5.000000180210918,31.743045072540774,0.1456325560907269,1.0379864040828537,0.07931935905333458,0.6440180544320738,1.0,0.9464214176337379,1.0642856616796785,16.166665948683203,1.0416641533374786,0.00692602785671728,0.00017386706565972394,0.007274518362012135,0.006687265454743201,0.006687265454743201
human_eval_AgentChatLogprobs_20260311_161129_929,HumanEval_100,0,1,318,-0.051560004319107566,0.0,0.2474809379312849,-2.578889846801758,-0.010548811219632597,-1.2815007153221813e-06,0.9683902670707915,1.0,0.07585817148650026,0.059776905851493034,-9.971602221253052e-11,1.2275840425565505,0.9339622641509434,0.0220125786163522,1.052912363686119,-16.396081373476207,-0.5254658719584826,-0.9547013958295186,-1.9398841857910156,18,6,0,0.05660377358490566,0.018867924528301886,0.0,0.0014433226871014184,0.9998712539611762,-0.0001287543273065,9.79166792993783,24.194878425513707,0.028804039133294473,0.2026504580220283,0.0033331829929192473,0.9486461870899294,1.0,0.9936421544167912,1.0064964759660466,16.427083595280823,2.9166641011834145,-0.004034603061060833,0.00029603528240167734,0.00012881801635178313,5.59083573134455e-05,5.59083573134455e-05
human_eval_AgentChatLogprobs_20260311_161129_929,HumanEval_100,1,1,369,-0.051560064239643426,0.0,0.22467282182860968,-1.839672565460205,-0.0350523360073566,-6.890534132253379e-05,0.9665293760406638,1.0,0.15886943693235508,0.06497659738035935,-9.812426347625078e-11,1.4994606297595927,0.9214092140921409,0.02981029810298103,1.0529124267771939,-19.025663704428425,-0.5166393200763397,-0.9078199631637998,-1.653923471768697,22,5,0,0.05962059620596206,0.013550135501355014,0.0,0.0012421095223700807,0.9998910427084461,-0.0001089632278308,9.99999975564424,24.135848166214352,0.031510259640238784,0.26884803013025105,0.0047097482008242285,0.9241161371257613,1.0,0.9925094575663381,1.0077209978049442,16.41666717944758,2.499999977648258,-0.004922420544630048,0.0002486417969959721,0.00010894565017785578,3.685789259280347e-05,3.685789259280347e-05
human_eval_AgentChatLogprobs_20260311_161129_929,HumanEval_100,2,1,321,-0.04722987131698449,0.0,0.1947339837401135,-1.9341609477996824,-0.0350614003837108,-2.229238634754438e-05,0.9668387952839788,1.0,0.14454549917626247,0.07047878304228636,-9.902293999092345e-11,1.286164899348901,0.9190031152647975,0.018691588785046728,1.0483629699601795,-15.160788692752021,-0.4598218615865335,-0.76516835950315,-1.5856359004974365,22,4,0,0.06853582554517133,0.012461059190031152,0.0,0.0012421095223700807,0.9998910427084461,-0.0001089632278308,9.99999975564424,24.135848166214352,0.028793978475057908,0.2026504580220283,0.0033337354496738316,0.9486461870899294,1.0,0.9936431438541546,1.0064954799829455,16.437500186566144,2.9166641011834145,-0.004031728587278957,0.0004435328354605768,0.00010894565017785578,3.685789259280347e-05,3.685789259280347e-05
human_eval_AgentChatLogprobs_20260311_161129_929,HumanEval_101,0,0,194,-0.21813167984816054,-0.0001550437082187,0.5336935032745284,-2.976111650466919,-0.693147349357605,-0.11796553060412403,0.8768989535915026,0.9998449683162082,0.05099071862998533,0.19678242510769814,0.0015570558593744712,1.4006572117495562,0.7371134020618557,0.10824742268041238,1.243750833757414,-42.317545890543144,-1.6153729652103626,-2.288066413667467,-2.976111650466919,39,6,0,0.20103092783505155,0.030927835051546393,0.0,1.2362096823083795,0.48524539689707835,-0.7231005430221558,0.8333358764648438,24.208328591785083,0.200736237695703,1.2362096823083795,0.10971417771035938,0.48524539689707835,1.0,0.907695263757266,1.1255345212806203,12.104166746358803,0.0,-0.019835134342984038,0.0005999933670649632,0.11228224985152208,0.21088624386564256,0.21088624386564256
human_eval_AgentChatLogprobs_20260311_161129_929,HumanEval_101,1,0,184,-0.155098477533621,-5.47186573385261e-05,0.4210396078367151,-2.9757399559021,-0.6357414901256561,-0.048213089816272196,0.9061157783536503,0.9999452829369715,0.05100967512575128,0.16016777479667443,0.0006034832623609412,1.2362096823083795,0.7989130434782609,0.09782608695652174,1.1677729548433045,-28.538119866186264,-1.2446036405033536,-1.7312477032343547,-2.9757399559021,26,4,0,0.14130434782608695,0.021739130434782608,0.0,1.2362096823083795,0.48524539689707835,-0.7231005430221558,0.8333358764648438,24.208328591785083,0.15561550929474235,1.2362096823083795,0.0920657699815934,0.15886943693235508,1.0,0.8788668965066873,1.2445287137090413,15.770833209740385,0.8333358764648438,-0.023086061302586888,0.0003248735232678313,0.11228224985152208,0.21088624386564256,0.21088624386564256
human_eval_AgentChatLogprobs_20260311_161129_929,HumanEval_101,2,0,157,-0.016301855354735013,0.0,0.10628146970664433,-1.2438468933105469,-0.007385886088013613,0.0,0.9878689792680161,1.0,0.28827312622274387,0.031381952735850725,-9.98825651606405e-11,1.254620050569255,0.9617834394904459,0.006369426751592357,1.0164354555886663,-2.559391290693397,-0.1692562252903978,-0.33743969031742643,-1.2438468933105469,3,1,0,0.01910828025477707,0.006369426751592357,0.0,1.254620050569255,0.28827312622274387,-1.2438468933105469,0.4166679382324219,24.65494076411065,0.10752231730370096,1.254620050569255,0.0769389904662596,0.28827312622274387,1.0,0.9531075909599217,1.0767304826170851,14.50000057272417,0.4166679382324219,-0.013657860083569761,-0.0007354036416569649,0.08099182265007537,0.28827312622274387,0.28827312622274387
human_eval_AgentChatLogprobs_20260311_161129_929,HumanEval_102,0,0,328,-0.08532750875879011,0.0,0.3290947763275033,-3.5593535900115967,-0.15667741745710362,-0.00041593631613062504,0.948012345807689,1.0,0.028457213797341407,0.09536513900858822,-3.700845483049474e-11,1.759889995195326,0.8871951219512195,0.04573170731707317,1.0890736894689395,-27.987422872883158,-0.8177786879241467,-1.2858388274908066,-2.6601447264353433,27,8,1,0.08231707317073171,0.024390243902439025,0.003048780487804878,0.018701596690495228,0.9976797699514313,-0.0023229259531944,6.666668162913993,18.439233865249935,0.13888208052540313,0.7727307254816813,0.058277350940433736,0.30293598235893093,1.0,0.9157288084835642,1.1302451202347592,17.302082820136697,0.0,-0.0018499185808037355,0.0002069610414751312,0.0023044032138359607,0.0001580936228669541,0.0001580936228669541
human_eval_AgentChatLogprobs_20260311_161129_929,HumanEval_102,1,1,331,-0.06474661857888087,0.0,0.33366849632467255,-2.991523027420044,-0.0350601039826869,-1.299389714404242e-05,0.9659541470097378,1.0,0.05021090587266383,0.047914462144356317,-9.85016962793409e-11,1.0573425850251816,0.9335347432024169,0.030211480362537766,1.0668886603680898,-21.431130749609565,-0.6424613422290846,-1.2178687378764153,-2.8558297952016196,14,1,0,0.04229607250755287,0.0030211480362537764,0.0,0.019292427377741724,0.9976083039490338,-0.0023945607244968,6.666668053716421,18.116750335471913,0.11913096993516585,0.6134953076136295,0.038899812245690626,0.07487007797234137,1.0,0.9152545106603561,1.1892176408516044,11.76041686861301,0.8333358466625214,-0.008558734855390406,-0.0003834389852654191,0.0023757627633050676,0.00023979486291429475,0.00023979486291429475
human_eval_AgentChatLogprobs_20260311_161129_929,HumanEval_102,2,0,262,-0.07584978212807604,0.0,0.32517395601963456,-2.5791549682617188,-0.05888856202363961,-7.182388799265027e-06,0.9568458530016956,1.0,0.07583806252310245,0.06423834577789796,-9.818394789467969e-11,1.2605244481396385,0.916030534351145,0.03816793893129771,1.0788005068685147,-19.872642917555922,-0.7520243536967498,-1.2911142523472126,-2.579049825668335,17,2,0,0.0648854961832061,0.007633587786259542,0.0,0.019292427377741724,0.9976083039490338,-0.0023945607244968,6.666668053716421,18.116750335471913,0.13963623676563136,0.772460578856015,0.061238450467216654,0.30293598235893093,1.0,0.9115350097150546,1.1378801324237742,17.333332639534728,0.0,-0.0019148906235779742,-0.00016433564646616455,0.0023757627633050676,0.00023979486291429475,0.00023979486291429475
human_eval_AgentChatLogprobs_20260311_161129_929,HumanEval_103,0,1,489,-0.0552229571390331,0.0,0.2951075497455863,-3.1914196014404297,-0.02324547059833994,-1.6689314179529902e-06,0.9693703504632284,1.0,0.04111346475833527,0.04727595981931623,-9.87929754257069e-11,0.9735243796446549,0.934560327198364,0.022494887525562373,1.056776204210423,-27.004026040987185,-0.5578420054322729,-1.027483157813549,-2.6601014733314514,25,0,0,0.05112474437627812,0.0,0.0,0.033214887896102344,0.9950180055610022,-0.0049944459460675,5.416667884681374,24.2777687766578,0.09007853590246176,0.6419710314422011,0.037755939813812325,0.8006128659256866,1.0,0.973961973293263,1.0288847565303814,19.697916212144968,1.6666640639305115,-0.004907896802809666,-6.10829031414122e-05,0.0048652046446509166,0.0005503289363621509,0.0005503289363621509
human_eval_AgentChatLogprobs_20260311_161129_929,HumanEval_103,1,0,498,-0.04308312981472848,0.0,0.25950124804831287,-2.9791922569274902,-0.006827189959585599,-1.1920930376163597e-07,0.9763479999674775,1.0,0.05083387799891187,0.035407529288573186,-9.987827980984497e-11,1.091867161218603,0.9558232931726908,0.018072289156626505,1.0440246808216005,-21.455398647734782,-0.4366049477830529,-0.8538668711359302,-2.4276044964790344,17,1,0,0.03413654618473896,0.002008032128514056,0.0,0.031752427117976496,0.9952065347805422,-0.0048049907200038,5.416668035555631,25.16318438707018,0.09000541286355547,0.6419710314422011,0.03776435749190092,0.8006128659256866,1.0,0.9739713997542401,1.0288750101968367,19.697916219688683,1.6666640639305115,-0.004887004505979295,-0.0002164916688528342,0.004677193166000717,0.0003628674193823302,0.0003628674193823302
human_eval_AgentChatLogprobs_20260311_161129_929,HumanEval_103,2,1,366,-0.05227990548289703,0.0,0.24117838435560734,-2.9697251319885254,-0.0527006834745407,-1.6689314179529902e-06,0.9664417719640874,1.0,0.05131741390903442,0.060031299298187894,-9.71098665547921e-11,1.0788068577650862,0.9180327868852459,0.02459016393442623,1.0536706294275517,-19.134445406740312,-0.5202389808578624,-0.887653594215711,-1.9913779099782307,25,3,0,0.06830601092896176,0.00819672131147541,0.0,0.031752427117976496,0.9952065347805422,-0.0048049907200038,5.416668035555631,25.16318438707018,0.09037517352841931,0.641602557368696,0.034789818962228186,0.8043710028049654,1.0,0.9743494989153664,1.0281968437855236,19.687500014647572,1.6666640937328339,-0.0059075354886728056,0.0002120515674112485,0.004677193166000717,0.0003628674193823302,0.0003628674193823302
human_eval_AgentChatLogprobs_20260311_161129_929,HumanEval_104,0,0,294,-0.04200256804170347,0.0,0.17251373246714719,-1.376320242881775,-0.04787987917661664,-0.00050654746155485,0.9696306916576465,1.0,0.2525060063861371,0.06129902474112864,7.578065478359833e-10,0.9616949637793818,0.9217687074829932,0.023809523809523808,1.042897156950716,-12.34875500426082,-0.41356161789133633,-0.7047215402126312,-1.294072687625885,19,0,0,0.06462585034013606,0.0,0.0,0.006812747479359417,0.9991593360928198,-0.0008410174632444,7.08333599974867,40.568134334330395,0.06057559682542837,0.5303042546830905,0.015850274391151734,0.77729988964086,1.0,0.9812931928137042,1.020537799787588,13.781249422418702,1.25,-0.0029227640453893954,-0.00018248988600226597,0.0008353514694064475,0.0008382643806424505,0.0008382643806424505
human_eval_AgentChatLogprobs_20260311_161129_929,HumanEval_104,1,0,305,-0.03788788681634838,0.0,0.19290466272767576,-1.839881181716919,-0.01829551234841339,-1.299389714404242e-05,0.9749545920654252,1.0,0.15883629764193358,0.04560513683709153,-6.538052778942174e-11,1.0488640388210433,0.9377049180327869,0.019672131147540985,1.038614783940874,-11.555805478986256,-0.37988599091768266,-0.6899978468815485,-1.6245957215627034,11,1,0,0.036065573770491806,0.003278688524590164,0.0,0.009780972076409903,0.9987266659375313,-0.0012741454411298,6.666667901678011,39.422309411794025,0.05675022365744352,0.43779040319349855,0.011961216908843933,0.8411304889862528,1.0,0.9843171890402218,1.0166919048634768,13.760416176959657,1.6666640937328339,-0.0015231699537379582,-0.0003443844248342249,0.0012617428518987021,0.0012710117436566222,0.0012710117436566222
human_eval_AgentChatLogprobs_20260311_161129_929,HumanEval_104,2,0,288,-0.05288245749722984,0.0,0.26023270829327094,-2.9839653968811035,-0.0350526310503482,-6.282527465373278e-05,0.9675927382489399,1.0,0.0505918189352984,0.05503607160680034,1.509045884599008e-10,1.078381179770067,0.9305555555555556,0.03125,1.0543057121037147,-15.230147759202195,-0.5326551337327275,-0.9463268156562533,-2.434074640274048,15,1,0,0.052083333333333336,0.003472222222222222,0.0,0.009780972076409903,0.9987266659375313,-0.0012741454411298,6.666667901678011,39.422309411794025,0.05675022365744352,0.43779040319349855,0.011961216908843933,0.8411304889862528,1.0,0.9843171890402218,1.0166919048634768,13.760416176959657,1.6666640937328339,-0.0015231699537379582,-0.0003022336912563263,0.0012617428518987021,0.0012710117436566222,0.0012710117436566222
human_eval_AgentChatLogprobs_20260311_161129_929,HumanEval_105,0,1,586,-0.04434142360878689,0.0,0.2124471001966888,-2.200688123703003,-0.0172600243240594,0.0,0.971478651513407,1.0,0.11072693831011707,0.05227735049877664,-9.963714680990589e-11,1.6093681228910943,0.9419795221843004,0.027303754266211604,1.0453391974489394,-25.984074234749116,-0.444084575207069,-0.8250715783957777,-1.7155269384384155,27,4,1,0.04607508532423208,0.006825938566552901,0.0017064846416382253,0.1397401917919582,0.9728602166495522,-0.0275148693472147,3.7500000651925802,23.69617119746281,0.18311652590535604,1.1959075422013448,0.09129974947164574,0.29775193708939063,1.0,0.904776331752457,1.1532824573567622,10.510416236774045,0.0,0.008422611762694602,-4.977375516956851e-05,0.02482206255551955,0.022879477837013888,0.022879477837013888
human_eval_AgentChatLogprobs_20260311_161129_929,HumanEval_105,1,1,556,-0.03362628487394495,0.0,0.19184769448543854,-2.584639072418213,-0.00400003069080405,0.0,0.9782482933965628,1.0,0.07542329703728066,0.04132890239637924,-9.986986797726139e-11,1.1959075422013448,0.9496402877697842,0.017985611510791366,1.0341980390489935,-18.696214389913393,-0.3394653240303424,-0.6450144841715142,-1.6587404012680054,21,3,0,0.03776978417266187,0.00539568345323741,0.0,0.1397401917919582,0.9728602166495522,-0.0275148693472147,3.7500000651925802,23.69617119746281,0.15817504764982698,1.1959075422013448,0.08665130501338862,0.30293591013337307,1.0,0.9136986364011277,1.1405634515375516,10.96874941306414,0.0,0.0012097287580972232,7.177061486271651e-05,0.02482206255551955,0.022879477837013888,0.022879477837013888
human_eval_AgentChatLogprobs_20260311_161129_929,HumanEval_105,2,1,570,-0.030956499367673286,0.0,0.17704371027019397,-2.6878058910369877,-0.0020282824174500543,0.0,0.979324521652351,1.0,0.06803004106211627,0.039871424637381726,-9.993607673434794e-11,1.1482772764170475,0.9491228070175438,0.017543859649122806,1.0314406345907963,-17.645204639573773,-0.3093106115171522,-0.5955740889268262,-1.559016513824463,22,2,0,0.03859649122807018,0.0035087719298245615,0.0,0.14559729561591547,0.9719068995689001,-0.0284952614456415,3.750000050291419,22.510412104895288,0.15094430432412,1.1482772764170475,0.08211882122726841,0.38895088566283287,1.0,0.9300545887389615,1.103453523938137,10.906249624010934,0.416664183139801,-0.005821232695225748,1.1982843123408085e-05,0.025770815498442318,0.022857058310249232,0.022857058310249232
human_eval_AgentChatLogprobs_20260311_161129_929,HumanEval_106,0,1,424,-0.044840693159146336,0.0,0.2081135416398891,-2.3505184650421143,-0.035052434355020486,-2.5033982637978625e-06,0.9697936766199723,1.0,0.09531972945453171,0.06442628872588393,-9.929493296956957e-11,1.4642476087576786,0.9316037735849056,0.01179245283018868,1.0458612337876028,-19.012453899478047,-0.4430361728050879,-0.7810074814728328,-1.7451322674751282,23,5,0,0.054245283018867926,0.01179245283018868,0.0,0.02632453744263791,0.9965709447599818,-0.0034349479246884,6.458336063427851,19.41145573840708,0.1225859652620459,0.8814392249601518,0.05169302025259638,0.5604006576211482,1.0,0.9534048974255821,1.0571971598936942,13.822916294523006,0.416664183139801,-0.0015141666250673305,-0.0004672733452077744,0.0033978054597323466,0.0015620268919547943,0.0015620268919547943
human_eval_AgentChatLogprobs_20260311_161129_929,HumanEval_106,1,1,462,-0.04951856883529009,0.0,0.2444904573506998,-2.6623358726501465,-0.028312910720705946,-1.189119939226657e-05,0.9696732222605452,1.0,0.06978502228733552,0.05292731726675954,-9.820329389598078e-11,1.0599249359529441,0.9415584415584416,0.02813852813852814,1.0507651035178085,-22.877578801904022,-0.4900282239946334,-0.9053825360277424,-2.1071733236312866,23,1,0,0.049783549783549784,0.0021645021645021645,0.0,0.022874861822173752,0.9970307349987406,-0.0029736820142716,6.249999874504283,18.819441920462015,0.12612611278821978,0.8807057635305159,0.056792990709452984,0.06978502228733552,1.0,0.9218159658588044,1.1860511061898498,13.270834019984736,0.41666412353515625,-0.0008287405186351344,-8.520637888331042e-05,0.0029405906247010963,0.0008364787569791576,0.0008364787569791576
human_eval_AgentChatLogprobs_20260311_161129_929,HumanEval_106,2,1,449,-0.0461461268077817,0.0,0.22423491820942945,-2.917797327041626,-0.023614786937832817,-7.152560215217818e-07,0.9703983693908759,1.0,0.05405261650790789,0.05582269699825206,-9.712618395342024e-11,1.4695135987992372,0.933184855233853,0.026726057906458798,1.0472274277777778,-20.719610936693982,-0.4647842058488591,-0.840644278309562,-1.7390651106834412,24,4,0,0.053452115812917596,0.008908685968819599,0.0,0.022874861822173752,0.9970307349987406,-0.0029736820142716,6.249999874504283,18.819441920462015,0.12256767568677134,0.8807057635305159,0.05162527684477473,0.5604564091368608,1.0,0.953399942292594,1.0571999778031693,13.802083444852164,0.41666412353515625,-0.0015030606560141955,-0.00040873803026198645,0.0029405906247010963,0.0008364787569791576,0.0008364787569791576
human_eval_AgentChatLogprobs_20260311_161129_929,HumanEval_107,0,1,467,-0.0273100585078368,0.0,0.15251707875231313,-2.1318910121917725,-0.01016892828047274,-1.1920930376163597e-07,0.9808568542818097,1.0,0.1186127834237791,0.041072663722023124,-9.921464684024251e-11,1.3733909793577617,0.9507494646680942,0.014989293361884369,1.0276863962801766,-12.753797323159786,-0.2747753931249937,-0.5160485554648482,-1.3580866605043411,17,1,0,0.03640256959314775,0.0021413276231263384,0.0,4.111505543380248e-05,0.9999971389770508,-2.861027041944908e-06,12.91666793822833,41.722662917760985,0.11082527637151132,0.8865261215056165,0.06613454351831989,0.48543117518323103,1.0,0.9479360550159205,1.0714317574790164,12.874999228308079,0.0,0.007292947842046378,-0.00024015137720887516,2.8721406231763058e-06,2.456751032937079e-06,2.456751032937079e-06
human_eval_AgentChatLogprobs_20260311_161129_929,HumanEval_107,1,1,459,-0.06379419494166264,0.0,0.3259133981032578,-2.977867841720581,-0.016449819132685558,-1.1920930376163597e-07,0.9668297652567266,1.0,0.0509012477628821,0.0460348533541156,-9.957146870630283e-11,1.164269418758753,0.9389978213507625,0.02832244008714597,1.065873014129193,-29.281535478223148,-0.6478695999003119,-1.2470539063215256,-2.7109100222587585,19,2,0,0.04139433551198257,0.004357298474945534,0.0,4.111505543380248e-05,0.9999971389770508,-2.861027041944908e-06,12.91666793822833,41.722662917760985,0.11082527637151132,0.8865261215056165,0.06613454351831989,0.48543117518323103,1.0,0.9479360550159205,1.0714317574790164,12.874999228308079,0.0,0.007292947842046378,-8.752520377040966e-05,2.8721406231763058e-06,2.456751032937079e-06,2.456751032937079e-06
human_eval_AgentChatLogprobs_20260311_161129_929,HumanEval_107,2,1,484,-0.04953363885054703,0.0,0.22412316132917984,-2.2006869316101074,-0.023495470546185927,-1.6689314179529902e-06,0.9678572967809573,1.0,0.11072707030699225,0.06013373984765839,-9.864667060152818e-11,1.2947346137416988,0.9235537190082644,0.024793388429752067,1.0507809386832678,-23.97428120366476,-0.4937010256495948,-0.8626093479494253,-1.8176957666873932,30,3,0,0.06198347107438017,0.006198347107438017,0.0,5.7186132190030234e-05,0.9999958276749297,-4.172333774477011e-06,12.499995827666226,40.776462398774285,0.06467491566400005,0.8312370808364499,0.03348816812687941,0.38481614196285197,1.0,0.9641701386711887,1.0543350405954761,17.177082466411072,0.4166678786277771,-0.003498934460345009,-0.00020667700357227223,4.1364000084703124e-06,3.726653172078671e-06,3.726653172078671e-06
human_eval_AgentChatLogprobs_20260311_161129_929,HumanEval_108,0,0,453,-0.050333127207757636,0.0,0.2010780404489984,-1.5431431531906128,-0.0786177217960357,-0.0002406529092695,0.9649033248159564,1.0,0.21370832665499107,0.06951872068236553,-8.532612061175011e-11,1.15757153754042,0.9161147902869757,0.02869757174392936,1.0516213617191748,-22.80090662511421,-0.4777646530005667,-0.8273138390346007,-1.5142660439014435,27,2,0,0.059602649006622516,0.004415011037527594,0.0,0.0017254872034363172,0.999827206135111,-0.0001728087954688,8.7499998062558,34.37542401397228,0.05000251478798008,0.38807998001908683,0.013200888469054258,0.8892102851735381,1.0,0.9874024304864261,1.0132621496104688,14.270833025093543,2.083332158625126,-1.0383064957187853e-05,-0.00011451088534385049,0.00017258464721874633,0.00015843397466660966,0.00015843397466660966
human_eval_AgentChatLogprobs_20260311_161129_929,HumanEval_108,1,0,487,-0.12764738958882155,-7.152560215217818e-07,0.4107442911998068,-3.2017834186553955,-0.2794092476367949,-0.013529032934457001,0.9264197908616543,0.9999992847442343,0.040689572688605534,0.12449006765578027,1.0886081210917372e-05,1.4032290113554573,0.837782340862423,0.06570841889117043,1.1361523129232978,-62.16427872975609,-1.1346738977978628,-1.7396412789821625,-2.7851279377937317,54,7,0,0.11088295687885011,0.014373716632443531,0.0,0.0017257685411108637,0.999827206135111,-0.0001728087954688,8.7499998062558,34.06943747525638,0.053373509072859794,0.4611081541895839,0.0159488203307478,0.8892070653647794,1.0,0.9864624025477438,1.0143156081811031,14.281250014883131,2.0833321139216423,-0.00011096937049626228,7.063947920649547e-05,0.00017260431961322565,0.00015843397466660966,0.00015843397466660966
human_eval_AgentChatLogprobs_20260311_161129_929,HumanEval_108,2,0,415,-0.07630921646459819,0.0,0.31763656717657135,-3.018044948577881,-0.11754429340362546,-0.00099351303651925,0.9547013327098609,1.0,0.0488967205788259,0.07875991735468407,4.671808868941736e-09,1.307724293357108,0.891566265060241,0.03855421686746988,1.079296258737623,-31.66832483280825,-0.7296981155508901,-1.2578127145767213,-2.500349998474121,30,3,0,0.07228915662650602,0.007228915662650603,0.0,0.0017257685411108637,0.999827206135111,-0.0001728087954688,8.7499998062558,34.06943747525638,0.05167640759257976,0.41854098599244804,0.01426118561798236,0.11072010108716117,1.0,0.9481392950835866,1.124917242612408,13.677083799700062,2.0833320319652557,-7.338743687712988e-05,-0.00011874063395654819,0.00017260431961322565,0.00015843397466660966,0.00015843397466660966
human_eval_AgentChatLogprobs_20260311_161129_929,HumanEval_109,0,1,592,-0.04840780694289719,0.0,0.24019321919141118,-2.864262819290161,-0.02606320232152931,-1.132488904431739e-06,0.9695515221385514,1.0,0.05702515348422147,0.058226556541612434,-9.852749034296046e-11,1.1745962785486435,0.9256756756756757,0.015202702702702704,1.0495986016558074,-28.657421710195138,-0.47971982995079737,-0.8538854502398392,-2.2137088775634766,34,3,0,0.057432432432432436,0.005067567567567568,0.0,0.00032700673798120145,0.9999738931662266,-2.610717456263956e-05,11.249995827334715,39.63931234822851,0.14202886637401585,0.7277360467787617,0.05704726400209568,0.15886939905493422,1.0,0.905074421805778,1.1679533348698663,10.406249007519111,0.4166640639305115,0.0054898388805286824,-0.00024347481920611468,2.6127283134688206e-05,2.4567041745767183e-06,2.4567041745767183e-06
human_eval_AgentChatLogprobs_20260311_161129_929,HumanEval_109,1,1,600,-0.05282415498705267,0.0,0.247759913190003,-2.391252040863037,-0.02324574440717688,-4.768372718899627e-07,0.9675486171062988,1.0,0.09151503155869462,0.054954365710862256,-9.850893548683047e-11,1.322713701444871,0.93,0.028333333333333332,1.054244245226059,-31.694492992231602,-0.5245792440449198,-0.9392352710167567,-1.9269623756408691,34,2,0,0.056666666666666664,0.0033333333333333335,0.0,0.00032700673798120145,0.9999738931662266,-2.610717456263956e-05,11.249995827334715,39.63931234822851,0.1428085553144273,0.7277360467787617,0.05827067917593974,0.49999999904767284,1.0,0.9340942207633338,1.0846073188899663,10.718749744516206,0.0,0.005618213021778286,-0.00013658111826989018,2.6127283134688206e-05,2.4567041745767183e-06,2.4567041745767183e-06
human_eval_AgentChatLogprobs_20260311_161129_929,HumanEval_109,2,1,607,-0.04724588044734252,0.0,0.204767648930245,-2.112226247787476,-0.03506104126572606,-4.649173661164241e-06,0.9678750546476854,1.0,0.1209683608945695,0.06047774027468987,-9.773503644817934e-11,1.3420101039478771,0.9225700164744646,0.026359143327841845,1.0483797534739727,-28.678249431536912,-0.47049005261311927,-0.802029088139534,-1.6000523567199707,40,4,0,0.06589785831960461,0.006589785831960461,0.0,0.00022301236895863908,0.9999827146532513,-1.7285496141994372e-05,11.666667818873975,40.29557769699543,0.143311483397113,0.7277360467787617,0.05813642135522484,0.49999999904767284,1.0,0.9340196136345911,1.0846883413652515,10.32291636864886,0.0,0.0057563024332041406,-4.410591390578776e-05,1.723990506905905e-05,1.6195648715579947e-06,1.6195648715579947e-06
human_eval_AgentChatLogprobs_20260311_161129_929,HumanEval_11,0,1,280,-0.08381644283408067,0.0,0.29387503050061414,-2.5789906978607178,-0.1743041172623634,-0.0012727428984362,0.9464592851039173,1.0,0.07585052149533641,0.09674999330546287,1.4519003163065218e-08,1.1088030663860433,0.8821428571428571,0.05,1.0874292700532526,-23.468603993542587,-0.7827176983867373,-1.2024511184011186,-2.240829348564148,27,5,0,0.09642857142857143,0.017857142857142856,0.0,0.012048990694157375,0.9986075758949777,-0.0013933944283053,7.083335800212808,23.72438624618866,0.15938789296766104,0.9840896840945595,0.1014971832463285,0.35317296621003236,1.0,0.917292135609966,1.123225453961059,15.041666267039,0.4166640639305115,0.006146765304952204,-3.682533247514816e-05,0.0013864442895877341,4.5336717262934106e-05,4.5336717262934106e-05
human_eval_AgentChatLogprobs_20260311_161129_929,HumanEval_11,1,1,303,-0.039592784273969506,0.0,0.1446521893211005,-0.997973084449768,-0.05306736305356024,-0.000408525171224,0.9694588153052945,1.0,0.36862585793769126,0.06711465844126895,5.18662618988556e-10,0.9908923072658705,0.9141914191419142,0.019801980198019802,1.0403870259616426,-11.99661363501276,-0.38365561875204246,-0.6321598668893178,-0.903235912322998,19,0,0,0.0627062706270627,0.0,0.0,0.011875586476735256,0.9986242055918835,-0.0013767416821792,7.083335763658397,23.86674798616935,0.156889180513214,0.9728825370475215,0.09768325757261005,0.5372397457915181,1.0,0.9302581108568704,1.0927275301023511,15.072916050633012,0.41666412353515625,0.006377483731451594,-0.0003996801957361507,0.0013697395766159475,3.681103173970134e-05,3.681103173970134e-05
human_eval_AgentChatLogprobs_20260311_161129_929,HumanEval_11,2,1,305,-0.05274971283893962,0.0,0.21946993032310586,-1.7929667234420776,-0.03697739690542217,-0.000364608480595,0.9648874195319947,1.0,0.1664655790373633,0.0664135450312044,6.601624653487403e-10,1.4307937111186004,0.9147540983606557,0.03278688524590164,1.0541657679408536,-16.088662415876584,-0.5231371591488521,-0.8979582091172537,-1.5403534571329753,20,3,0,0.06557377049180328,0.009836065573770493,0.0,0.011875586476735256,0.9986242055918835,-0.0013767416821792,7.083335763658397,23.86674798616935,0.14592301465166319,0.9475491080560015,0.07678007722198095,0.265493584287755,1.0,0.9067291243907493,1.1622071114143269,11.64583371634662,0.833328127861023,-0.002535295891279865,-0.00036949561700282276,0.0013697395766159475,3.681103173970134e-05,3.681103173970134e-05
human_eval_AgentChatLogprobs_20260311_161129_929,HumanEval_110,0,1,548,-0.03974966142906026,0.0,0.2182750574641707,-2.578894853591919,-0.006731724273413339,0.0,0.9755491476783923,1.0,0.07585779168150443,0.044857952484363355,-9.993733279417859e-11,1.3844802805903667,0.9470802919708029,0.020072992700729927,1.0405502517213303,-21.78281446312502,-0.40236445920783337,-0.7556054100946143,-1.8395660638809204,21,4,0,0.03832116788321168,0.0072992700729927005,0.0,0.0001400370593745385,0.9999896287919302,-1.0371261851105372e-05,11.874996304458364,33.003890367689614,0.1222794869834544,0.6931471803690769,0.05395685381573667,0.30293981033813944,1.0,0.924005271819276,1.1184923127559483,15.187499400699517,0.0,0.0072244026832632416,-8.440967721381463e-05,1.043267959676743e-05,2.4567416611935063e-06,2.4567416611935063e-06
human_eval_AgentChatLogprobs_20260311_161129_929,HumanEval_110,1,1,534,-0.06280917876241025,0.0,0.2653576874418804,-2.6011533737182617,-0.05604662001132961,-1.5199196070625476e-06,0.9609649288079967,1.0,0.07418796240426383,0.06661023157748845,-9.939073963385945e-11,1.4750339497285845,0.9138576779026217,0.03745318352059925,1.064823628880819,-33.54010145912707,-0.6234659795069469,-1.0761742672094932,-1.9707312822341918,34,7,0,0.06367041198501873,0.013108614232209739,0.0,0.0002705467918895733,0.9999777078621258,-2.229238634754438e-05,10.833331703890508,33.539928655741576,0.15674736814342588,0.6931471803673585,0.07023675417893734,0.39731434308695374,1.0,0.9115220021694093,1.1265906772597318,13.281250335326103,0.0,0.012656931189573119,-5.6535582228519364e-05,2.2256690112305367e-05,1.9946899474566492e-06,1.9946899474566492e-06
human_eval_AgentChatLogprobs_20260311_161129_929,HumanEval_110,2,1,526,-0.03404528018844134,0.0,0.17996060618701815,-2.381563425064087,-0.02324562892317765,-1.460314905443738e-06,0.9768963502923729,1.0,0.09240599466943683,0.05284034809454152,-9.986271210332056e-11,1.3788301313483904,0.9372623574144486,0.015209125475285171,1.034631453974687,-17.907817379120146,-0.3361710148433653,-0.6017705431351295,-1.5547300577163696,22,3,0,0.04182509505703422,0.005703422053231939,0.0,0.0002705467918895733,0.9999777078621258,-2.229238634754438e-05,10.833331703890508,33.539928655741576,0.11809326961318312,0.6931471803673585,0.051266683874973615,0.30293981033813944,1.0,0.925391864080407,1.1166698714830892,15.041666739249877,0.0,0.007226874499280086,-0.0001523034539685091,2.2256690112305367e-05,1.9946899474566492e-06,1.9946899474566492e-06
human_eval_AgentChatLogprobs_20260311_161129_929,HumanEval_111,0,1,351,-0.06236652970263495,0.0,0.2682483286673264,-2.3703863620758057,-0.052702035754919,-1.978893851628527e-05,0.9614288125754122,1.0,0.09344461584690564,0.06605158794568154,-8.110482537261918e-11,1.2671943521281843,0.9116809116809117,0.03418803418803419,1.064352390007085,-21.890651925624866,-0.6107516684702464,-1.0711023001109852,-2.147189458211263,22,2,0,0.06267806267806268,0.005698005698005698,0.0,0.043084369395867975,0.9929975269452048,-0.0070271054282784,5.000000043772161,27.01214470152369,0.14420098085581806,0.652672429553865,0.039144056171011944,0.154069305042995,1.0,0.924195211732895,1.1384672378774614,11.479166426945984,1.2499999403953552,-0.004661997098033609,7.466740335047294e-05,0.0067539409925750195,0.006690764413910509,0.006690764413910509
human_eval_AgentChatLogprobs_20260311_161129_929,HumanEval_111,1,1,350,-0.04825236556536432,0.0,0.223591861467752,-2.8137776851654053,-0.057083395496010735,-1.978893851628527e-05,0.9677455004307397,1.0,0.059977985935158046,0.06447495094754781,-8.294986841973562e-11,1.0861817405480378,0.9028571428571428,0.025714285714285714,1.0494354632828649,-16.888327947877514,-0.46688333324023656,-0.78348648723434,-1.9992175499598186,23,2,0,0.06571428571428571,0.005714285714285714,0.0,0.043084369395867975,0.9929975269452048,-0.0070271054282784,5.000000043772161,27.01214470152369,0.17033423412953033,0.652672429553865,0.046336531539719755,0.7551028057605234,1.0,0.9459836687820147,1.0606741315605088,11.302082650334,1.2499999403953552,-8.470724453262255e-05,-7.686209767209236e-05,0.0067539409925750195,0.006690764413910509,0.006690764413910509
human_eval_AgentChatLogprobs_20260311_161129_929,HumanEval_111,2,1,387,-0.0628821388012335,0.0,0.27561649735573135,-2.969369888305664,-0.07503450065851205,-2.4437937327093096e-06,0.9615377557138133,1.0,0.05133564733460926,0.06298368258743428,-8.03195405759598e-11,1.0609821998681381,0.9147286821705426,0.03875968992248062,1.064901321288308,-24.335387716077364,-0.6197762916746893,-1.0844411551952362,-2.230145215988159,23,1,0,0.059431524547803614,0.002583979328165375,0.0,0.06064812111128476,0.9894229774189284,-0.0106333568692207,4.583332173526287,27.003467786354122,0.1713222505834652,0.652672429553865,0.04620259891478373,0.15875270373709852,1.0,0.9117039750641155,1.153076921051027,11.385416245849706,1.2499999403953552,-0.0003223108930993095,1.1917649699277572e-05,0.010048339629076494,0.010112676628510429,0.010112676628510429
human_eval_AgentChatLogprobs_20260311_161129_929,HumanEval_112,0,1,220,-0.08924735855534885,0.0,0.33934442644813584,-2.60855484008789,-0.13142612129449827,-0.0022109032724983253,0.9471215322196984,1.0,0.07364088976283807,0.09990002628886539,2.3386230395870685e-07,1.5641441137376564,0.8863636363636364,0.04090909090909091,1.0933510726218723,-19.634418882176746,-0.8338424136692827,-1.3573186289180408,-2.5939791202545166,17,5,1,0.07727272727272727,0.022727272727272728,0.004545454545454545,0.11298225609570844,0.9798890952649192,-0.0203158818185329,4.583331827074289,21.17578215417598,0.15600928421340177,1.0778654508051821,0.0767742605550977,0.2843418309387829,1.0,0.9104268692571367,1.153741256209469,15.895832623187335,0.416664183139801,-0.009423138989318926,0.00022811208336349608,0.019149523181927648,0.010015236366519133,0.010015236366519133
human_eval_AgentChatLogprobs_20260311_161129_929,HumanEval_112,1,1,250,-0.06009756442849903,0.0,0.24410545986338783,-2.2377376556396484,-0.11250309944152823,-0.000348301196936475,0.9607062069537634,1.0,0.10669962281987778,0.07297682139567793,1.4081137816504242e-09,1.1486667775235109,0.896,0.032,1.0619401490750613,-15.024391107124757,-0.5699515801668167,-1.0104175781210263,-1.8835489153862,16,2,0,0.064,0.008,0.0,0.16524948315428925,0.9672358046874087,-0.0333129614591598,3.749999836087227,20.303811302617348,0.20683245228483793,0.7360885045678514,0.05498134248894563,0.22270004078932287,1.0,0.8717944089701257,1.2195913909317264,8.312500336714583,0.4166678190231323,0.0010567906291287289,-0.0004360499705801038,0.030104027705673206,0.009885909096506678,0.009885909096506678
human_eval_AgentChatLogprobs_20260311_161129_929,HumanEval_112,2,1,266,-0.05694191927498215,0.0,0.24653843684320756,-2.198737382888794,-0.0743412710726261,-0.000364608480595,0.9634443729275688,1.0,0.11094314868454822,0.07109512143038237,1.5618584836565406e-09,1.200334360658061,0.9135338345864662,0.02631578947368421,1.0585943246840726,-15.146550527145251,-0.5524256834043906,-0.9418450341774867,-2.04180645942688,18,2,0,0.06766917293233082,0.007518796992481203,0.0,0.16524948315428925,0.9672358046874087,-0.0333129614591598,3.749999836087227,20.303811302617348,0.2085136879475753,0.6035670241623475,0.04269433506296359,0.2227001469810028,1.0,0.903856774081051,1.1472461256728799,8.520833399113325,1.2499999403953552,-0.002335790647498888,-0.0002772615805611322,0.030104027705673206,0.009885909096506678,0.009885909096506678
human_eval_AgentChatLogprobs_20260311_161129_929,HumanEval_113,0,1,382,-0.04840171702293923,0.0,0.19090627245973657,-1.5314948558807373,-0.05117808692157259,-9.834771361738606e-07,0.9657693164185799,1.0,0.21621221951448566,0.06662623803937082,-9.759527190591176e-11,1.331673117684184,0.9136125654450262,0.02617801047120419,1.0495922097037986,-18.489455902762785,-0.47629581597682674,-0.7861585350413072,-1.4104424715042114,26,4,0,0.06806282722513089,0.010471204188481676,0.0,0.0023406839130835798,0.9997524619065252,-0.0002475687360856,8.333332448353758,34.915359964669705,0.1467260885958511,0.8078136048721185,0.05742663787660037,0.3029359462461499,1.0,0.9146539412561558,1.1304395498141915,11.458333428703554,0.0,0.006013875028501683,3.0402016086155826e-05,0.0002470273195940833,0.0002403101884871062,0.0002403101884871062
human_eval_AgentChatLogprobs_20260311_161129_929,HumanEval_113,1,1,353,-0.09020228690988481,0.0,0.3212360581331541,-2.7735865116119385,-0.16370861828327163,-0.0004359837912488,0.9445811757324966,1.0,0.06243766926588349,0.0907636891660573,8.647417810865802e-09,1.349199443206261,0.8810198300283286,0.053824362606232294,1.0943956432282487,-31.84140727918934,-0.8553997512374606,-1.3392346746781294,-2.4126302003860474,33,5,0,0.09348441926345609,0.014164305949008499,0.0,0.0023406839130835798,0.9997524619065252,-0.0002475687360856,8.333332448353758,34.915359964669705,0.16766797000324718,0.8078136048721185,0.06441598972560147,0.22269566042665137,1.0,0.896500144479789,1.1676833767098953,11.479166610294305,0.0,0.009052397255745793,-0.00045838910261824465,0.0002470273195940833,0.0002403101884871062,0.0002403101884871062
human_eval_AgentChatLogprobs_20260311_161129_929,HumanEval_113,2,1,521,-0.058443533454683824,0.0,0.27515219020715287,-2.9693682193756104,-0.050201129168272,-1.6689314179529902e-06,0.9646907322195726,1.0,0.05133573301028542,0.06500945663913893,-9.923339992902361e-11,1.923857620669908,0.9193857965451055,0.030710172744721688,1.0601851190133145,-30.449080929890272,-0.5773436043841335,-1.0071209772275045,-2.308249044418335,31,5,1,0.05950095969289827,0.009596928982725527,0.0019193857965451055,0.0033052518635396278,0.9996316432851552,-0.0003684245748445,7.916664294083603,34.87021433191281,0.12086364405253644,0.8071825206593224,0.04607069921815732,0.48845029270306783,1.0,0.947148298770861,1.0685679369771555,11.114583069925327,0.0,0.0036099838529035557,-8.990174580631737e-05,0.0003671945194483788,0.0003644822448563671,0.0003644822448563671
human_eval_AgentChatLogprobs_20260311_161129_929,HumanEval_114,0,0,375,-0.07140539116490562,0.0,0.27810459486448286,-2.2006893157958984,-0.08403369337320322,-0.0003482117754174,0.9555194942335141,1.0,0.11072680631339925,0.07134060974335509,3.979312795734919e-09,1.4701367149277047,0.904,0.04533333333333334,1.074016534441296,-26.777021686839603,-0.6985161399116387,-1.2011336021953158,-1.9600230852762859,28,2,0,0.07466666666666667,0.005333333333333333,0.0,0.003194156269081037,0.999681234361019,-0.0003188164555467,8.749999710766133,32.298607765401265,0.004652666630510822,0.0789981836681973,0.0002956797480189133,0.9847328068344885,1.0,0.9991525113637068,1.0008537831797084,18.875000000389726,4.166664337739348,-0.0008497231392000749,0.0001449439802001978,0.0003184236765115491,2.9919908427104705e-05,2.9919908427104705e-05
human_eval_AgentChatLogprobs_20260311_161129_929,HumanEval_114,1,0,347,-0.03836599788621558,0.0,0.2057430178212323,-1.8530913591384888,-0.008243947941809876,-4.172334001850686e-06,0.9760568022764025,1.0,0.1567518403076273,0.04037923164827314,-9.823430086601475e-11,1.0660467092694874,0.9481268011527377,0.020172910662824207,1.0391114758939026,-13.313001266516805,-0.3897718057200751,-0.7404362160493346,-1.6977604230244954,13,2,0,0.037463976945244955,0.005763688760806916,0.0,0.005562100226638974,0.9994009732957597,-0.0005992061924189,7.916664301650599,31.755634670766177,0.004790646179743737,0.07899772803429243,0.00029543617172261323,0.9847329260580018,1.0,0.9991366267283898,1.0008696879736094,18.78125077474843,4.166671611368656,-0.0008804449670472089,-9.893770705694013e-05,0.0005976119310913009,3.68398297015582e-05,3.68398297015582e-05
human_eval_AgentChatLogprobs_20260311_161129_929,HumanEval_114,2,0,436,-0.052363285475057544,0.0,0.22636665640473191,-2.501208543777466,-0.04945930093526835,-0.000126727676615625,0.9654473418581399,1.0,0.08198585523122097,0.0687586399243577,7.81974440387408e-10,1.688009703154482,0.9128440366972477,0.034403669724770644,1.0537584881391515,-22.83039246712509,-0.5162785873683386,-0.8989009431430272,-1.7450487911701202,27,6,1,0.06192660550458716,0.013761467889908258,0.0022935779816513763,0.005562100226638974,0.9994009732957597,-0.0005992061924189,7.916664301650599,31.755634670766177,0.004790646179743737,0.07899772803429243,0.00029543617172261323,0.9847329260580018,1.0,0.9991366267283898,1.0008696879736094,18.78125077474843,4.166671611368656,-0.0008804449670472089,6.712936486695571e-05,0.0005976119310913009,3.68398297015582e-05,3.68398297015582e-05
human_eval_AgentChatLogprobs_20260311_161129_929,HumanEval_115,0,1,672,-0.09371763327476824,0.0,0.35323448745771513,-3.294475078582764,-0.1776972651481628,-0.00386220141081135,0.9443272700658341,1.0,0.03708750796574433,0.10206679512520109,1.6856200095724404e-08,1.391223995973061,0.8735119047619048,0.044642857142857144,1.0982495929897416,-62.97824956064426,-0.8603443594566033,-1.3959179990219348,-2.8218265771865845,62,9,0,0.09226190476190477,0.013392857142857142,0.0,0.00037160552378533857,0.9999680519114345,-3.194859891664237e-05,10.416664599862997,42.12715887532582,0.05595894343226908,0.4377895537181866,0.015256076563675208,0.841131090609876,1.0,0.9829911261004318,1.018293381754236,12.750000216926264,1.6666679084300995,-0.0023298287244220973,-7.142147582787445e-05,3.191662454368736e-05,2.9928583974495953e-05,2.9928583974495953e-05
human_eval_AgentChatLogprobs_20260311_161129_929,HumanEval_115,1,1,679,-0.06624434249667725,0.0,0.28292109584911107,-2.778261184692383,-0.1173510178923606,-5.2513089030981064e-05,0.9593412090454992,1.0,0.0621464747240823,0.07529362821067125,-9.90102851608518e-11,1.3791917139197296,0.898379970544919,0.030927835051546393,1.0684877622399869,-44.97990855524385,-0.6411487639172754,-1.102284699678421,-2.26872855424881,44,6,0,0.06480117820324006,0.008836524300441826,0.0,0.00037160552378533857,0.9999680519114345,-3.194859891664237e-05,10.416664599862997,42.12715887532582,0.05595894343226908,0.4377895537181866,0.015256076563675208,0.841131090609876,1.0,0.9829911261004318,1.018293381754236,12.750000216926264,1.6666679084300995,-0.0023298287244220973,-0.00034913574172714567,3.191662454368736e-05,2.9928583974495953e-05,2.9928583974495953e-05
human_eval_AgentChatLogprobs_20260311_161129_929,HumanEval_115,2,1,594,-0.07841725287450722,0.0,0.2995445449511176,-2.981081247329712,-0.16748652905225744,-0.0036152048851362754,0.9502819250850629,1.0,0.05073794392905949,0.09647594823320864,6.620008405544985e-10,1.2687476415645926,0.8787878787878788,0.03872053872053872,1.0815738543319056,-46.57984820745729,-0.7188251690339234,-1.1590412567401756,-2.4923024654388426,56,4,0,0.09427609427609428,0.006734006734006734,0.0,0.00017830206093680492,0.9999858140942105,-1.4186006410454866e-05,11.250000119108336,43.65840940459504,0.05423458979009441,0.530304254819915,0.016431699586394066,0.77729988964086,1.0,0.9823408755115468,1.0194997501066132,12.895833390872252,1.25,-0.003923607370696109,-6.880878911119063e-05,1.4229655074811955e-05,1.300711158451302e-05,1.300711158451302e-05
human_eval_AgentChatLogprobs_20260311_161129_929,HumanEval_116,0,1,370,-0.03708994047396646,0.0,0.1542851527477428,-1.1942145824432373,-0.036709924042224854,-6.890534132253379e-05,0.9725867456475795,1.0,0.302941796572827,0.05462750025371782,-7.257748464581451e-11,1.1837691962695738,0.9324324324324325,0.02702702702702703,1.037786355637508,-13.72327797536759,-0.36366050478977124,-0.6501473006274965,-1.1109006603558857,19,2,0,0.051351351351351354,0.005405405405405406,0.0,0.0017469398568598653,0.9998356103844341,-0.0001644031290197,9.166663752388558,38.947896729243084,0.054276613821263295,0.5432384757482402,0.017973584297207825,0.7759282073659408,1.0,0.9818384740996071,1.0200707270953628,19.58333341764212,1.2500037848949432,-0.00768204520259815,-0.00021908186928502288,0.00016427334029407102,2.9924645420855284e-05,2.9924645420855284e-05
human_eval_AgentChatLogprobs_20260311_161129_929,HumanEval_116,1,1,304,-0.13659014319714752,-3.576279254957626e-07,0.44715232167084035,-3.025562524795532,-0.3611555129289627,-0.00443678419105705,0.9242522385445091,0.9999996423721385,0.04853051397276457,0.12705350625774212,4.9133833000827765e-06,1.6669060183317201,0.8421052631578947,0.06578947368421052,1.1463582095124525,-41.52340353193284,-1.218282193938891,-1.8577638308207194,-3.0146740277608237,36,10,1,0.11842105263157894,0.03289473684210526,0.003289473684210526,0.0016927104952825195,0.9998425245308352,-0.0001574878697283,9.583335744857322,39.741760222659614,0.05126453802705958,0.5487948305580037,0.016961905676416346,0.7752193734397792,1.0,0.9830252615031421,1.0187842467305186,19.833333622589112,1.2499960660934448,-0.006853482849399223,0.0008523704130786547,0.00015744432044860783,6.885599710047734e-05,6.885599710047734e-05
human_eval_AgentChatLogprobs_20260311_161129_929,HumanEval_116,2,1,381,-0.04205482192613072,0.0,0.22124967950486052,-2.20154333114624,-0.0067660305649042,-5.602852525044e-06,0.9738151774506361,1.0,0.11063228428848834,0.04289337045411768,-8.809211885533693e-11,1.0156782119339,0.9448818897637795,0.023622047244094488,1.0429516538020482,-16.022887153855805,-0.41971752372276233,-0.7868474886605614,-2.0806382099787393,15,1,0,0.03937007874015748,0.0026246719160104987,0.0,0.0016927104952825195,0.9998425245308352,-0.0001574878697283,9.583335744857322,39.741760222659614,0.05427390235318443,0.5432384757482402,0.017973869301965248,0.7759282073659408,1.0,0.9818388198069272,1.0200703743927453,19.60416701726556,1.2500037848949432,-0.007681270497432757,-0.00021349107302196923,0.00015744432044860783,6.885599710047734e-05,6.885599710047734e-05
human_eval_AgentChatLogprobs_20260311_161129_929,HumanEval_117,0,0,444,-0.06627476664975432,0.0,0.29583518871051495,-2.804564476013184,-0.05413322113454332,-0.0001044327873387,0.9607713813104526,1.0,0.06053312906212078,0.07182603840048266,5.394331707995616e-11,1.3247891494641708,0.9121621621621622,0.03153153153153153,1.0685202705697427,-29.425996392490916,-0.6495935669676824,-1.1265338307077235,-2.4135709404945374,29,4,0,0.06531531531531531,0.009009009009009009,0.0,0.009090014739297493,0.9989163875423102,-0.0010841999901458,7.083332189475186,28.35980374526455,0.17986180801814144,1.156592586199301,0.09830638433767527,0.15886943693235508,1.0,0.8905049950137309,1.2290283031938718,7.624999227244189,1.2499999403953552,-0.004931875852783349,0.00012647808494931987,0.0010778593367783917,0.00024010928371122093,0.00024010928371122093
human_eval_AgentChatLogprobs_20260311_161129_929,HumanEval_117,1,0,372,-0.03225438301454389,0.0,0.189192645467446,-2.223128080368042,-0.009339411417022336,-5.364419592979175e-07,0.979000913413233,1.0,0.10826990161415247,0.046517330565937945,-9.21705426524303e-11,1.7768142899149095,0.9489247311827957,0.008064516129032258,1.0327801936309948,-11.998630481410327,-0.32198806109561307,-0.6168110515508387,-1.9051137367884319,16,2,1,0.043010752688172046,0.005376344086021506,0.002688172043010753,0.005543284615542314,0.9993919133897027,-0.0006082715699449,7.916668110876344,28.930554236799974,0.1476419945085367,1.7768142899149095,0.15697674172398698,0.10826990161415247,1.0,0.9362249535239234,1.1412795856544382,15.385416824951244,0.625,-0.004637140820493078,-3.889659309813219e-06,0.0006066748042407407,0.00024022265856769894,0.00024022265856769894
human_eval_AgentChatLogprobs_20260311_161129_929,HumanEval_117,2,0,418,-0.08222193079988141,0.0,0.35463923069422915,-3.160541534423828,-0.08583133593201628,-0.00039652415580345,0.9542475323959175,1.0,0.042402772301013573,0.0809685068537988,4.085140268187206e-10,1.7768142899149095,0.9019138755980861,0.03827751196172249,1.0856967326387674,-34.36876707435043,-0.8041889889211189,-1.4120285153388976,-2.8375824093818665,28,4,2,0.06698564593301436,0.009569377990430622,0.004784688995215311,0.005543284615542314,0.9993919133897027,-0.0006082715699449,7.916668110876344,28.930554236799974,0.1388956852068524,1.7768142899149095,0.14974504328655794,0.37789908860404353,1.0,0.9561130989251556,1.063907619736706,15.708333096962452,0.625,-0.006602401051068101,0.000428240186673156,0.0006066748042407407,0.00024022265856769894,0.00024022265856769894
human_eval_AgentChatLogprobs_20260311_161129_929,HumanEval_118,0,1,458,-0.06911328950085821,0.0,0.278083627850741,-2.207698106765747,-0.07230801507830614,-0.0001584417041158,0.9571108641043281,1.0,0.10995345855535191,0.07638080200624227,1.5267732850485792e-09,2.076110573086626,0.9082969432314411,0.034934497816593885,1.0715575984976216,-31.65388659139306,-0.6808617220984565,-1.1500875042243437,-2.082285761833191,34,3,1,0.07423580786026202,0.006550218340611353,0.002183406113537118,0.0034642333253873674,0.9996192455369188,-0.0003808269684668,7.916668104153359,30.149740531993256,0.08713396207582606,0.6139917208578776,0.039761081467832346,0.6970202303011105,1.0,0.9611826330373825,1.0463637719368288,14.291666487446486,0.8333319127559662,-0.0038064156192122237,-9.403168464828085e-05,0.00037957568860327883,0.0003644763357492208,0.0003644763357492208
human_eval_AgentChatLogprobs_20260311_161129_929,HumanEval_118,1,0,440,-0.046415965395146,0.0,0.23473662656880562,-2.690251350402832,-0.022728340327739637,-7.5400159857963445e-06,0.97122783419591,1.0,0.06786387961438399,0.05279570087336942,-8.176096307055329e-11,1.13372914720106,0.9295454545454546,0.025,1.0475100482767816,-20.423024773864242,-0.4603250905956057,-0.8337579904632135,-1.9972390830516815,22,1,0,0.05,0.0022727272727272726,0.0,0.0034976394295241006,0.9996162653092422,-0.000383808335755,7.91666798380902,30.74479182566339,0.11816962247682161,0.613474278667022,0.05154263003379781,0.21947717690353702,1.0,0.9032437213453139,1.1750827278668574,12.499999632961037,0.8333320915699005,-0.00048134190757877183,-0.0003345849019031408,0.0003826550657340091,0.0003644752929755515,0.0003644752929755515
human_eval_AgentChatLogprobs_20260311_161129_929,HumanEval_118,2,0,372,-0.06057312988546043,0.0,0.27226970024294783,-3.393507480621338,-0.05272449627518647,-7.051478314679116e-05,0.9625438860644927,1.0,0.0335906514755199,0.06898004837056172,2.2691918142255795e-09,1.289640732212937,0.9220430107526881,0.03494623655913978,1.0624452912318818,-22.53320431739128,-0.5945208603264512,-1.053441168533431,-2.178400715192159,25,4,0,0.06720430107526881,0.010752688172043012,0.0,0.0034976394295241006,0.9996162653092422,-0.000383808335755,7.91666798380902,30.74479182566339,0.09588193004920115,0.693241318487363,0.04785121221093562,0.3029246431572189,1.0,0.9284167537124117,1.113561453783661,14.36458319858466,0.0,-0.004412157230392853,-0.0002565732959598074,0.0003826550657340091,0.0003644752929755515,0.0003644752929755515
human_eval_AgentChatLogprobs_20260311_161129_929,HumanEval_119,0,1,601,-0.06969809175966983,0.0,0.32427949198675693,-3.340169906616211,-0.0621439814567565,-4.541977250482887e-05,0.9607257420410404,1.0,0.035430937259496004,0.06495223551868885,-6.306278546528992e-11,1.3115647003055577,0.9168053244592346,0.03161397670549085,1.0721844310703577,-41.88855314756157,-0.682137290885051,-1.2017121613025665,-2.6205116709073386,35,1,0,0.05823627287853577,0.0016638935108153079,0.0,0.0002639428642392976,0.9999783039100157,-2.1696325347875245e-05,10.833332299951508,38.152772542447046,0.09033772435314316,0.8556524629299672,0.04082328146879117,0.035430937259496004,1.0,0.9385730159341794,1.1983898715166028,14.32291542017558,0.8333320021629333,0.007644540758295017,-0.00011627454014245354,2.1728932336049997e-05,2.0165855878945634e-07,2.0165855878945634e-07
human_eval_AgentChatLogprobs_20260311_161129_929,HumanEval_119,1,1,531,-0.052549806580763955,0.0,0.23842067165156847,-2.969973564147949,-0.0533940345048904,-2.1279085558489896e-05,0.9659740694650997,1.0,0.0513046665965677,0.0678970748166848,-6.68373210972648e-11,1.3604417581442898,0.9152542372881356,0.02071563088512241,1.05395505466884,-27.90394729438566,-0.5126066134785706,-0.8896080920329461,-1.9792507410049438,32,7,0,0.060263653483992465,0.013182674199623353,0.0,0.00027654062570500347,0.9999773502350177,-2.2650021492154337e-05,10.83333229992968,38.649729643478835,0.12726393438172784,0.7970870789255229,0.05653077619277612,0.20773177533210496,1.0,0.9240081606432927,1.1297664485741772,12.427082243269433,0.4166678190231323,0.014827576486200075,-0.0001308284666753329,2.2633278349316888e-05,3.058964859337409e-07,3.058964859337409e-07
human_eval_AgentChatLogprobs_20260311_161129_929,HumanEval_119,2,0,590,-0.07273824389335865,0.0,0.299167789976135,-2.722038507461548,-0.09637593924999235,-0.000662801743601425,0.955637631595091,1.0,0.06574060502670818,0.08392307558496313,1.6326657309013322e-10,1.5342713153130971,0.9033898305084745,0.03389830508474576,1.0754489947268664,-42.9155638970816,-0.6921554762175528,-1.1706624657943332,-2.4508543968200684,46,7,2,0.07796610169491526,0.011864406779661017,0.003389830508474576,0.00027654062570500347,0.9999773502350177,-2.2650021492154337e-05,10.83333229992968,38.649729643478835,0.16634339811211943,0.857258944758058,0.07225262928115833,0.5753729963515016,1.0,0.9364922344018772,1.0781429204917656,11.124999031225343,0.41666412353515625,0.025342392804452548,-0.00025539565737424445,2.2633278349316888e-05,3.058964859337409e-07,3.058964859337409e-07
human_eval_AgentChatLogprobs_20260311_161129_929,HumanEval_12,0,1,266,-0.04003998594219826,0.0,0.17828745067421686,-1.73681378364563,-0.0350618921220302,-2.005716487474274e-05,0.9718986434726569,1.0,0.17608053847429375,0.0548564215338525,-7.113551367064568e-11,1.0240166933408317,0.9398496240601504,0.03007518796992481,1.040852392823919,-10.650636260624736,-0.3965538242975107,-0.7101378039671824,-1.4665364027023315,12,2,0,0.045112781954887216,0.007518796992481203,0.0,0.8335394344381698,0.7017494511318763,-0.3541788458824157,1.2499999403953552,16.649729775142934,0.20082728588873203,0.8335394344381698,0.07507535962974186,0.49998247558922104,1.0,0.9081378107838629,1.122656391668138,10.989584007585496,0.0,-0.027542193129368335,-3.0487284104637448e-05,0.13737976516343453,0.087378067892645,0.087378067892645
human_eval_AgentChatLogprobs_20260311_161129_929,HumanEval_12,1,1,340,-0.06289043372939017,0.0,0.29757736371351595,-2.65757155418396,-0.04310944713652129,-7.161760549934115e-05,0.9637372873772392,1.0,0.07011829363269198,0.06217848697569907,4.8416611893667265e-11,1.1061124416679877,0.9205882352941176,0.03529411764705882,1.064910154604898,-21.382747467992658,-0.6180987245238879,-1.1079900159555323,-2.4952605565389,19,3,0,0.05588235294117647,0.008823529411764706,0.0,0.9504153292976882,0.6103688503643904,-0.4936918318271637,0.8333358466625214,15.582028462863494,0.19082105338108088,0.9504153292976882,0.08748956710915792,0.49998247558922104,1.0,0.9068756426992893,1.1269710567713573,12.687500194364825,0.0,-0.025088510083679485,0.0001442611979547297,0.11333670353350393,0.11528362766786444,0.11528362766786444
human_eval_AgentChatLogprobs_20260311_161129_929,HumanEval_12,2,1,161,-0.03726554317469388,0.0,0.23713994788179912,-2.20068907737732,-2.5033982637978625e-06,0.0,0.9801781949129335,1.0,0.11072683271273018,0.02196691897208378,-9.994166546169758e-11,0.9504153292976882,0.968944099378882,0.018633540372670808,1.0379686097260228,-5.999752451125715,-0.3749841407647523,-0.7497300031245686,-2.20068907737732,4,0,0,0.024844720496894408,0.0,0.0,0.9504153292976882,0.2652645421989347,-1.327027678489685,0.8333358466625214,15.582028462863494,0.04752077769802675,0.9504153292976882,0.042906240595178606,0.2652645421989347,1.0,0.9632632271099467,1.068602140817165,29.156249426305294,0.8333358466625214,-0.013577362123833061,-8.366610178951925e-05,0.11333670353350393,0.11528362766786444,0.11528362766786444
human_eval_AgentChatLogprobs_20260311_161129_929,HumanEval_120,0,0,286,-0.03753440808442179,0.0,0.17616178607749705,-1.5019365549087524,-0.0129577335901558,-1.1920930376163597e-07,0.9740166314884705,1.0,0.22269847446792607,0.047739005090048976,-9.995181870191701e-11,0.9704729918177142,0.9440559440559441,0.017482517482517484,1.0382477205824534,-10.734840712144631,-0.3810092418321541,-0.6872296908072063,-1.501934289932251,16,0,0,0.055944055944055944,0.0,0.0,0.0007382000481425787,0.9999356269820263,-6.437509000534192e-05,9.999996660066245,34.71396559615398,0.09361972033607896,0.6719080813454755,0.026591262812281698,0.3973152666774582,1.0,0.9555863977857257,1.0627594512118606,11.187499291126835,0.4166640639305115,-0.0065600755071388486,-0.0002964720497259966,6.436411354412401e-05,4.5397158855240295e-05,4.5397158855240295e-05
human_eval_AgentChatLogprobs_20260311_161129_929,HumanEval_120,1,0,365,-0.016537794874992573,0.0,0.0990818104370075,-1.1942145824432373,-0.0018300651805474803,0.0,0.9873890482697325,1.0,0.302941796572827,0.028455390576813414,-9.999881332541652e-11,1.096372202290785,0.9698630136986301,0.005479452054794521,1.0166753011758445,-6.036295129372289,-0.16720473065894714,-0.3225535957349671,-0.8764757513999939,9,1,0,0.024657534246575342,0.0027397260273972603,0.0,0.0007382000481425787,0.9999356269820263,-6.437509000534192e-05,9.999996660066245,34.71396559615398,0.07335591372840825,0.6719080813454755,0.025971891771708677,0.6026846865478999,1.0,0.9703244453942489,1.036156712125207,12.760416066599749,0.4166640639305115,-0.006643785026980359,-0.00028688447352058304,6.436411354412401e-05,4.5397158855240295e-05,4.5397158855240295e-05
human_eval_AgentChatLogprobs_20260311_161129_929,HumanEval_120,2,0,316,-0.05524198821937118,0.0,0.24435683647118547,-2.4605462551116943,-0.0611422304064035,-2.6911921850114592e-05,0.9642614032472825,1.0,0.08538829443298333,0.07188561202246796,-9.940312722597755e-11,1.2484250892121753,0.9145569620253164,0.02531645569620253,1.0567963159946385,-17.456468277321292,-0.5402566485347287,-0.9252065122127533,-2.0851943095525107,22,3,0,0.06962025316455696,0.00949367088607595,0.0,0.0007160332633865967,0.9999374151242683,-6.258683424675837e-05,10.000004170367902,35.446608610795806,0.07000645123953281,0.6931471803610977,0.02693825153212674,0.49999999904767284,1.0,0.9663634420660383,1.044623647978612,12.72916642024785,0.0,-0.007025200475209411,0.00034828422943067734,6.254092678672504e-05,4.5396899091356863e-05,4.5396899091356863e-05
human_eval_AgentChatLogprobs_20260311_161129_929,HumanEval_121,0,1,278,-0.08848968461425785,0.0,0.3579443876386803,-2.665872573852539,-0.11796968355774877,-0.000838959385873675,0.9498913128162833,1.0,0.06953864944547375,0.09114901702332967,6.6581718389647424e-09,1.6999550617835701,0.8776978417266187,0.03237410071942446,1.0925229827563538,-24.600132322763685,-0.8505924426847034,-1.4684625543080843,-2.650109887123108,23,3,2,0.08273381294964029,0.01079136690647482,0.007194244604316547,0.10344403970363125,0.9811417462993566,-0.019038338214159,4.166663985699415,23.068133264973547,0.24274092250675022,1.6462555742500822,0.16006319390825427,0.07176580280833592,1.0,0.8239238655474199,1.46139603106576,9.958333943457365,0.0,0.03490171863867398,-0.00016056417102926877,0.017710385308041584,0.0035385501411480053,0.0035385501411480053
human_eval_AgentChatLogprobs_20260311_161129_929,HumanEval_121,1,1,257,-0.06270533062956818,0.0,0.29384750819082484,-2.648186683654785,-0.0538230590522289,-0.0002189518272643,0.963360866841644,1.0,0.07077944228481953,0.06395859928148241,-8.584376789799494e-11,1.0509591851923734,0.9221789883268483,0.027237354085603113,1.0647130546767152,-16.115269971799023,-0.624406686425209,-1.148392195502917,-2.4771214723587036,13,1,0,0.05058365758754864,0.0038910505836575876,0.0,0.09926385157802774,0.9818352459568833,-0.0183317586779594,4.166664369404316,23.79339805079954,0.097694306521418,0.6721306235802197,0.029760336822542567,0.39730567564991154,1.0,0.9541907942683361,1.064440865513246,12.052083944842707,0.4166717529296875,0.0043792704999103165,-0.0002835944710382922,0.01703142919103261,0.002875112171047119,0.002875112171047119
human_eval_AgentChatLogprobs_20260311_161129_929,HumanEval_121,2,1,295,-0.04363312111958465,0.0,0.16160285571658728,-1.4262584447860718,-0.08812010288238517,-0.00064638716867185,0.9669478869859278,1.0,0.24020598695156448,0.07581826037423153,3.298001800404428e-09,1.0357689473091691,0.9084745762711864,0.01694915254237288,1.0445990432508003,-12.871770730277472,-0.4035497369437382,-0.6802037805318832,-1.3290072083473206,16,1,0,0.05423728813559322,0.003389830508474576,0.0,0.09926385157802774,0.9818352459568833,-0.0183317586779594,4.166664369404316,23.79339805079954,0.097694306521418,0.6721306235802197,0.029760336822542567,0.39730567564991154,1.0,0.9541907942683361,1.064440865513246,12.052083944842707,0.4166717529296875,0.0043792704999103165,-0.00034648431886907636,0.01703142919103261,0.002875112171047119,0.002875112171047119
human_eval_AgentChatLogprobs_20260311_161129_929,HumanEval_122,0,1,359,-0.033554416341121565,0.0,0.1981800194288945,-2.6880412101745605,-0.016161163151264098,-1.07288417439122e-06,0.9787055832209939,1.0,0.0680140341749618,0.04114636705039238,-9.991966755099428e-11,1.0200534736488038,0.9526462395543176,0.016713091922005572,1.034123715424075,-12.04603546646264,-0.3400825419064079,-0.6533393991344115,-1.7584974368413289,12,1,0,0.033426183844011144,0.002785515320334262,0.0,0.0006534582879113023,0.999944686887886,-5.5314641940640286e-05,10.208335874933255,22.467015463883342,0.15227443845016797,0.9483889908782102,0.07891997619688404,0.49999999904767284,1.0,0.9314308015298088,1.0902671930256196,15.333332625651531,0.0,0.004286551395781645,-0.00017028414551132379,5.5310788670254935e-05,1.056048672278824e-05,1.056048672278824e-05
human_eval_AgentChatLogprobs_20260311_161129_929,HumanEval_122,1,0,375,-0.02801488750923222,0.0,0.11818060162209544,-1.1942198276519775,-0.0158391907811164,-7.092979330991511e-06,0.9778839240731084,1.0,0.3029402075840351,0.0520951484217944,-9.97562897074124e-11,1.125332879987912,0.936,0.013333333333333334,1.0284109947856375,-10.505582815962082,-0.2783739024622215,-0.48560184902615017,-0.9243093927701315,20,1,0,0.05333333333333334,0.0026666666666666666,0.0,0.0006534582879113023,0.999944686887886,-5.5314641940640286e-05,10.208335874933255,22.467015463883342,0.15227443845016797,0.9483889908782102,0.07891997619688404,0.49999999904767284,1.0,0.9314308015298088,1.0902671930256196,15.333332625651531,0.0,0.004286551395781645,-5.894361495121801e-05,5.5310788670254935e-05,1.056048672278824e-05,1.056048672278824e-05
human_eval_AgentChatLogprobs_20260311_161129_929,HumanEval_122,2,0,376,-0.040646999117647756,0.0,0.19156000384661862,-2.207395553588867,-0.03505288064479825,-5.692259946954437e-06,0.9720390930450068,1.0,0.10998673035653754,0.05692128331660003,-9.984463320544342e-11,0.9790205463794179,0.9202127659574468,0.015957446808510637,1.0414843957377031,-15.283271668235555,-0.4044755396206637,-0.6985179583231608,-1.7370845476786296,20,0,0,0.05319148936170213,0.0,0.0,0.00034250019649668977,0.9999734163288982,-2.6584024453768507e-05,11.666668057088827,23.99522452047419,0.15346643474439142,0.8273548859273434,0.07313183899328991,0.2227001469810028,1.0,0.8826873510315603,1.2103062133796125,15.927082849934758,0.0,0.004614161067974842,-9.13188439802767e-05,2.6471770616906578e-05,8.574699226851353e-06,8.574699226851353e-06
human_eval_AgentChatLogprobs_20260311_161129_929,HumanEval_123,0,1,450,-0.046333459828205845,0.0,0.23884862054302336,-2.6144251823425293,-0.010409766621887657,-1.1920930376163597e-07,0.9716501839006868,1.0,0.07320985892307907,0.05171995215973979,-9.981101442639048e-11,1.5121969306063363,0.9355555555555556,0.024444444444444446,1.0474236264315637,-20.85005692269263,-0.4616872945593463,-0.8680610324848782,-2.125868022441864,20,4,1,0.044444444444444446,0.008888888888888889,0.0022222222222222222,0.0015148320976218447,0.9998584985738569,-0.0001415114384144,9.166667570592836,28.534718346480464,0.0978312396934604,0.7950346580401098,0.05172520782295886,0.583371883972002,1.0,0.9524182736485992,1.061316366204121,17.28124984207766,0.41666412353515625,-0.013525454290316192,9.46463409660898e-05,0.0001414936926220326,0.00010444926759190328,0.00010444926759190328
human_eval_AgentChatLogprobs_20260311_161129_929,HumanEval_123,1,1,449,-0.03428766837818393,0.0,0.15590424388976543,-1.391541838645935,-0.014760259538888876,-1.1920930376163597e-07,0.9752328496873975,1.0,0.24869156660831682,0.05036183115114269,-9.977238671784771e-11,1.3473616796078378,0.9354120267260579,0.0200445434298441,1.034882266815674,-15.395163101804584,-0.34701031035828317,-0.6196749305183237,-1.2015226781368256,20,4,0,0.044543429844097995,0.008908685968819599,0.0,0.0019571755631881465,0.999807775017257,-0.0001922434603329,8.750000398751581,29.600689699526225,0.09785335686673871,0.7950346580401098,0.05172095662382391,0.583371883972002,1.0,0.9524157374707691,1.061319058343793,17.260416483485596,0.41666412353515625,-0.01353177348268143,5.850650292939099e-05,0.00019210280173935428,0.00015843080171572016,0.00015843080171572016
human_eval_AgentChatLogprobs_20260311_161129_929,HumanEval_123,2,1,433,-0.03579813962699647,0.0,0.1847906788614778,-1.9763346910476685,-0.00443884357810016,-1.1920930376163597e-07,0.9761154179712757,1.0,0.13857623230148747,0.04277931975866776,-9.981536672430227e-11,1.088827400114598,0.9353348729792148,0.018475750577367205,1.0364466078742778,-15.500594458489472,-0.3598942645652176,-0.6696846662532716,-1.5879980623722076,20,1,0,0.046189376443418015,0.0023094688221709007,0.0,0.0019571755631881465,0.999807775017257,-0.0001922434603329,8.750000398751581,29.600689699526225,0.13138804037067214,0.759926994832085,0.059503745101733875,0.39700889454799404,1.0,0.9279609150071908,1.1009379324410282,13.479166255150545,0.416664183139801,-0.0007014178291153235,-5.430664848432969e-05,0.00019210280173935428,0.00015843080171572016,0.00015843080171572016
human_eval_AgentChatLogprobs_20260311_161129_929,HumanEval_124,0,0,825,-0.04549519467006731,0.0,0.22412762598277966,-2.271305561065674,-0.0233377676457166,-8.583106136939023e-06,0.9712846592557599,1.0,0.10317738773214252,0.05315231961341069,-9.901841464199007e-11,1.5991997836541625,0.936969696969697,0.02303030303030303,1.0465459756031632,-37.53353560280553,-0.45135454733560726,-0.8267705956610237,-1.8187715709209442,39,6,1,0.04727272727272727,0.007272727272727273,0.0012121212121212121,0.152724978423934,0.9652755840645152,-0.0353416390717029,3.333331923931837,27.298602339958382,0.21592935675895125,0.8892448820826799,0.08095198395390832,0.21590569461586714,1.0,0.891096978237657,1.1720034931692094,6.97916697090985,0.4166678786277771,0.015555056908860861,3.4203555978288676e-06,0.029832567395205192,0.03443528329728829,0.03443528329728829
human_eval_AgentChatLogprobs_20260311_161129_929,HumanEval_124,1,0,820,-0.05915711177669655,0.0,0.27521149064504485,-3.195021152496338,-0.03562346212565894,-3.2902306884352583e-05,0.9638977747721869,1.0,0.040965658840969664,0.06710664068326665,-9.88836959894295e-11,1.3301059965344313,0.9195121951219513,0.03048780487804878,1.0609419141157397,-48.508831656891175,-0.5816489210034289,-1.0029683360239354,-2.2723168581724167,54,8,0,0.06585365853658537,0.00975609756097561,0.0,0.20570637037432138,0.9483398190905734,-0.0530423820018768,2.9166641533374786,27.701386604624304,0.2596029973755517,0.8892048733214976,0.09895851938326006,0.3010146176595828,1.0,0.8520526400514317,1.2409035058418858,7.427083006550032,0.20833194255828857,0.02458767133412197,3.792111182199461e-05,0.04160163720983445,0.05131836824985094,0.05131836824985094
human_eval_AgentChatLogprobs_20260311_161129_929,HumanEval_124,2,1,625,-0.06062172987102458,0.0,0.25466578101865345,-2.9708895683288574,-0.08028076887130732,-0.0003795151715166,0.9610001344284065,1.0,0.05125769282483529,0.07432646673490627,1.0454585983452374e-09,1.266478203451232,0.912,0.032,1.0624969273124447,-37.88858116939036,-0.5827438730385995,-0.9846161738518746,-1.9304073254267375,42,4,0,0.0672,0.0064,0.0,0.20570637037432138,0.9483398190905734,-0.0530423820018768,2.9166641533374786,27.701386604624304,0.25900065810824335,0.8892048733214976,0.09872428974584273,0.30136321457341364,1.0,0.8746717230912475,1.1859749763660512,6.760416235204315,0.0,0.024944792619333894,-1.368303042054859e-05,0.04160163720983445,0.05131836824985094,0.05131836824985094
human_eval_AgentChatLogprobs_20260311_161129_929,HumanEval_125,0,0,387,-0.033708903498762315,0.0,0.1388032743036206,-1.194219946861267,-0.03505255728960032,-3.176978134433739e-05,0.9742818322906801,1.0,0.30294017147075036,0.06529041693252889,4.721198927178597e-10,1.4418144614766033,0.9302325581395349,0.020671834625323,1.0342834865984993,-13.045345654021016,-0.3319922944432811,-0.5688963555975964,-1.0134451985359192,22,4,0,0.056847545219638244,0.0103359173126615,0.0,0.005390870503135973,0.9993894100075597,-0.0006107764784246,7.5000000519212335,29.04904043568887,0.10631327355589422,0.7416772611959915,0.047647173264949064,0.4961603642004368,1.0,0.9485936664012232,1.0670979602263218,10.593749141722663,0.0,-0.004061439553174611,-6.264144302221743e-05,0.000608115769522888,0.0005527466336671584,0.0005527466336671584
human_eval_AgentChatLogprobs_20260311_161129_929,HumanEval_125,1,1,475,-0.07247114204335853,0.0,0.27774962321545477,-2.6460368633270264,-0.10721734464168539,-0.0012718775542452,0.9539957137409573,1.0,0.07093176904754862,0.09284089046135863,2.3692698634381212e-08,1.5446306428372378,0.8989473684210526,0.04631578947368421,1.0751617786704717,-34.4237924705953,-0.6940441781536062,-1.154148332450701,-2.099039763212204,40,9,1,0.08421052631578947,0.018947368421052633,0.002105263157894737,0.005390870503135973,0.9993894100075597,-0.0006107764784246,7.5000000519212335,29.04904043568887,0.1297077161204276,0.7416772611959915,0.05514548129155626,0.3024703772955825,1.0,0.9177539425239342,1.127630512252144,9.999999491549527,0.0,-0.0005463087858975716,6.95810303920657e-05,0.000608115769522888,0.0005527466336671584,0.0005527466336671584
human_eval_AgentChatLogprobs_20260311_161129_929,HumanEval_125,2,1,462,-0.0637905175526687,0.0,0.2785552478327958,-2.9735796451568604,-0.0635546673089265,-0.000158858998474875,0.9608815143612581,1.0,0.05111999099040738,0.07395200777473318,3.474509395862265e-09,1.245054973593404,0.9112554112554112,0.030303030303030304,1.0658690945067089,-29.471219109332935,-0.6179908149592255,-1.0687407138554945,-2.2235263288021088,30,3,0,0.06493506493506493,0.006493506493506494,0.0,0.011094465429937275,0.9986079334899537,-0.0013930363347753,6.666668220073916,28.352421845385976,0.18993350285276583,0.9403914527714066,0.08373214491730747,0.1562730272012328,1.0,0.8672771874227051,1.2430241412401433,10.24999950310015,0.0,0.018769028386224525,-5.9325237400221015e-05,0.001380603804973711,0.0012708602362803728,0.0012708602362803728
human_eval_AgentChatLogprobs_20260311_161129_929,HumanEval_126,0,0,232,-0.13147638602991674,0.0,0.38876341055035557,-3.3875555992126465,-0.36104080379009246,-0.01539480336941775,0.9197624623190397,1.0,0.03379117520430896,0.13484629191050912,7.040082142357066e-07,1.19479215376791,0.8275862068965517,0.06896551724137931,1.1405109754123302,-30.502521558940686,-1.1175498042417609,-1.581680417060852,-2.6136156916618347,29,5,0,0.125,0.021551724137931036,0.0,0.0005557172739014426,0.9999555349340676,-4.4466054532676935e-05,11.249996541941073,33.60415666330549,0.18035797528102998,0.6149387550801944,0.05771883193379309,0.1588689255879349,1.0,0.8711802829226031,1.234914708429884,10.88541683937574,0.8333319425582886,-0.001659126266746072,-0.0009035505881363919,4.450956809093208e-05,1.3006764261799333e-05,1.3006764261799333e-05
human_eval_AgentChatLogprobs_20260311_161129_929,HumanEval_126,1,0,543,-0.06235961093415178,0.0,0.30437991550268867,-3.305910348892212,-0.019325526058673832,-5.960465188081798e-08,0.9649338081815698,1.0,0.03666581795189534,0.08785245209050009,-9.980940276224323e-11,2.336253953381066,0.9318600368324125,0.029465930018416207,1.0643450260247889,-33.861268737244416,-0.6233149245036421,-1.1360217056892536,-2.468150520324707,41,10,6,0.07550644567219153,0.01841620626151013,0.011049723756906077,0.0007649995347010031,0.9999369382879646,-6.306370050879195e-05,10.833331940571952,33.60415791733699,0.11888124577157107,0.613335657242,0.039857012880420754,0.6970589726900878,1.0,0.9541827320471266,1.0529932909531587,11.28125002482966,0.8333319425582886,-0.009026385476363271,-0.00021841085685706018,6.311178804649073e-05,1.9729511366109176e-05,1.9729511366109176e-05
human_eval_AgentChatLogprobs_20260311_161129_929,HumanEval_126,2,0,227,-0.13530405643835913,0.0,0.43706090387775526,-3.7744510173797607,-0.36095567941665646,-0.026550337672233547,0.9219469183442297,1.0,0.02294968616309497,0.14178684479021045,2.4676963029843127e-07,1.6754021582037628,0.8237885462555066,0.05286343612334802,1.1448848410412926,-30.714020811507524,-1.1661548709327525,-1.8052007068287244,-3.3725271224975586,28,6,1,0.12334801762114538,0.02643171806167401,0.004405286343612335,0.0007649995347010031,0.9999369382879646,-6.306370050879195e-05,10.833331940571952,33.60415791733699,0.18470206227428632,0.671907308953082,0.06283823773544858,0.2227001469810028,1.0,0.890574054709119,1.1716621631817687,10.97916662349462,0.4166718125343323,-0.0017301147014819442,-0.0006433289108775646,6.311178804649073e-05,1.9729511366109176e-05,1.9729511366109176e-05
human_eval_AgentChatLogprobs_20260311_161129_929,HumanEval_127,0,1,483,-0.0444760638664037,0.0,0.1830774335871804,-2.200704574584961,-0.06202660128474227,-0.0002876644575735,0.9679947342644442,1.0,0.11072511676930838,0.06789158641360708,6.743053319897137e-10,1.1176673619564579,0.9130434782608695,0.022774327122153208,1.04547995166316,-21.48193884747299,-0.4282118819343547,-0.706177701552709,-1.4584647119045258,29,3,0,0.060041407867494824,0.006211180124223602,0.0,0.00042793559113512924,0.9999622106562038,-3.7790057831443846e-05,10.208336233379669,35.495225895077226,0.08750170986214718,0.6780005953226489,0.031334738614404625,0.7459242227178573,1.0,0.9715864413800169,1.0318010362148802,16.19791603825015,1.2499999701976776,0.0010215229982983678,-0.0002296439288812043,3.7787278614507614e-05,7.038461193107486e-07,7.038461193107486e-07
human_eval_AgentChatLogprobs_20260311_161129_929,HumanEval_127,1,1,487,-0.04574806464371974,0.0,0.20483737889806594,-2.215104579925537,-0.0527003370225429,-0.00026962858100885003,0.9690473280166944,1.0,0.10914209957895488,0.061986187274463346,4.1386388992163096e-10,1.0835756246658264,0.9281314168377823,0.022587268993839837,1.0468106491190223,-22.279307481491514,-0.44566634491396445,-0.7810684417684873,-1.6770436465740204,26,2,0,0.053388090349075976,0.004106776180698152,0.0,0.0002549715139412428,0.9999788999564418,-2.1100266167195517e-05,10.833331942336372,34.50346990822361,0.09062004555359106,0.790616622263991,0.03866249877415219,0.2865446573896147,1.0,0.9491188660647273,1.0818079424271694,16.468749813012618,0.8333357572555542,0.0023455224795310967,-0.00019016937096084848,2.1134576403149512e-05,1.0676816089481587e-06,1.0676816089481587e-06
human_eval_AgentChatLogprobs_20260311_161129_929,HumanEval_127,2,1,432,-0.03958152224497554,0.0,0.1743521077909262,-1.5019290447235107,-0.02162891570478673,-4.541977250482887e-05,0.9720740382294287,1.0,0.2227001469810028,0.056249642375459034,6.223327247906228e-11,1.0661405891525653,0.9351851851851852,0.020833333333333332,1.0403753091587689,-17.099217609829434,-0.39104831755854363,-0.7066690027713776,-1.313997596502304,23,2,0,0.05324074074074074,0.004629629629629629,0.0,0.0002549715139412428,0.9999788999564418,-2.1100266167195517e-05,10.833331942336372,34.50346990822361,0.08318926112448163,0.6780002231505137,0.02854565607628562,0.7459243560995142,1.0,0.9739646824465542,1.0289633941857006,16.312499666663825,1.2499999105930328,0.0007717407558712146,-0.0002390944284491865,2.1134576403149512e-05,1.0676816089481587e-06,1.0676816089481587e-06
human_eval_AgentChatLogprobs_20260311_161129_929,HumanEval_128,0,1,420,-0.045568695198536006,0.0,0.23967700425452035,-2.578889846801758,-0.023245446383953,-2.5033982637978625e-06,0.9720747103086271,1.0,0.07585817148650026,0.048302641100829484,-9.587231159286132e-11,1.0130256999006753,0.9380952380952381,0.01904761904761905,1.0466229001123983,-19.138851983385123,-0.4511653867417148,-0.8328049253849756,-2.139794796705246,21,1,0,0.05,0.002380952380952381,0.0,0.008247864531115432,0.9990242719841906,-0.0009762043482623,7.0833319430821575,27.2834173584035,0.07364369189517675,0.520276313717384,0.018541096074601394,0.8482651739664209,1.0,0.9802095295732285,1.0211047837794733,15.479166419363704,2.0833358764648438,0.0029069035421870715,-0.00026277475295278114,0.0009704574413215278,0.0008381544660577705,0.0008381544660577705
human_eval_AgentChatLogprobs_20260311_161129_929,HumanEval_128,1,1,437,-0.05267836899281051,0.0,0.237931990543473,-2.075737714767456,-0.04072543382644652,-3.635949542513117e-05,0.9664015497056575,1.0,0.12546383681943932,0.06363159513879724,-9.344801396088647e-11,1.368135481628939,0.9244851258581236,0.02288329519450801,1.0540905623832697,-23.020447249858194,-0.5216564335968605,-0.9264583786328634,-1.9191250205039978,25,5,0,0.057208237986270026,0.011441647597254004,0.0,0.004274750638079036,0.9995437264351961,-0.0004563776892609,7.916667893703561,26.711805049044585,0.08022957143253362,0.47601670432493143,0.018540232939005426,0.8618074633252273,1.0,0.9780695289298904,1.0233204187451657,15.364582435234288,2.0833358466625214,0.00280481144880284,-0.0002846796151965614,0.00045516264104668086,0.0003644488770377002,0.0003644488770377002
human_eval_AgentChatLogprobs_20260311_161129_929,HumanEval_128,2,1,459,-0.03991409045968849,0.0,0.22341446290273662,-2.970238208770752,-0.01724423915147769,-2.0861648408754263e-06,0.9748640021874071,1.0,0.051291090888876484,0.04900814963605917,-9.847960989101232e-11,1.3254381161860032,0.934640522875817,0.017429193899782137,1.0407213624579417,-18.320567520997017,-0.4030048203551107,-0.7421275749802589,-2.073041409254074,21,1,0,0.0457516339869281,0.002178649237472767,0.0,0.004274750638079036,0.9995437264351961,-0.0004563776892609,7.916667893703561,26.711805049044585,0.06190290345870562,0.4474993006807134,0.012542423826474169,0.051291090888876484,1.0,0.9400869509551777,1.1752716046114093,15.69791544809394,2.4999998658895493,0.0012740903350492376,-0.00030993003437005914,0.00045516264104668086,0.0003644488770377002,0.0003644488770377002
human_eval_AgentChatLogprobs_20260311_161129_929,HumanEval_129,0,0,597,-0.11348072940095606,-1.5497220147153712e-06,0.3602499917984912,-2.969515562057495,-0.2875178396701812,-0.0170530471950769,0.9290212258284662,0.9999984502791861,0.05132816962292573,0.1425187150617885,2.2231153767224666e-05,1.5622692442363915,0.8157453936348409,0.05025125628140704,1.120170302331631,-67.74799545237077,-0.9492022763874571,-1.471888044784809,-2.6841601371765136,84,11,1,0.1407035175879397,0.018425460636515914,0.0016750418760469012,1.9172481722575463e-05,0.9999986886977652,-1.3113030945532955e-06,13.749995827673956,47.767344298295946,0.03968992026258515,0.4377895538077392,0.0140647408302529,0.841131090609876,1.0,0.986480459535309,1.0146641659484523,14.666666432906117,1.6666679084300995,-0.0004711825351110138,-4.6163159814802205e-05,1.2646478101081593e-06,1.0677070647648281e-06,1.0677070647648281e-06
human_eval_AgentChatLogprobs_20260311_161129_929,HumanEval_129,1,0,883,-0.04779986477141073,0.0,0.23325139213829857,-3.163212299346924,-0.020347461104392933,-3.576279254957626e-07,0.9699093005070825,1.0,0.042289675558742544,0.058801940044952164,-9.96494621974549e-11,1.6521113323063412,0.9320498301245753,0.027180067950169876,1.0489607003259347,-42.20728059315567,-0.476264761866663,-0.868313961408355,-1.8722268640995026,47,12,3,0.053227633069082674,0.013590033975084938,0.0033975084937712344,1.8517612674031682e-05,0.9999988079071329,-1.1920935776288388e-06,13.749995946883473,48.84591356880027,0.03971087212524813,0.4377895537306269,0.014063215344500602,0.841131090609876,1.0,0.9864777356001888,1.0146669315508248,14.552083195229784,1.6666679084300995,-0.00045790565978335776,9.567887923622108e-05,1.225169844193019e-06,1.0677070647648281e-06,1.0677070647648281e-06
human_eval_AgentChatLogprobs_20260311_161129_929,HumanEval_129,2,0,983,-0.083592372122282,0.0,0.3186674825902414,-2.986565589904785,-0.1704974055290221,-0.00082828130689445,0.9485634125016985,1.0,0.050460441318249505,0.09957342059348914,-8.114567625095567e-11,1.56994722729451,0.8830111902339777,0.042726347914547304,1.0871856362992947,-82.17130179620321,-0.7785105306883248,-1.2475052913840936,-2.6148276064130993,88,16,1,0.08952187182095625,0.01627670396744659,0.001017293997965412,1.640927802125073e-05,0.9999989271164011,-1.07288417439122e-06,13.95833194255772,46.667098723682116,0.04033454212749395,0.5303042548369022,0.01604048396324275,0.77729988964086,1.0,0.985033104352891,1.0167181333177753,14.593750216985239,1.25,-0.00252998395672588,-8.765486974645912e-05,1.064237077308991e-06,8.669079682605999e-07,8.669079682605999e-07
human_eval_AgentChatLogprobs_20260311_161129_929,HumanEval_13,0,1,123,-0.030863822180042074,0.0,0.16438256013992414,-1.2283252477645874,-0.0003028927712875463,0.0,0.9794141658676482,1.0,0.2927825054680411,0.03580163066382274,-9.980448483135942e-11,1.1323445260089482,0.959349593495935,0.024390243902439025,1.0313450480029902,-3.796250128145175,-0.3163050472794566,-0.6244841404259205,-1.2283252477645874,4,1,0,0.032520325203252036,0.008130081300813009,0.0,1.1323445260089482,0.5480360532238256,-0.6014142036437988,0.8333320617675781,20.356332978276463,0.056617288433390166,1.1323445260089482,0.060904688929649044,0.5480360532238256,1.0,0.9774017967007265,1.0305274062999348,34.229165834188464,0.8333320617675781,-0.016176364410416807,9.732729896624354e-05,0.1323872911249642,0.15701495810095248,0.15701495810095248
human_eval_AgentChatLogprobs_20260311_161129_929,HumanEval_13,1,1,135,-0.023250253836275193,0.0,0.1476275820602838,-1.5328991413116455,-6.890534132253379e-05,0.0,0.9843970995978591,1.0,0.21590880893202832,0.03073094037367266,-9.989986845727143e-11,1.0007412356113596,0.9629629629629629,0.007407407407407408,1.023522647968992,-3.138784267897151,-0.24142651160386427,-0.5102448171625534,-1.5328991413116455,4,1,0,0.02962962962962963,0.007407407407407408,0.0,1.0007412356113596,0.6471755519149838,-0.4351376891136169,1.2500000596046448,19.633676996000187,0.05003715375372325,1.0007412356113596,0.04757043427704315,0.6471755519149838,1.0,0.9823587716352844,1.0219952974154145,34.38541583716869,1.2500000596046448,-0.014296324135068591,-4.823342595858735e-05,0.16467311488126699,0.18541888898245648,0.18541888898245648
human_eval_AgentChatLogprobs_20260311_161129_929,HumanEval_13,2,1,106,-0.008948623474799378,0.0,0.05220387159423358,-0.4351376891136169,-5.7520201153238304e-05,0.0,0.9922983247083501,1.0,0.6471755519149838,0.02275680524130156,-9.996308724563856e-11,1.0007412356113596,0.9716981132075472,0.0,1.0089887821046173,-0.948554088328734,-0.09483148295403224,-0.18692332431674002,-0.4351376891136169,2,1,0,0.018867924528301886,0.009433962264150943,0.0,1.0007412356113596,0.6471755519149838,-0.4351376891136169,1.2500000596046448,19.633676996000187,0.05003715375372325,1.0007412356113596,0.04757043427704315,0.6471755519149838,1.0,0.9823587716352844,1.0219952974154145,34.38541583716869,1.2500000596046448,-0.014296324135068591,-0.00029979982180759534,0.16467311488126699,0.18541888898245648,0.18541888898245648
human_eval_AgentChatLogprobs_20260311_161129_929,HumanEval_130,0,0,466,-0.0763964080430019,0.0,0.2826488604733497,-2.8137810230255127,-0.17420016229152674,-0.00102732381492385,0.9506135023466945,1.0,0.059977785737365584,0.09343756783065825,2.2663482504516787e-09,1.0967370394868936,0.8798283261802575,0.034334763948497854,1.0793903683847121,-35.60072614803889,-0.7163799450449322,-1.1124313732852107,-2.181825876235962,43,7,0,0.09227467811158799,0.015021459227467811,0.0,0.022783010358528127,0.996789336096912,-0.0032158291433006,5.833335837116465,27.545134052194186,0.1841975409805958,1.036100084072473,0.08483123489894005,0.07581040332741963,1.0,0.8659492074386952,1.3041393736823936,10.3854165996858,0.41666412353515625,-0.0008290148121672732,-8.146550622223863e-07,0.0031566692538067156,0.0029188906004124137,0.0029188906004124137
human_eval_AgentChatLogprobs_20260311_161129_929,HumanEval_130,1,0,329,-0.12128211936482634,0.0,0.4169365887915056,-2.969371795654297,-0.21484611630439754,-0.0084257647395133,0.932634540858743,1.0,0.05133554941972588,0.10881891814214995,4.323884339155281e-08,1.2965695937586759,0.8571428571428571,0.057750759878419454,1.1289433642293545,-39.901817271027866,-1.130788253620267,-1.7910965159535408,-2.7674917380015054,32,5,0,0.0972644376899696,0.015197568389057751,0.0,0.017274441172240983,0.9977250694706176,-0.0022775221150368,6.249999852152541,27.43228713414706,0.20500195521421874,0.6719082694095523,0.06320440812038311,0.11060253526755955,1.0,0.8294971137636145,1.3589105991707005,10.614582203462486,0.4166640639305115,-0.015718508621163262,4.811788416104781e-05,0.0022496745654330998,0.0019260627719410973,0.0019260627719410973
human_eval_AgentChatLogprobs_20260311_161129_929,HumanEval_130,2,0,396,-0.10914988802889208,0.0,0.37200145728031003,-3.02644681930542,-0.2361240535974502,-0.002929728245362575,0.9352201749509842,1.0,0.04848761767497204,0.11431841435389467,3.526033469338897e-08,1.603220975765049,0.8535353535353535,0.05555555555555555,1.1153295123555147,-43.22335565944127,-0.992895170664176,-1.5408708453178406,-2.800166130065918,40,8,1,0.10101010101010101,0.020202020202020204,0.0025252525252525255,0.017274441172240983,0.9977250694706176,-0.0022775221150368,6.249999852152541,27.43228713414706,0.1629993229503386,1.045787505012882,0.09245294259748238,0.3350127915803794,1.0,0.9280041253661512,1.104620327968551,12.458332261441987,0.4166678786277771,-0.012825963059697257,-0.000376593271813605,0.0022496745654330998,0.0019260627719410973,0.0019260627719410973
human_eval_AgentChatLogprobs_20260311_161129_929,HumanEval_131,0,0,118,-0.018070563718636596,0.0,0.12357310310908529,-1.2566115856170654,-1.072883776487284e-07,0.0,0.9875182112665682,1.0,0.28461679408955787,0.02180410730089103,-9.997435786189738e-11,0.8335801964660302,0.9661016949152542,0.00847457627118644,1.0182348242904837,-2.1323265187991183,-0.1938478328337448,-0.42628854133654387,-1.2566115856170654,4,0,0,0.03389830508474576,0.0,0.0,0.8335801964660302,0.28461679408955787,-1.2566115856170654,0.8333357870578766,15.627172535700145,0.042377807766989226,0.8335801964660302,0.03295667813808183,0.28461679408955787,1.0,0.9641344828385945,1.0649491260764659,34.69791525399196,0.8333357870578766,-0.011939857423940404,0.00012951668654803377,0.0986853193952944,0.05375729245634375,0.05375729245634375
human_eval_AgentChatLogprobs_20260311_161129_929,HumanEval_131,1,0,244,-0.07521319602724744,0.0,0.290406124090605,-2.20068359375,-0.10704198777675619,-0.0002402951940894,0.9535487918789722,1.0,0.11072743989907986,0.07469596773839955,1.191679541471194e-10,1.2215381642396772,0.8975409836065574,0.036885245901639344,1.0781139760014635,-18.352019830648373,-0.7379553678135077,-1.1842857052882512,-2.0202253460884094,16,1,0,0.06557377049180328,0.004098360655737705,0.0,0.7931332523405114,0.5870400269579675,-0.5326622724533081,0.4166679382324219,17.88367651767358,0.16222683742447203,0.7931332523405114,0.055537062679995586,0.11072743989907986,1.0,0.8652882354297222,1.2950176526948218,17.468749233832206,0.4166679382324219,-0.024711179679695827,-0.00013572237577590598,0.04169628079229356,0.02094201125440145,0.02094201125440145
human_eval_AgentChatLogprobs_20260311_161129_929,HumanEval_131,2,0,242,-0.08102228184145446,0.0,0.34180105923477655,-2.9693682193756104,-0.11735234558582297,-7.11409566065413e-05,0.9536245750258535,1.0,0.05133573301028542,0.07926790807634887,4.907102503247657e-10,1.8507439606979257,0.8925619834710744,0.04132231404958678,1.084395058616342,-19.60739220563198,-0.7870226160933574,-1.3283926248550415,-2.8972195386886597,18,2,1,0.0743801652892562,0.008264462809917356,0.004132231404958678,0.7931332523405114,0.5870400269579675,-0.5326622724533081,0.4166679382324219,17.88367651767358,0.16740655982551683,0.8435771233149284,0.08586171890385495,0.15885447605379965,1.0,0.893951085885471,1.1882221507378623,13.312499472135915,0.4166640639305115,-0.014461589841055108,-9.393038958235687e-05,0.04169628079229356,0.02094201125440145,0.02094201125440145
human_eval_AgentChatLogprobs_20260311_161129_929,HumanEval_132,0,0,418,-0.1060604516642338,0.0,0.3476933372236801,-3.391040802001953,-0.2256590768694877,-0.015523647656664176,0.9339582577869582,1.0,0.03367361109261865,0.15812307867476344,1.681938576967725e-06,2.02653507219965,0.8564593301435407,0.06220095693779904,1.1118890900208611,-44.33326879564973,-0.9466502412063319,-1.4125891476869583,-2.542498856782913,53,18,5,0.12679425837320574,0.0430622009569378,0.011961722488038277,0.00024321161306730917,0.9999809265136742,-1.9073668227065355e-05,11.250003814515367,34.67014148447345,0.09506065537802834,0.5304814623674784,0.031468764996308476,0.22269672232484175,1.0,0.9391235863310795,1.104164252696976,10.68750078241278,1.25,-0.0009683756714245559,-0.00026235321522539957,1.9070256448378113e-05,1.300699994405789e-05,1.300699994405789e-05
human_eval_AgentChatLogprobs_20260311_161129_929,HumanEval_132,1,0,340,-0.10984409370625059,-3.1590512890034006e-06,0.3783386991702279,-2.970975637435913,-0.245913627743721,-0.010663341963663675,0.9350091347970232,0.9999968409538447,0.05125328131083438,0.12572692638326544,4.3353891005975615e-05,1.4496082366584429,0.8588235294117647,0.05,1.116104049247966,-37.3469918601252,-0.9690384785918629,-1.540844756014207,-2.779796044031779,37,9,0,0.10882352941176471,0.026470588235294117,0.0,0.00022320304805761187,0.9999825954442105,-1.7404707250534557e-05,11.25000357612771,34.09548943330149,0.14102077977989197,0.6134956017855542,0.0467813370191749,0.6970486065530298,1.0,0.9449780496159683,1.0648772935493622,9.364582421137163,0.8333281576633453,0.00911174551337521,-0.00031671665523450303,1.7405411760756754e-05,1.300702475296511e-05,1.300702475296511e-05
human_eval_AgentChatLogprobs_20260311_161129_929,HumanEval_132,2,0,336,-0.09848560540593261,-1.1920930376163597e-07,0.3583854536707118,-2.642481803894043,-0.17057050764560694,-0.008581170113757251,0.9422802402963251,0.9999998807907033,0.07118438446755973,0.11071113023936394,2.526627042979615e-06,1.2760703072238442,0.8809523809523809,0.050595238095238096,1.1034985198668186,-33.09116341639336,-0.9143771389217088,-1.520331710577011,-2.5614470640818277,29,8,0,0.08630952380952381,0.023809523809523808,0.0,0.00022320304805761187,0.9999825954442105,-1.7404707250534557e-05,11.25000357612771,34.09548943330149,0.08013675812580728,0.5303042546942828,0.021673643334649155,0.2227001469810028,1.0,0.9472224934873065,1.0937124761997579,10.78124956197862,1.25,-0.00016396641661029033,-0.00046400769535868746,1.7405411760756754e-05,1.300702475296511e-05,1.300702475296511e-05
human_eval_AgentChatLogprobs_20260311_161129_929,HumanEval_133,0,1,303,-0.0776240030120883,0.0,0.3127655025242575,-2.6192455291748047,-0.11083961576223363,-0.00104006504989225,0.9534296177471523,1.0,0.07285781118929104,0.08474270907108791,-9.901090262483996e-11,1.389875288566286,0.8976897689768977,0.0297029702970297,1.080716236218457,-23.520072912662755,-0.7451998874545097,-1.2248252272605895,-2.3937338987986245,25,4,0,0.08250825082508251,0.013201320132013201,0.0,0.188604279055334,0.9621287573687085,-0.0386069938540458,3.749999888241291,21.12151929794313,0.09859666987772944,0.5983465279704063,0.026117525062114382,0.8411304889862528,1.0,0.974728572015325,1.0270675284104789,13.677082815917675,1.6666640937328339,-0.0028470990011510225,-3.0149677407834473e-05,0.03473997092875267,0.01491668254073886,0.01491668254073886
human_eval_AgentChatLogprobs_20260311_161129_929,HumanEval_133,1,0,421,-0.06827985195394047,0.0,0.3610246518309334,-3.3565657138824463,-0.0153933502733707,0.0,0.9666032654784794,1.0,0.034854754836415335,0.05115562214763794,-9.999695215013169e-11,1.3052101377137812,0.9334916864608076,0.026128266033254157,1.0706648942196546,-28.745817672608936,-0.6818162347855312,-1.2826170069830758,-2.9663310647010803,20,2,0,0.047505938242280284,0.004750593824228029,0.0,0.13632645832175636,0.9747086766484061,-0.0256166458129882,4.166667938232422,21.5750849194004,0.09598277884105057,0.5983465279704063,0.025776800997070887,0.8411304889862528,1.0,0.97535756797931,1.0264006467767508,13.69791621841723,1.6666640937328339,-0.0021002729906713434,-0.00014297840079828823,0.023791776220810835,0.009962248077342917,0.009962248077342917
human_eval_AgentChatLogprobs_20260311_161129_929,HumanEval_133,2,0,413,-0.03882900879451376,0.0,0.18518922989302192,-2.035118103027344,-0.030060374736785786,0.0,0.9732728359716365,1.0,0.13066504965477757,0.05768510439264378,-9.998146117024347e-11,1.4713739639753451,0.927360774818402,0.01937046004842615,1.0395927072412638,-16.036380632134183,-0.3862677021179257,-0.6891877122223378,-1.5341150164604187,22,3,0,0.053268765133171914,0.007263922518159807,0.0,0.13632645832175636,0.9747086766484061,-0.0256166458129882,4.166667938232422,21.5750849194004,0.09323497680173723,0.5947033622466885,0.023070550202307905,0.8702048053850397,1.0,0.9772296846094237,1.02410957796504,13.656250731995351,2.0833359137177467,-0.003204599793754418,-3.3702215224522954e-05,0.023791776220810835,0.009962248077342917,0.009962248077342917
human_eval_AgentChatLogprobs_20260311_161129_929,HumanEval_134,0,0,587,-0.048933516461782324,0.0,0.20935436877282437,-1.839672565460205,-0.0448239386081695,-0.0006958086160011501,0.9671041208796597,1.0,0.15886943693235508,0.08160060795712092,9.9144426060714e-08,1.6992650119235815,0.9267461669505963,0.027257240204429302,1.0501505306961703,-28.723974163066224,-0.4781994423989592,-0.8393526704146944,-1.5337924242019654,41,10,2,0.06984667802385008,0.017035775127768313,0.0034071550255536627,0.0003001217841671921,0.9999772310247974,-2.276923441968393e-05,11.66666424248433,30.330290556406112,0.06309851455801169,0.6134672916116687,0.02438792934591061,0.3029376074385354,1.0,0.9567899876090673,1.0708844223413485,13.07291718234826,0.8333320319652557,-0.0030243169174220333,-7.346161440611966e-05,2.275582275213175e-05,1.6195617824860972e-06,1.6195617824860972e-06
human_eval_AgentChatLogprobs_20260311_161129_929,HumanEval_134,1,0,454,-0.05543476439002549,0.0,0.2604250908893338,-2.776804685592652,-0.04869755618274199,-0.0001686357754806,0.9660361683037783,1.0,0.06223705695902786,0.08092643843552744,1.0484354839097596e-09,1.3970690923716675,0.9229074889867841,0.02643171806167401,1.0570000607795365,-25.167383033071573,-0.5437673330307007,-0.9824113114313646,-2.2120584845542908,32,7,0,0.07048458149779736,0.015418502202643172,0.0,0.00029119605528508393,0.9999779462808753,-2.2053962311474606e-05,11.666667818779388,32.13367974657878,0.06309806827156758,0.6134672916116687,0.024387985401837682,0.3029376074385354,1.0,0.956790023371871,1.0708843840426614,13.072917361163013,0.8333320319652557,-0.003024189407009431,-0.00020930327589531705,2.2075935500585686e-05,1.6195633270213094e-06,1.6195633270213094e-06
human_eval_AgentChatLogprobs_20260311_161129_929,HumanEval_134,2,0,373,-0.06000375900513663,0.0,0.2699497308283483,-2.247692584991455,-0.03904875218868249,-0.0001044327873387,0.9639216403787284,1.0,0.10564270511181748,0.08513021223994133,6.743255850963347e-09,1.527860710027299,0.9276139410187667,0.032171581769437,1.0618405380018943,-22.381402108915964,-0.5932888333257791,-1.083288989133305,-2.0879844427108765,31,7,1,0.08310991957104558,0.01876675603217158,0.002680965147453083,0.0006378496224420321,0.9999483823783596,-5.161895387573168e-05,10.833331941226788,30.252166872884384,0.066235206567582,0.6134672916125424,0.024559710775798584,0.6970512240400232,1.0,0.9758646516718092,1.0278442499647513,12.812499812230453,0.8333320319652557,-0.0026201698539976867,0.0002579775738337155,5.1652693112844394e-05,5.6526643353373165e-06,5.6526643353373165e-06
human_eval_AgentChatLogprobs_20260311_161129_929,HumanEval_135,0,0,287,-0.051712142911298505,0.0,0.20993324202362695,-1.7046129703521729,-0.0432782977819442,-4.9055828640121035e-05,0.9648504586824546,1.0,0.18184275109375012,0.06783122090539777,1.8647684265783535e-10,1.6860519321727445,0.9198606271777003,0.0313588850174216,1.053072564476883,-14.84138501554267,-0.5195019710808992,-0.8807481037718909,-1.6032724976539612,17,3,2,0.059233449477351915,0.010452961672473868,0.006968641114982578,0.013670229839023846,0.9983038901934999,-0.0016975498292595,6.6666679286863655,26.986107507579295,0.0865644355546865,0.6947997265170737,0.03663796651825062,0.4999138181594908,1.0,0.9577723028437923,1.0547631541428582,15.114583043465284,0.0,0.0021948232704675596,0.00037560889755513296,0.0016838004143313885,0.0012704736713054605,0.0012704736713054605
human_eval_AgentChatLogprobs_20260311_161129_929,HumanEval_135,1,1,319,-0.04936053495183545,0.0,0.24502499839978104,-2.578889846801758,-0.0350522622466087,-5.13209197379183e-05,0.9692667101537391,1.0,0.07585817148650026,0.0584603534903986,4.021143469775116e-10,1.6080002156423043,0.9278996865203761,0.0219435736677116,1.0505990601484858,-15.746010649635508,-0.4980378117292158,-0.8763019283612569,-2.206671873728434,18,3,1,0.05642633228840126,0.009404388714733543,0.003134796238244514,0.019482201804928267,0.9974467754887527,-0.0025564895477145,6.249999834457412,25.382372189150757,0.0787394648680421,0.6841359383290054,0.029612121512231655,0.15886943693235508,1.0,0.9334594577108218,1.1297903402667449,13.499999653000623,0.41666412353515625,-0.0009341020333382928,2.1196353932747054e-05,0.0025268002662840894,0.0019255255721657132,0.0019255255721657132
human_eval_AgentChatLogprobs_20260311_161129_929,HumanEval_135,2,1,306,-0.02720487054949806,0.0,0.17056899831174493,-2.0596840381622314,-0.005586381768807699,-2.5033982637978625e-06,0.9824122565321729,1.0,0.12749424684803462,0.033234669293745245,-9.639538676511473e-11,0.8724884880868973,0.954248366013072,0.016339869281045753,1.0275783017315616,-8.324690388146406,-0.2761356219338874,-0.5303575212756793,-1.5019229253133137,9,0,0,0.029411764705882353,0.0,0.0,0.019482201804928267,0.9974467754887527,-0.0025564895477145,6.249999834457412,25.382372189150757,0.08685503415298174,0.6947997265170737,0.036597205113602274,0.4999138181594908,1.0,0.9577294471085549,1.0548084540139304,15.093749638753838,0.0,0.002111795099526069,-0.0002668923268540886,0.0025268002662840894,0.0019255255721657132,0.0019255255721657132
human_eval_AgentChatLogprobs_20260311_161129_929,HumanEval_136,0,1,359,-0.06956076517854282,0.0,0.30617521321631924,-3.7445828914642334,-0.052731402963399863,-7.754865146125667e-05,0.9581708763846035,1.0,0.023645489726646166,0.08069933959042487,-9.611683427398475e-11,1.4234236756719334,0.9108635097493036,0.036211699164345405,1.0720372017575814,-24.97231469909687,-0.6908753220524106,-1.1861098829437704,-2.5905209382375083,27,7,0,0.07520891364902507,0.019498607242339833,0.0,0.000891944796140702,0.9999223947516991,-7.760825974401087e-05,9.999999639359885,27.682717250748176,0.09682112151864543,1.4234236756719334,0.09506638490111342,0.023645489726646166,1.0,0.945946760495741,1.2123376882049381,15.687499995993852,0.8333320021629333,-0.006433449080947151,0.00040075551353501533,7.760703061634026e-05,4.5396422861431e-05,4.5396422861431e-05
human_eval_AgentChatLogprobs_20260311_161129_929,HumanEval_136,1,1,460,-0.03748414540535048,0.0,0.23930194067692875,-2.969371795654297,-0.0029299464542418196,0.0,0.9788884435804326,1.0,0.05133554941972588,0.03819239375105165,-9.980461391386656e-11,1.4572891456991033,0.95,0.017391304347826087,1.038195536781937,-17.24270688646122,-0.3743881290150887,-0.724289487561454,-2.284060060977936,15,3,0,0.03260869565217391,0.006521739130434782,0.0,0.0009966506663060535,0.9999130964280297,-8.690734830452129e-05,9.999999877014488,27.388891512098247,0.15601460619464658,1.4572891456991033,0.12230568713017165,0.08787210756774744,1.0,0.9310558359791525,1.1585841685475,9.291666758574703,0.4166678786277771,-0.0002768785135465304,-0.0001415830653024472,8.685408312778588e-05,4.539598992946999e-05,4.539598992946999e-05
human_eval_AgentChatLogprobs_20260311_161129_929,HumanEval_136,2,1,460,-0.053649320461788795,0.0,0.2721221902839515,-3.3250699043273926,-0.01590730864554636,0.0,0.9684013691612116,1.0,0.03597000420659146,0.06033892707011304,-9.989805814727422e-11,2.225615281642441,0.9326086956521739,0.030434782608695653,1.0551145301943319,-24.678687412422846,-0.534041299039255,-0.9708449464777241,-2.423139661550522,26,4,1,0.05652173913043478,0.008695652173913044,0.002173913043478261,0.0009966506663060535,0.9999130964280297,-8.690734830452129e-05,9.999999877014488,27.388891512098247,0.14656393199771492,1.4572891456991033,0.1267245962160582,0.4652385630819748,1.0,0.9402942199805769,1.0856519894764458,9.98958355993488,0.0,-0.00425390251804109,-0.00031363255605069523,8.685408312778588e-05,4.539598992946999e-05,4.539598992946999e-05
human_eval_AgentChatLogprobs_20260311_161129_929,HumanEval_137,0,1,389,-0.07926915623677958,0.0,0.2754725375217884,-2.200690269470215,-0.13835922479629512,-0.0008840294904075,0.948557986747501,1.0,0.11072670071613827,0.09446809402926598,5.46261660150412e-10,1.2216531502116157,0.884318766066838,0.04884318766066838,1.0824956433167763,-30.835701776107257,-0.7554811776468628,-1.17195136923539,-1.8001370429992676,33,6,0,0.08483290488431877,0.015424164524421594,0.0,0.0069957604928138515,0.9991452693984975,-0.0008550960919819,7.083331934700254,34.47047106183817,0.1855636678043381,0.95500359922977,0.08730880292904564,0.30283528054781494,1.0,0.9003570322585048,1.1589316784775048,7.989583432332347,0.4166678786277771,0.012678252580779672,-0.00046839719744389344,0.0008493373801895517,0.0008382559866567707,0.0008382559866567707
human_eval_AgentChatLogprobs_20260311_161129_929,HumanEval_137,1,0,297,-0.07182908635356282,0.0,0.3151864977183214,-3.0504720211029053,-0.078889861702919,-0.0021823598071932,0.9578409033426074,1.0,0.047336575254464434,0.08964142148804713,4.844403219897198e-08,1.5168421114648605,0.9090909090909091,0.030303030303030304,1.074471686495536,-21.33323864700816,-0.6951597176235298,-1.2285744122096471,-2.8694212436676025,22,7,1,0.07407407407407407,0.02356902356902357,0.003367003367003367,0.0069957604928138515,0.9991452693984975,-0.0008550960919819,7.083331934700254,34.47047106183817,0.16369757424069592,1.0446087661797943,0.0893196675718931,0.4104033316059164,1.0,0.9338459417987451,1.0899325173040408,9.572917008258685,0.0,0.006014356164422025,-0.000361802777129262,0.0008493373801895517,0.0008382559866567707,0.0008382559866567707
human_eval_AgentChatLogprobs_20260311_161129_929,HumanEval_137,2,1,405,-0.05272104254102154,0.0,0.2425602401229765,-3.100781202316284,-0.06329862922430027,-0.0002404144324827,0.9658608604100372,1.0,0.04501402359496974,0.07140447585718462,6.782275727180089e-10,1.4448716806766322,0.9135802469135802,0.022222222222222223,1.0541355451274823,-21.352022229113725,-0.51563302539289,-0.8752724200487136,-1.916457176208496,27,5,0,0.06666666666666667,0.012345679012345678,0.0,0.0070065872675904705,0.9991445541146301,-0.0008558119880035,7.083332172478549,33.26432046224066,0.16447351097781243,0.9981369041289515,0.0896723440962656,0.513413834423602,1.0,0.9372650414535911,1.080001951516266,9.624999247405038,0.4166640043258667,0.005219776764687079,-0.00045369360270813727,0.0008501507215073862,0.0008382551872339469,0.0008382551872339469
human_eval_AgentChatLogprobs_20260311_161129_929,HumanEval_138,0,1,404,-0.08151252198877768,0.0,0.35855813371929973,-3.461238145828247,-0.12975071743130678,-0.00048388382856500003,0.9549133566150364,1.0,0.03139087147069483,0.08561419232507213,-5.2848861703662674e-11,1.6256900799542777,0.8886138613861386,0.03217821782178218,1.0849268029401926,-32.93105888346618,-0.7863141998648644,-1.339048720896244,-2.8426971435546875,29,5,3,0.07178217821782178,0.012376237623762377,0.007425742574257425,0.0012980374539720973,0.9998807907078311,-0.0001192163981613,9.583335869356233,29.760852875829592,0.10640648194286606,0.6931471804645095,0.041433481799438,0.11071680142018288,1.0,0.9098918818265329,1.1833512336469025,18.593749414407874,0.0,-0.013449167754868738,-0.0002565010411459761,0.00011909431445778614,6.885862379841593e-05,6.885862379841593e-05
human_eval_AgentChatLogprobs_20260311_161129_929,HumanEval_138,1,0,263,-0.05933315490787852,0.0,0.23513942723967243,-2.060669183731079,-0.06047683209180829,-0.0019299223204142998,0.9602562082610017,1.0,0.12736870830272257,0.07835283000887694,5.320756875810262e-10,1.151686598592688,0.908745247148289,0.034220532319391636,1.0611287020931905,-15.604619740772051,-0.56852578285795,-0.9312783823563502,-1.9260634779930115,19,3,0,0.07224334600760456,0.011406844106463879,0.0,0.0010447772988560603,0.999906182288326,-9.382211283082142e-05,9.999999637970177,29.894094844475347,0.11114157552006676,0.693147180484271,0.04261523749389293,0.3029410020773893,1.0,0.9275053580292546,1.11356640174458,13.302083195774731,0.0,-0.010004426318301125,-0.0005624037446722755,9.386210046617885e-05,4.539568687955389e-05,4.539568687955389e-05
human_eval_AgentChatLogprobs_20260311_161129_929,HumanEval_138,2,1,332,-0.040473576227306116,0.0,0.16336723661218405,-1.7931549549102783,-0.056467605382204036,-0.000275576669082475,0.969867282984828,1.0,0.16643424792585929,0.06799604338175082,3.312383815807696e-11,1.3204561993555335,0.9186746987951807,0.024096385542168676,1.0413037941642247,-13.43722730746563,-0.38243591740275873,-0.6550893150269985,-1.238177239894867,20,2,0,0.060240963855421686,0.006024096385542169,0.0,0.0010447772988560603,0.999906182288326,-9.382211283082142e-05,9.999999637970177,29.894094844475347,0.11203959676719685,0.693147180484271,0.042565104130869835,0.49999999904767284,1.0,0.9469835250983498,1.068368020067579,13.489583577755957,0.0,-0.009900763520040547,-0.00040903201564818954,9.386210046617885e-05,4.539568687955389e-05,4.539568687955389e-05
human_eval_AgentChatLogprobs_20260311_161129_929,HumanEval_139,0,1,345,-0.05350204757815294,0.0,0.2679685270123386,-2.96936583518982,-0.023348385095596242,-8.583106136939023e-06,0.9684699758353738,1.0,0.05133585540435651,0.05324653658937266,-8.189910619733211e-11,1.0185121528224133,0.936231884057971,0.02608695652173913,1.0549591518766914,-18.458206414462765,-0.5358070679666365,-0.9769517516388613,-2.2240888675053916,18,1,0,0.05217391304347826,0.002898550724637681,0.0,0.047022290948849535,0.9925214647558083,-0.0075066396966576,4.999999730847776,23.854592794958833,0.1185109361725645,0.9854765918229025,0.08465218871873938,0.3104285634081735,1.0,0.9270344199788401,1.1236102605483804,19.23958316017948,0.4166716933250427,-0.006497770884244158,-0.00016168225892020162,0.007230268763539489,0.006687558824950399,0.006687558824950399
human_eval_AgentChatLogprobs_20260311_161129_929,HumanEval_14,0,1,93,-0.005794757271563981,0.0,0.03932442540858519,-0.3608840703964233,-9.536744300930864e-08,0.0,0.9949150014079269,1.0,0.6970598036496322,0.013786007363778883,-9.987826347601788e-11,0.6133349869484649,0.978494623655914,0.0,1.0058115793550821,-0.5389124262554502,-0.059879145227349606,-0.13466502272058276,-0.3608840703964233,1,0,0,0.010752688172043012,0.0,0.0,0.27809225369659385,0.9477115278070821,-0.0537051185965538,3.7500000968575478,13.881941181132921,0.013904612957599602,0.27809225369659385,0.0036734268168018913,0.9477115278070821,1.0,0.997385576390354,1.0026888644587504,31.78124847896397,3.7500000968575478,-0.003972746569645821,0.00016700937688536902,0.04917110834487341,0.014693160674737232,0.014693160674737232
human_eval_AgentChatLogprobs_20260311_161129_929,HumanEval_14,1,1,93,-0.0058128105891467165,0.0,0.03934679530154591,-0.3608840703964233,-9.536744300930864e-08,0.0,0.9948979064256375,1.0,0.6970598036496322,0.01380789127317629,-9.987826347601788e-11,0.6133349869484649,0.978494623655914,0.0,1.0058297377548617,-0.5405913847906446,-0.060065696175704536,-0.13508476235438135,-0.3608840703964233,1,0,0,0.010752688172043012,0.0,0.0,0.2801274572705529,0.9461216944541723,-0.0553840771317482,3.5416680201888084,14.703122697957705,0.014006373136297554,0.2801274572705529,0.0037273911274100747,0.9461216944541723,1.0,0.9973060847227085,1.0027730416433074,31.770831875130533,3.5416680201888084,-0.004001820906416665,0.0001656125316046833,0.050077394575786416,0.011909913492348285,0.011909913492348285
human_eval_AgentChatLogprobs_20260311_161129_929,HumanEval_14,2,1,93,-0.00581191073587924,0.0,0.03934694526872549,-0.3608840703964233,-9.536744300930864e-08,0.0,0.9948988069016257,1.0,0.6970598036496322,0.013800166856455723,-9.991953303125182e-11,0.6133349867109021,0.978494623655914,0.0,1.005828832656093,-0.5405076984367694,-0.06005639769194063,-0.13508492999244476,-0.3608840703964233,1,0,0,0.010752688172043012,0.0,0.0,0.2801274572705529,0.9461216944541723,-0.0553840771317482,3.5416680201888084,14.703122697957705,0.014006373232825501,0.2801274572705529,0.0037273911247060624,0.9461216944541723,1.0,0.9973060847227085,1.0027730416433074,31.770831779763103,3.5416680201888084,-0.004001820930973607,0.00016585415429728448,0.050077394575786416,0.011909913492348285,0.011909913492348285
human_eval_AgentChatLogprobs_20260311_161129_929,HumanEval_15,0,1,84,-0.007110476354131916,0.0,0.043511830755989085,-0.3608840703964233,-2.6941347357478637e-06,0.0,0.9937658500682064,1.0,0.6970598036496322,0.016363358547696067,-9.998027200328393e-11,0.6133349859766293,0.9761904761904762,0.0,1.0071358158140629,-0.597280013747081,-0.07465943547339289,-0.1489969195099547,-0.3608840703964233,1,0,0,0.011904761904761904,0.0,0.0,0.27184023433005516,0.9461280704372033,-0.0553773380815982,3.5416678451001644,13.038621945117143,0.04442132532026638,0.6133349859766293,0.02053111989699186,0.6970598036496322,1.0,0.9821411606429269,1.021049792960143,30.802082244522172,0.8333357572555542,0.0012112421830780162,-0.0006615981971105754,0.04953326529658023,0.027404578440411755,0.027404578440411755
human_eval_AgentChatLogprobs_20260311_161129_929,HumanEval_15,1,1,84,-0.019113544220410176,0.0,0.16311072381958633,-1.5019290447235107,-8.34465126331451e-08,0.0,0.9895690335564192,1.0,0.2227001469810028,0.011670679190125474,-9.998765612393456e-11,0.5303042547801967,0.9880952380952381,0.011904761904761904,1.019297377373198,-1.6055377145144547,-0.20069219941314387,-0.4013110925152432,-1.5019290447235107,1,0,0,0.011904761904761904,0.0,0.0,0.41554936238872603,0.9061788352203579,-0.0985186025500297,2.9166679456830025,13.14930241931749,0.04745522503335025,0.5303042547801967,0.02044372351762827,0.2227001469810028,1.0,0.956425722009118,1.0833310638760616,30.947915086179272,1.25,-0.0015284611173466364,-0.0006174625469913054,0.08112770464075211,0.04903668692641948,0.04903668692641948
human_eval_AgentChatLogprobs_20260311_161129_929,HumanEval_15,2,1,84,-0.006324733769892428,0.0,0.034467419166738414,-0.2519290447235107,-2.6583719403561165e-06,0.0,0.9942477474520046,1.0,0.77729988964086,0.017068438450076835,-9.998056013401242e-11,0.5303042547801967,0.9761904761904762,0.0,1.0063447771325522,-0.531277636670964,-0.06640916814120597,-0.1325434792088344,-0.2519290447235107,1,0,0,0.011904761904761904,0.0,0.0,0.41554936238872603,0.9061788352203579,-0.0985186025500297,2.9166679456830025,13.14930241931749,0.04745522503332377,0.5303042547801967,0.02044372351763079,0.77729988964086,1.0,0.9841557091421109,1.0176953527567922,30.843748483090895,1.25,-0.001528461117353422,-0.0007389966967138126,0.08112770464075211,0.04903668692641948,0.04903668692641948
human_eval_AgentChatLogprobs_20260311_161129_929,HumanEval_16,0,1,200,-0.057456278898260466,0.0,0.26912359547823883,-2.5885226726531982,-0.07889474183320999,-0.00298028800170865,0.9647137037674858,1.0,0.07513095114790418,0.07335743209583484,9.550200031630186e-09,1.2277203758743167,0.93,0.025,1.059138962920073,-11.491255779652093,-0.5377724193036556,-0.9559452295303345,-2.3283454179763794,11,1,0,0.055,0.005,0.0,0.33181957709709026,0.07513095114790418,-2.5885226726531982,2.499999947845936,13.140621219142327,0.06740932715640593,0.5303042546776466,0.019077002091788482,0.07513095114790418,1.0,0.9370550552950189,1.1592198725199987,13.02083342925523,1.25,-0.01134899939873971,0.00048738013196016197,0.06483580985198309,0.001766910193752378,0.001766910193752378
human_eval_AgentChatLogprobs_20260311_161129_929,HumanEval_16,1,0,200,-0.10830798310580021,-1.1920930376163597e-07,0.3805517754866071,-2.8601174354553223,-0.17701896131038655,-0.0038410320994444,0.937604969007171,0.9999998807907033,0.05726203527741358,0.10218657346318562,1.4552930646277026e-06,1.1257381276804244,0.875,0.065,1.114390906112242,-21.661596621160044,-1.0075452715158462,-1.5398138642311097,-2.5881954431533813,19,4,0,0.095,0.02,0.0,0.513128537108004,0.15690151404159575,-1.8521369695663448,1.6666640937328339,12.885845941513768,0.07647118133515256,0.5303042546776466,0.02543296097424222,0.15690151404159575,1.0,0.941143881466276,1.1173140905178995,12.989583275693054,1.25,-0.013940093903381771,8.413364636026509e-05,0.09250677923359168,0.001975098341358778,0.001975098341358778
human_eval_AgentChatLogprobs_20260311_161129_929,HumanEval_16,2,1,125,-0.006526174942539222,0.0,0.037249710483894964,-0.36089688539505,-0.00040306122391481987,0.0,0.9941221895880964,1.0,0.6970508708864425,0.0179047478928586,-9.844337678069381e-11,0.6134749859524868,0.984,0.0,1.00654751682392,-0.8157718678174027,-0.06789473561608848,-0.1280737941463788,-0.36089688539505,2,0,0,0.016,0.0,0.0,0.513128537108004,0.8307113676287793,-0.1854728758335113,1.6666640937328339,12.885845941513768,0.02774270751614985,0.513128537108004,0.012476226302659012,0.8307113676287793,1.0,0.9911929996213736,1.0096637332585343,30.666665824782832,1.6666640937328339,-0.006862169068272426,4.8161152972024745e-05,0.09250677923359168,0.001975098341358778,0.001975098341358778
human_eval_AgentChatLogprobs_20260311_161129_929,HumanEval_17,0,1,154,-0.03374014311751986,0.0,0.1758512815958239,-1.846062541007996,-0.020887493249028846,-8.940697782122697e-08,0.9769220264135943,1.0,0.15785750167908627,0.042057134401166305,-4.938422263745959e-11,0.6958341388090595,0.948051948051948,0.01948051948051948,1.034315797724999,-5.195982040098059,-0.3429125217099985,-0.6577127150126866,-1.846062541007996,6,0,0,0.03896103896103896,0.0,0.0,0.4760327162207358,0.15785750167908627,-1.846062541007996,1.6666641533374786,25.321611689652975,0.02380163772704306,0.4760327162207358,0.010763839387135217,0.15785750167908627,1.0,0.9578928750839543,1.09669721029088,31.11458301693201,1.6666641533374786,-0.006800467389784488,-0.0005864517348324125,0.08667066193955163,0.005631392472007714,0.005631392472007714
human_eval_AgentChatLogprobs_20260311_161129_929,HumanEval_17,1,1,390,-0.05902645301502466,0.0,0.25455322290514276,-2.772876739501953,-0.052703899890184355,-3.2186563316827232e-06,0.9626681652454799,1.0,0.06248200151317613,0.06302279887476994,-9.247886561910094e-11,1.0790315430147852,0.9230769230769231,0.035897435897435895,1.0608033018146885,-23.02031667585962,-0.579175128768652,-1.0204517747226514,-2.0623388290405273,24,3,0,0.06153846153846154,0.007692307692307693,0.0,0.46306170141851405,0.8379580975375618,-0.176787182688713,1.6666641980409622,24.670568561865664,0.16221165736056756,1.0229822009208516,0.07122437333971732,0.2166914597382635,1.0,0.9164915186641626,1.1373380095852965,10.458333033650955,0.8333320021629333,0.0025064658622083675,-4.154100752766691e-05,0.08423776272902801,0.0030221481986690605,0.0030221481986690605
human_eval_AgentChatLogprobs_20260311_161129_929,HumanEval_17,2,1,173,-0.0758015360654584,0.0,0.34210174009382827,-3.103890895843506,-0.07904800325632089,-3.695494797284482e-06,0.9577463337483517,1.0,0.0448742611988989,0.06610063761946107,9.500574242876696e-10,1.0314937911555433,0.9017341040462428,0.03468208092485549,1.0787484602472408,-13.113665739324304,-0.7504388054504114,-1.3490194529294968,-3.103890895843506,11,1,0,0.06358381502890173,0.005780346820809248,0.0,0.46306170141851405,0.15827023153450295,-1.8434513807296755,1.6666641980409622,24.670568561865664,0.02315308714376123,0.46306170141851405,0.0101852415217439,0.15827023153450295,1.0,0.9579135115767251,1.0965540370276492,31.083333209902047,1.6666641980409622,-0.006615167238574943,-0.0003898854833356567,0.08423776272902801,0.0030221481986690605,0.0030221481986690605
human_eval_AgentChatLogprobs_20260311_161129_929,HumanEval_18,0,1,328,-0.10278348775368386,0.0,0.3450965922775965,-3.391394853591919,-0.25657713413238514,-0.010177551070228174,0.9363615982749064,1.0,0.0336616910073585,0.11389714762115094,1.4725522911687496e-06,1.5022546001737254,0.8597560975609756,0.054878048780487805,1.1082514330908133,-33.712983983208304,-0.9287515077739954,-1.4130341336131096,-2.5130573511123657,37,5,1,0.11280487804878049,0.01524390243902439,0.003048780487804878,0.0427482313154298,0.993054687766576,-0.0069695431739091,4.999999908730388,25.68793441092712,0.0704568467472306,0.4377964305941034,0.014677203197786948,0.841130263377505,1.0,0.9798248834288275,1.0214972432873992,10.947917000548825,1.6666640639305115,-0.008585362337014167,0.0001285662120891791,0.006696780163104366,0.0001573607760981566,0.0001573607760981566
human_eval_AgentChatLogprobs_20260311_161129_929,HumanEval_18,1,1,319,-0.11242439421461259,0.0,0.38241669238353676,-2.876615524291992,-0.2555189847946167,-0.0065525537356733495,0.9339536810326818,1.0,0.05632507144108901,0.11346367529508643,3.4692093524610393e-07,1.0947175163658618,0.8557993730407524,0.05642633228840126,1.1189876517742507,-35.863381754461415,-1.0197735967174653,-1.621722904841105,-2.652296543121338,39,4,0,0.12225705329153605,0.012539184952978056,0.0,0.05844278671681021,0.9897026422077457,-0.0103507423773407,4.583335838280618,26.80382060222943,0.1024763595361039,0.613335026787564,0.034818023489904634,0.07585757465093201,1.0,0.9226834858413516,1.1782188595139498,12.81250057872894,0.8333357572555542,-0.0016485348964821694,0.00029603663615652054,0.009767188399441662,0.0001033882623495191,0.0001033882623495191
human_eval_AgentChatLogprobs_20260311_161129_929,HumanEval_18,2,1,401,-0.07507151451423237,0.0,0.28391343078125086,-2.5817365646362305,-0.1730089634656906,-0.0030479342676699,0.9513038192156459,1.0,0.07564253175519875,0.09056530023315378,2.9243617320171093e-08,1.2216785868893676,0.885286783042394,0.04239401496259352,1.077961238002472,-30.103677320207183,-0.6897271294146776,-1.078815397620201,-2.3930065631866455,35,2,0,0.08728179551122195,0.004987531172069825,0.0,0.05844278671681021,0.9897026422077457,-0.0103507423773407,4.583335838280618,26.80382060222943,0.07574048460147195,0.530312470794117,0.018462426046891307,0.7772994726648176,1.0,0.9764826244062605,1.0256921592968142,10.989584008113882,1.2499999403953552,-0.008851400829032527,-2.3144389333821713e-05,0.009767188399441662,0.0001033882623495191,0.0001033882623495191
human_eval_AgentChatLogprobs_20260311_161129_929,HumanEval_19,0,0,381,-0.034108371701352544,0.0,0.1880322578901951,-2.535155296325684,-0.0153885688632726,-1.299389714404242e-05,0.9773255063216324,1.0,0.0792494111666883,0.04610512995198927,-9.771342125616652e-11,1.0211739202354886,0.9448818897637795,0.015748031496062992,1.0346967324976626,-12.99528961821532,-0.3378744712099433,-0.6201106011867523,-1.7853280703226726,16,1,0,0.04199475065616798,0.0026246719160104987,0.0,0.00665842123066707,0.9992927312828748,-0.000707518949639,8.125000107393134,22.61675072694984,0.07937749689042158,0.6974917803906402,0.03443839571923603,0.22270009388515652,1.0,0.9451630700783304,1.0975077726552516,13.677083411208674,1.25,0.0004852998445602681,2.3134613355813648e-05,0.0007058676166254826,0.0002958353151097329,0.0002958353151097329
human_eval_AgentChatLogprobs_20260311_161129_929,HumanEval_19,1,0,386,-0.04867865053510996,0.0,0.24584824892318105,-2.662261724472046,-0.035998225212097154,-4.1813555981207167e-05,0.9697118050887024,1.0,0.06979019691143894,0.059441572353446194,-9.620042761025487e-11,1.3738574796204392,0.9145077720207254,0.02072538860103627,1.0498829172122468,-18.789959106552445,-0.484456901977721,-0.8341634759777471,-2.3543268839518228,24,1,0,0.06217616580310881,0.0025906735751295338,0.0,0.00580230206403827,0.999394893617486,-0.0006052895332686,8.333336170122493,23.545569453980654,0.07960872106696425,0.697491783103633,0.035099975008790266,0.7474249622994819,1.0,0.9727278054954492,1.0312041109087986,14.854167217829195,1.25,0.0013105532764089152,0.00014552892934605676,0.0006041810551014786,0.0002402233458512212,0.0002402233458512212
human_eval_AgentChatLogprobs_20260311_161129_929,HumanEval_19,2,0,309,-0.053694838666354175,0.0,0.2065824010392214,-1.849905252456665,-0.07170547693967812,-8.046950824791566e-05,0.9625068310510796,1.0,0.1572520648546457,0.06829296050107073,1.192458317308898e-10,0.8505191534067887,0.9061488673139159,0.03559870550161812,1.0551625582064232,-16.59170514790344,-0.5326473919053872,-0.8593371053536732,-1.5153518517812092,24,0,0,0.07766990291262135,0.0,0.0,0.00580230206403827,0.999394893617486,-0.0006052895332686,8.333336170122493,23.545569453980654,0.07899352165005705,0.6974917803906402,0.03449634494641858,0.7474249622994819,1.0,0.9729402276738585,1.0309644774218425,14.729166823219362,1.25,0.00040005318064550977,-4.064698110828376e-05,0.0006041810551014786,0.0002402233458512212,0.0002402233458512212
human_eval_AgentChatLogprobs_20260311_161129_929,HumanEval_2,0,0,325,-0.06311676708820715,0.0,0.2360780019077845,-1.841811299324036,-0.07891492247581477,-0.000364608480595,0.9574332314275382,1.0,0.1585300205776653,0.08045089406086056,1.5012784485383814e-08,1.4919181169430549,0.9107692307692308,0.033846153846153845,1.06515120657505,-20.512949303667327,-0.6099778057541698,-0.9610057510435581,-1.6941207647323608,26,4,0,0.08,0.012307692307692308,0.0,0.6742778562679799,0.688893252004851,-0.3726689517498016,0.8333320915699005,26.41015308685713,0.15114944551985346,0.854947763000838,0.06464195346264942,0.5718799721558465,1.0,0.9416420897545423,1.07193627105007,11.312499653801888,0.4166717529296875,-0.01283317490728404,-9.867522174368689e-05,0.06624387222059674,0.00010916290829621024,0.00010916290829621024
human_eval_AgentChatLogprobs_20260311_161129_929,HumanEval_2,1,1,204,-0.09310749042374007,0.0,0.3525682093814558,-3.008582830429077,-0.1448980100452899,-0.0004923816741210999,0.9462192152340902,1.0,0.04936158294904621,0.08633958858953808,4.898835595654359e-08,1.444066133825284,0.8970588235294118,0.05392156862745098,1.097579708235413,-18.993928046442974,-0.9072257272899151,-1.460375964641571,-2.532306671142578,18,1,0,0.08823529411764706,0.004901960784313725,0.0,0.6742778562679799,0.688893252004851,-0.3726689517498016,0.8333320915699005,26.41015308685713,0.13817372278585718,0.854947763000838,0.06479529688395055,0.1518500576730967,1.0,0.9127689061718854,1.1605751205689256,11.895833424659168,0.4166717529296875,-0.016163832135372022,-0.00021447061806694333,0.06624387222059674,0.00010916290829621024,0.00010916290829621024
human_eval_AgentChatLogprobs_20260311_161129_929,HumanEval_2,2,1,203,-0.08266211919596653,0.0,0.32117927872123836,-2.579071283340454,-0.07894932627677917,-0.00015099002484925,0.950563406984449,1.0,0.07584440929095423,0.0790932899831986,3.797374662822981e-09,1.1524954248781012,0.9014778325123153,0.03940886699507389,1.0861747489430391,-16.780410196781204,-0.8102728299796581,-1.2746478378772736,-2.3920377492904663,16,2,0,0.07881773399014778,0.009852216748768473,0.0,0.6742778562679799,0.688893252004851,-0.3726689517498016,0.8333320915699005,26.41015308685713,0.13817372278585718,0.854947763000838,0.06479529688395055,0.1518500576730967,1.0,0.9127689061718854,1.1605751205689256,11.895833424659168,0.4166717529296875,-0.016163832135372022,-0.00045505461429591235,0.06624387222059674,0.00010916290829621024,0.00010916290829621024
human_eval_AgentChatLogprobs_20260311_161129_929,HumanEval_20,0,0,417,-0.06612846726958645,0.0,0.2981675798092374,-2.972334861755371,-0.1007610261440276,-0.000364608480595,0.9603636494209954,1.0,0.051183663927962725,0.0755145970185924,-2.5714896598503634e-11,1.2116066600181457,0.8992805755395683,0.02158273381294964,1.0683639581509454,-27.57557085141755,-0.6383961798941217,-1.0942746490240096,-2.479684889316559,28,5,0,0.0671462829736211,0.011990407673860911,0.0,0.00047433290005222475,0.9999611377700629,-3.886298509314656e-05,10.833332299429458,37.70007503568456,0.1318864287651565,0.8434410946315903,0.0531191701463551,0.07985690066890032,1.0,0.9232479351262117,1.1735467516023048,11.197917752092556,0.8333357572555542,-0.004987906359939793,-0.00010448446978497951,3.889309968057068e-05,1.0560698221470174e-05,1.0560698221470174e-05
human_eval_AgentChatLogprobs_20260311_161129_929,HumanEval_20,1,0,371,-0.07032134931642867,0.0,0.3203744504183164,-2.969364643096924,-0.0350623875856399,-4.09492331527872e-05,0.9599872510617381,1.0,0.051335916601501524,0.06508763415154173,-9.272433261497855e-11,1.2278363043442722,0.9164420485175202,0.03234501347708895,1.072852886407543,-26.089220596395037,-0.6911341976877805,-1.220968754755126,-2.74127197265625,22,3,0,0.05929919137466307,0.008086253369272238,0.0,0.00047433290005222475,0.9999611377700629,-3.886298509314656e-05,10.833332299429458,37.70007503568456,0.1342795269675497,0.6936288361059972,0.046193915524768814,0.051335916601501524,1.0,0.8238213513847701,1.5049905668738708,9.135416868449974,0.0,0.006319519068050191,0.00014636617407200086,3.889309968057068e-05,1.0560698221470174e-05,1.0560698221470174e-05
human_eval_AgentChatLogprobs_20260311_161129_929,HumanEval_20,2,1,423,-0.040818668054190384,0.0,0.1894641998816034,-1.8526335954666135,-0.02324586100876322,-9.394146036356383e-05,0.9722568850393261,1.0,0.15682361203161035,0.055498510602996765,-9.288970448590273e-11,1.3050922402980698,0.9432624113475178,0.02364066193853428,1.0416632016036125,-17.266296586922532,-0.4029552586199272,-0.7378235743159339,-1.5302832424640656,21,4,0,0.04964539007092199,0.009456264775413711,0.0,0.00047433290005222475,0.9999611377700629,-3.886298509314656e-05,10.833332299429458,37.70007503568456,0.15141608405044665,0.8434410946315903,0.05140413590767832,0.6413480485383163,1.0,0.9471083219619061,1.0620241675841553,9.03125097479654,0.8333357572555542,-8.456176534190632e-05,-0.0001486799887606291,3.889309968057068e-05,1.0560698221470174e-05,1.0560698221470174e-05
human_eval_AgentChatLogprobs_20260311_161129_929,HumanEval_21,0,1,312,-0.045546041906486895,0.0,0.22535959610783285,-2.4487059116363525,-0.03583382517099379,-1.3262121683510484e-05,0.9708734265501376,1.0,0.08640533031310683,0.05924042566515792,-9.754010492628064e-11,1.2750204887420944,0.9262820512820513,0.022435897435897436,1.0465991909267234,-14.210365074823912,-0.44778493875938075,-0.8182181398073832,-1.8841660817464192,15,2,0,0.04807692307692308,0.00641025641025641,0.0,0.00447030110746224,0.9995478987562025,-0.0004522034723777,8.333335714618443,28.10069573313289,0.09805101505710417,0.8457210530344804,0.04678939130587615,0.6411605518197238,1.0,0.964925456067238,1.041820975711568,16.78125018735637,0.8333359062671661,-0.001015064501565571,-0.0004197484127859783,0.00045145834736010895,1.30014191428525e-05,1.30014191428525e-05
human_eval_AgentChatLogprobs_20260311_161129_929,HumanEval_21,1,1,322,-0.05871678585926068,0.0,0.23840686591975246,-2.202054023742676,-0.07890052348375319,-0.000345364802342325,0.9612492562602148,1.0,0.11057579962435293,0.07565337908538292,-7.137568960543983e-11,1.3203533866861623,0.9037267080745341,0.027950310559006212,1.0604748567303426,-18.90680504668194,-0.5681785219348967,-0.9374510198831558,-1.7974899212519329,25,4,0,0.07763975155279502,0.012422360248447204,0.0,0.006329531092903166,0.9993466734936787,-0.0006535400170832,8.124999726889655,26.430552242040136,0.11393240393465634,0.8457210530553347,0.05260634537752932,0.11057579962435293,1.0,0.9064124903645234,1.2066950205754332,16.10416697067152,0.8333359062671661,-0.0023515389321918916,0.000104283845194948,0.0006522586703189375,4.537028117607734e-05,4.537028117607734e-05
human_eval_AgentChatLogprobs_20260311_161129_929,HumanEval_21,2,1,318,-0.06824340153442407,0.0,0.3054486700974098,-2.9168946743011475,-0.08893854320049271,-0.00025162286328845,0.9593562742160363,1.0,0.054101429277504595,0.07624539383807816,-6.532756588976464e-11,1.4136867021273505,0.89937106918239,0.031446540880503145,1.0706258687463506,-21.701401687946856,-0.6686516743033163,-1.1642048239707947,-2.6989134152730307,22,3,0,0.06918238993710692,0.009433962264150943,0.0,0.006329531092903166,0.9993466734936787,-0.0006535400170832,8.124999726889655,26.430552242040136,0.15175739794289247,0.7936433533119079,0.06048262252200025,0.054101429277504595,1.0,0.8889176230107043,1.2689884280039208,10.15624975324078,0.8333320915699005,-0.007574152544530017,-6.789435585046515e-05,0.0006522586703189375,4.537028117607734e-05,4.537028117607734e-05
human_eval_AgentChatLogprobs_20260311_161129_929,HumanEval_22,0,1,196,-0.04181047796793382,0.0,0.1410502467721395,-1.1942172050476074,-0.09281218424439425,-0.0002621160601847,0.9668821435304542,1.0,0.3029410020773893,0.07238189141055859,3.220948350710579e-10,0.7819650387944369,0.9030612244897959,0.01020408163265306,1.0426968459983919,-8.19485368171503,-0.4003109096696502,-0.5862323045730591,-1.1942172050476074,15,0,0,0.07653061224489796,0.0,0.0,0.3344446814129014,0.9147303731697678,-0.0891259312629699,2.4999999403953552,18.057283883294957,0.17058051702243243,0.6876646565190866,0.053296645256066325,0.6013195517836379,1.0,0.9411782265697918,1.069843595914126,10.062499027220838,0.4166678786277771,0.007265133231043991,0.00018009971144193816,0.06539975017733914,0.004063162890984463,0.004063162890984463
human_eval_AgentChatLogprobs_20260311_161129_929,HumanEval_22,1,1,243,-0.08035045167256348,0.0,0.3403298209065311,-3.0502731800079346,-0.1191594332456588,-0.00193063897313545,0.9539446950921525,1.0,0.0473459886467738,0.08755445793907105,2.8904466213747062e-08,1.537022253647341,0.8888888888888888,0.03292181069958848,1.0836667739701586,-19.525159756432927,-0.7654532374193271,-1.3234692265590031,-2.8146926164627075,16,5,1,0.06584362139917696,0.0205761316872428,0.00411522633744856,0.3344446814129014,0.9147303731697678,-0.0891259312629699,2.4999999403953552,18.057283883294957,0.15288141827956067,0.6876646565190866,0.05637429475710509,0.39641379983129377,1.0,0.9283897738437161,1.0991164447094197,12.08333241281775,0.4166678786277771,0.00454159093075758,0.00039141410311965694,0.06539975017733914,0.004063162890984463,0.004063162890984463
human_eval_AgentChatLogprobs_20260311_161129_929,HumanEval_22,2,1,227,-0.05158528568040805,0.0,0.2016776529034447,-1.687708854675293,-0.08912350386381146,-0.00193171389400955,0.9636152762524862,1.0,0.18494276971128035,0.08594398495745657,1.94605823247512e-08,1.813299743711472,0.9030837004405287,0.02643171806167401,1.052938983080489,-11.709859849452627,-0.4944073754278096,-0.8137314942750064,-1.600882112979889,14,3,2,0.06167400881057269,0.013215859030837005,0.00881057268722467,0.4210436128089623,0.8788642324657043,-0.1291248500347137,2.0833320915699005,17.97091176216146,0.1625116929732936,0.6876643047209403,0.06301516702765693,0.39641379983129377,1.0,0.9242492799555657,1.1043998651481084,12.041666437499359,0.4166678190231323,0.0027011627870040826,0.0005534706280242404,0.08154095842276629,0.004808083556857891,0.004808083556857891
human_eval_AgentChatLogprobs_20260311_161129_929,HumanEval_23,0,1,47,-0.003246666783552655,0.0,0.015118961959362772,-0.0788897275924682,-6.914143881431292e-07,0.0,0.9968699534669457,1.0,0.9241418261705819,0.013175072464929518,-9.773930389991742e-11,0.33047162465807645,1.0,0.0,1.0032519429145557,-0.1525933388269748,-0.0381478578692622,-0.07482381910085675,-0.0788897275924682,0,0,0,0.0,0.0,0.0,0.33047162465807645,0.931687416466992,-0.0707579106092453,3.3333320170640945,19.6479954811244,0.02996330586393962,0.33047162465807645,0.008168334486769475,0.9241418261705819,1.0,0.9927903892482373,1.0075115258305405,27.937498501678355,2.5000001192092896,-0.002902858986739181,-0.0011079321075892139,0.06216499862081292,0.01779051324233983,0.01779051324233983
human_eval_AgentChatLogprobs_20260311_161129_929,HumanEval_23,1,1,47,-0.003246666783552655,0.0,0.015118961959362772,-0.0788897275924682,-6.914143881431292e-07,0.0,0.9968699534669457,1.0,0.9241418261705819,0.013175072464929518,-9.773930389991742e-11,0.33047162465807645,1.0,0.0,1.0032519429145557,-0.1525933388269748,-0.0381478578692622,-0.07482381910085675,-0.0788897275924682,0,0,0,0.0,0.0,0.0,0.33047162465807645,0.931687416466992,-0.0707579106092453,3.3333320170640945,19.6479954811244,0.02996330586393962,0.33047162465807645,0.008168334486769475,0.9241418261705819,1.0,0.9927903892482373,1.0075115258305405,27.937498501678355,2.5000001192092896,-0.002902858986739181,-0.0011079321075892139,0.06216499862081292,0.01779051324233983,0.01779051324233983
human_eval_AgentChatLogprobs_20260311_161129_929,HumanEval_23,2,1,47,-0.002800436610463462,0.0,0.01431684626473811,-0.0936219617724418,-9.298333765173073e-07,0.0,0.997302976087381,1.0,0.9106269489765539,0.012519713146403775,-9.774174194032264e-11,0.41832720122163,1.0,0.0,1.0028043614960107,-0.1316205206917827,-0.03290450432359644,-0.06433711200952524,-0.0936219617724418,0,0,0,0.0,0.0,0.0,0.41832720122163,0.9106269489765539,-0.0936219617724418,3.3333320692181587,18.472650713815966,0.028423245253690332,0.41832720122163,0.009065046854984701,0.9106269489765539,1.0,0.9938079924062604,1.0064555617908324,27.8854158364137,3.3333320692181587,-0.004961013200527467,-0.0012181155048314083,0.08060479074896511,0.03248574078531026,0.03248574078531026
human_eval_AgentChatLogprobs_20260311_161129_929,HumanEval_24,0,0,345,-0.08243662773316388,0.0,0.2786566884715909,-2.1565186977386475,-0.20483442842960353,-0.0076791290193796,0.9453633350745844,1.0,0.11572730229379555,0.1155926081399896,8.387620056251452e-07,1.566605946723535,0.8666666666666667,0.043478260869565216,1.085929853422003,-28.44063656794154,-0.73604665652794,-1.1429999488241531,-1.9277883768081665,38,6,1,0.11014492753623188,0.017391304347826087,0.002898550724637681,0.012465820816351503,0.9985421895507898,-0.001458874088712,7.083332309382968,25.130641548497653,0.03354725237161227,0.2685351634560359,0.005055296842341794,0.9241418261705819,1.0,0.991866064314865,1.0083872417075685,19.864582720924737,2.5000001192092896,-0.003893169440641667,0.0001874456374078541,0.0014513497022539865,0.00036408359505994345,0.00036408359505994345
human_eval_AgentChatLogprobs_20260311_161129_929,HumanEval_24,1,0,203,-0.03030110814252052,0.0,0.12802798176570668,-0.9916567206382751,-0.02183816991746418,-1.4662849935120905e-05,0.9766312874643646,1.0,0.37096160190543187,0.062264709223417855,-8.292468344475945e-11,1.312402198290023,0.9408866995073891,0.014778325123152709,1.0307648589225302,-6.151124952931665,-0.30071093179285524,-0.5373871698975563,-0.8825075030326843,9,5,0,0.04433497536945813,0.024630541871921183,0.0,0.014927275419663648,0.998229563265883,-0.001772005809471,7.08333198283799,25.173607231364592,0.033740857527725605,0.2685351634179708,0.005046471074731137,0.9241418261705819,1.0,0.9918412062020204,1.008412340120907,19.791665666392696,2.5000001192092896,-0.003943637712410649,-3.5071759669386604e-05,0.0017623928461232335,0.0005521052128392933,0.0005521052128392933
human_eval_AgentChatLogprobs_20260311_161129_929,HumanEval_24,2,0,202,-0.03642943556403462,0.0,0.17667661662285736,-1.580041766166687,-0.01629453320056191,-1.895445802801987e-05,0.9751237672025749,1.0,0.20596649559424876,0.05638735146073574,-6.113525979745286e-11,1.3978109501261746,0.9455445544554455,0.024752475247524754,1.0371011189801498,-7.358745983934994,-0.3614280196838081,-0.6682683780789376,-1.2916207909584045,9,3,0,0.04455445544554455,0.01485148514851485,0.0,0.014927275419663648,0.998229563265883,-0.001772005809471,7.08333198283799,25.173607231364592,0.036346525072217174,0.2685351634179701,0.005797869586053625,0.9241418261705819,1.0,0.9910000474158356,1.0092992509495766,19.80208303963833,2.5000001192092896,-0.0045470527461488825,4.009766052257401e-05,0.0017623928461232335,0.0005521052128392933,0.0005521052128392933
human_eval_AgentChatLogprobs_20260311_161129_929,HumanEval_25,0,1,422,-0.04521374481149373,0.0,0.20726042979556275,-1.856431484222412,-0.040532196685671776,-9.954474444381881e-05,0.9700009072974036,1.0,0.1562291429770504,0.057384468806248666,-8.045804365160032e-11,1.0633550772705787,0.9265402843601895,0.02132701421800948,1.046251466833009,-19.08020031045035,-0.4403832261228845,-0.7904275499639057,-1.6137828528881073,20,1,0,0.04739336492890995,0.002369668246445498,0.0,0.05667805251870332,0.9911386369110482,-0.0089008584618568,4.999999783933163,26.951393307042558,0.09594999740552616,0.6535146958655356,0.03212641129689316,0.6923945008303457,1.0,0.9693170220547854,1.0350507281809656,12.66666737533571,0.8333357274532318,0.002301701919318066,0.00019668739548398082,0.008601057649516684,0.006678241047198724,0.006678241047198724
human_eval_AgentChatLogprobs_20260311_161129_929,HumanEval_25,1,1,508,-0.0899706754717145,0.0,0.36717436648407925,-2.9693665504455566,-0.12446258142590522,-0.0012718775542452,0.9502970217562084,1.0,0.05133581868610456,0.08217123207579471,8.574417888090058e-10,1.2350459901923725,0.8937007874015748,0.03740157480314961,1.0941421980309296,-45.705103139630964,-0.8707571816444397,-1.4825769138336182,-2.581240701675415,38,5,0,0.07480314960629922,0.00984251968503937,0.0,0.05219163964928376,0.9918214682782591,-0.0082121593877673,4.999999930150807,27.385412754717855,0.10598576500861726,0.6535147355698646,0.03960057065005699,0.15886943693235508,1.0,0.9306810707941338,1.1309227945445035,12.552083237518833,0.8333357274532318,0.004729770984340046,0.0002663599961923699,0.007927144181537277,0.006682840952605069,0.006682840952605069
human_eval_AgentChatLogprobs_20260311_161129_929,HumanEval_25,2,1,417,-0.08405496082544092,0.0,0.32394189099016263,-3.744428157806397,-0.11750960499048227,-0.000838631298393,0.9492751718459594,1.0,0.02364914876284363,0.0934996112177005,-5.325686918964945e-11,1.5393081742596026,0.8848920863309353,0.050359712230215826,1.0876886724333295,-35.050918664208865,-0.8136431376745061,-1.315787896513939,-2.2476329803466797,34,10,1,0.0815347721822542,0.023980815347721823,0.002398081534772182,0.05219163964928376,0.9918214682782591,-0.0082121593877673,4.999999930150807,27.385412754717855,0.23198118546666463,1.5393081742596026,0.17913615844291547,0.2507936402653307,1.0,0.8608024772083567,1.2539077688591926,8.885416364256333,0.20833206176757812,0.012088937960421502,-8.222995737120166e-05,0.007927144181537277,0.006682840952605069,0.006682840952605069
human_eval_AgentChatLogprobs_20260311_161129_929,HumanEval_26,0,0,261,-0.09070240604423911,0.0,0.3027765378126119,-3.0612525939941406,-0.1816513985395431,-0.0101688802242279,0.940188540450686,1.0,0.04682900074240615,0.12007356046527375,1.9435450845924e-08,1.470951979267615,0.8352490421455939,0.04597701149425287,1.0949431083174535,-23.673327977546407,-0.7781941615618192,-1.182992779291593,-2.4885162711143494,26,4,0,0.09961685823754789,0.01532567049808429,0.0,0.492685708312624,0.833891985717188,-0.1816513985395431,1.6666678935289383,16.302080049490478,0.16089543827748215,0.9484318287969944,0.07326651972899152,0.49999999904767284,1.0,0.9273883520435566,1.0960298877346164,10.44791703059584,0.0,-0.022034983551884883,0.0004974084981133028,0.08892354122027903,0.00456204790625935,0.00456204790625935
human_eval_AgentChatLogprobs_20260311_161129_929,HumanEval_26,1,0,306,-0.08070210574962029,0.0,0.26028679161139817,-2.5789270401000977,-0.25192970037460327,-0.00848743447568265,0.9440164721491666,1.0,0.07585535012336488,0.11020590969870946,3.0743704157719823e-07,1.339291455288344,0.8627450980392157,0.042483660130718956,1.0840479168206871,-24.694844359383808,-0.700396153330803,-1.0272377689679464,-1.8720591862996419,33,2,0,0.10784313725490197,0.006535947712418301,0.0,0.4931206412340971,0.8338897241957353,-0.1816541105508804,1.666664108633995,16.118051625210786,0.20041760033112804,0.6719088924015789,0.0632991579480861,0.3973152666774582,1.0,0.9004332724949565,1.13643116927198,11.427081891376293,0.4166640639305115,-0.015209327691570282,0.00028932969404845256,0.08894097200412808,0.0037040883867271255,0.0037040883867271255
human_eval_AgentChatLogprobs_20260311_161129_929,HumanEval_26,2,0,268,-0.10189510500471366,0.0,0.3636517882918899,-2.503110408782959,-0.1782126098871231,-0.0029891273006796247,0.9403991771191889,1.0,0.0818300773833852,0.10211781653195336,2.3771949175055736e-08,1.3176311251322288,0.8656716417910447,0.04477611940298507,1.1072673188359212,-27.307888141263263,-0.9580409578405894,-1.523855108481187,-2.4404367208480835,23,4,0,0.08582089552238806,0.014925373134328358,0.0,0.4931206412340971,0.8338897241957353,-0.1816541105508804,1.666664108633995,16.118051625210786,0.16347216582621282,0.9317889166286077,0.07421558645687869,0.5609118818326037,1.0,0.9285998966957433,1.0915475908968975,10.479166417824876,0.4166640639305115,-0.02330169248531003,-0.00026992367462462346,0.08894097200412808,0.0037040883867271255,0.0037040883867271255
human_eval_AgentChatLogprobs_20260311_161129_929,HumanEval_27,0,1,68,-0.03728168229150592,0.0,0.19842726358802665,-1.5029581785202026,-4.899527891666364e-06,0.0,0.976595210423334,1.0,0.22247107662545643,0.029476835535277423,-9.90476265262034e-11,0.6720166911685479,0.9558823529411765,0.014705882352941176,1.0379853617578436,-2.5351543958224028,-0.4225232689641416,-0.8385626475016276,-1.5029581785202026,3,0,0,0.04411764705882353,0.0,0.0,0.08159155269788786,0.9868812564480315,-0.0132055543363094,4.583332035690546,17.67751228977592,0.03768845877873523,0.6720166911685479,0.02149276207975207,0.602679621453446,1.0,0.9794773882439728,1.026319816258893,30.614581693890933,0.416664183139801,0.004393500871416999,0.00011257823564281345,0.01260380923754653,0.001019742098505211,0.001019742098505211
human_eval_AgentChatLogprobs_20260311_161129_929,HumanEval_27,1,1,68,-0.03728168229150592,0.0,0.19842726358802665,-1.5029581785202026,-4.899527891666364e-06,0.0,0.976595210423334,1.0,0.22247107662545643,0.029476835535277423,-9.90476265262034e-11,0.6720166911685479,0.9558823529411765,0.014705882352941176,1.0379853617578436,-2.5351543958224028,-0.4225232689641416,-0.8385626475016276,-1.5029581785202026,3,0,0,0.04411764705882353,0.0,0.0,0.08159155269788786,0.9868812564480315,-0.0132055543363094,4.583332035690546,17.67751228977592,0.03768845877873523,0.6720166911685479,0.02149276207975207,0.602679621453446,1.0,0.9794773882439728,1.026319816258893,30.614581693890933,0.416664183139801,0.004393500871416999,0.00011257823564281345,0.01260380923754653,0.001019742098505211,0.001019742098505211
human_eval_AgentChatLogprobs_20260311_161129_929,HumanEval_27,2,1,53,-0.024473914878182578,0.0,0.13392520076249614,-0.9230337142944336,-1.0514327038890766e-05,0.0,0.9826647765145268,1.0,0.3973118801894378,0.02589617202526005,-9.837895312165585e-11,0.6720166911685479,0.9622641509433962,0.018867924528301886,1.0247758593554228,-1.2971174885436767,-0.25942058898508547,-0.6419591456651688,-0.9230337142944336,2,0,0,0.03773584905660377,0.0,0.0,0.06973420741705184,0.9891676898310767,-0.0108914067968726,4.791667968966067,18.0733479319008,0.03709559151469485,0.6720166911685479,0.021447383005665007,0.3973118801894378,1.0,0.9693233228499247,1.0478043837087914,30.656248299819843,0.416664183139801,0.004562891518286405,0.00030612920372991405,0.010478162706363526,0.0008298849350133053,0.0008298849350133053
human_eval_AgentChatLogprobs_20260311_161129_929,HumanEval_28,0,1,62,-0.0012368956634515923,0.0,0.009551642013895426,-0.0758330449461937,-1.0728837338547231e-07,0.0,0.9988083358313732,1.0,0.9269709561267686,0.005905949230571368,-7.898938472226098e-11,0.35918371455273257,1.0,0.0,1.0012376609343803,-0.07668753113399872,-0.012781235320782493,-0.02556008645024121,-0.0758330449461937,0,0,0,0.0,0.0,0.0,0.35918371455273257,0.9269709561267686,-0.0758330449461937,3.3333356752991676,24.870221561680797,0.017962884542863974,0.35918371455273257,0.006127982092388998,0.9269709561267686,1.0,0.996348267664497,1.0037991308613907,28.192708202078144,3.3333356752991676,-0.005130139593722972,-0.0005545046842467706,0.06690862318386308,0.006245882428530782,0.006245882428530782
human_eval_AgentChatLogprobs_20260311_161129_929,HumanEval_28,1,1,62,-0.0012368956634515923,0.0,0.009551642013895426,-0.0758330449461937,-1.0728837338547231e-07,0.0,0.9988083358313732,1.0,0.9269709561267686,0.005905949230571368,-7.898938472226098e-11,0.35918371455273257,1.0,0.0,1.0012376609343803,-0.07668753113399872,-0.012781235320782493,-0.02556008645024121,-0.0758330449461937,0,0,0,0.0,0.0,0.0,0.35918371455273257,0.9269709561267686,-0.0758330449461937,3.3333356752991676,24.870221561680797,0.017962884542863974,0.35918371455273257,0.006127982092388998,0.9269709561267686,1.0,0.996348267664497,1.0037991308613907,28.192708202078144,3.3333356752991676,-0.005130139593722972,-0.0005545046842467706,0.06690862318386308,0.006245882428530782,0.006245882428530782
human_eval_AgentChatLogprobs_20260311_161129_929,HumanEval_28,2,1,62,-0.0012368956634515923,0.0,0.009551642013895426,-0.0758330449461937,-1.0728837338547231e-07,0.0,0.9988083358313732,1.0,0.9269709561267686,0.005905949230571368,-7.898938472226098e-11,0.35918371455273257,1.0,0.0,1.0012376609343803,-0.07668753113399872,-0.012781235320782493,-0.02556008645024121,-0.0758330449461937,0,0,0,0.0,0.0,0.0,0.35918371455273257,0.9269709561267686,-0.0758330449461937,3.3333356752991676,24.870221561680797,0.017962884542863974,0.35918371455273257,0.006127982092388998,0.9269709561267686,1.0,0.996348267664497,1.0037991308613907,28.192708202078144,3.3333356752991676,-0.005130139593722972,-0.0005545046842467706,0.06690862318386308,0.006245882428530782,0.006245882428530782
human_eval_AgentChatLogprobs_20260311_161129_929,HumanEval_29,0,1,99,-0.0007086702576687582,0.0,0.006987560520787665,-0.0698817744851112,0.0,0.0,0.9993154292283323,1.0,0.9325040591618038,0.0035000946651788465,-9.997007653708205e-11,0.34364781523814075,1.0,0.0,1.0007089214237637,-0.07015835550920706,-0.007795372834356339,-0.017534760877424543,-0.0698817744851112,0,0,0,0.0,0.0,0.0,0.34364781523814075,0.9325040591618038,-0.0698817744851112,3.3333319649100304,16.18445641629332,0.017182391011109438,0.34364781523814075,0.005609456485038713,0.9325040591618038,1.0,0.9966252029580902,1.0035002001681648,32.26041621677577,3.3333319649100304,-0.004909254583865965,-0.00020862371710594446,0.06243036701383369,0.0095309204852281,0.0095309204852281
human_eval_AgentChatLogprobs_20260311_161129_929,HumanEval_29,1,1,99,-0.0009002737464141258,0.0,0.00884307189078066,-0.0884404778480529,0.0,0.0,0.9991380921867642,1.0,0.9153575931682721,0.004220257839799044,-9.997687121328238e-11,0.41163220032839726,1.0,0.0,1.0009006791144617,-0.08912710089499845,-0.009903011210555384,-0.02227694722387239,-0.0884404778480529,0,0,0,0.0,0.0,0.0,0.41163220032839726,0.9153575931682721,-0.0884404778480529,3.1249999403953552,15.55078008895191,0.020581610233583795,0.41163220032839726,0.00804845073755273,0.9153575931682721,1.0,0.9957678796584137,1.0044318154675949,32.31249847114086,3.1249999403953552,-0.005880460076832052,-0.00025059095134296515,0.07711509799024652,0.017478696543041763,0.017478696543041763
human_eval_AgentChatLogprobs_20260311_161129_929,HumanEval_29,2,1,99,-0.0008961319077994824,0.0,0.008843331603213026,-0.0884404778480529,0.0,0.0,0.999142232602135,1.0,0.9153575931682721,0.004186805625686488,-9.997007653708205e-11,0.41163220032839726,1.0,0.0,1.0008965335539646,-0.08871705887214876,-0.009857450985794306,-0.022174436718159968,-0.0884404778480529,0,0,0,0.0,0.0,0.0,0.41163220032839726,0.9153575931682721,-0.0884404778480529,3.1249999403953552,15.55078008895191,0.020581610265622264,0.41163220032839726,0.008048450736233923,0.9153575931682721,1.0,0.9957678796584137,1.0044318154675949,32.24999961555004,3.1249999403953552,-0.005880460085155345,-0.000249826374736403,0.07711509799024652,0.017478696543041763,0.017478696543041763
human_eval_AgentChatLogprobs_20260311_161129_929,HumanEval_3,0,1,238,-0.06149647801213019,0.0,0.27927790766189137,-2.200967073440552,-0.036108790710568384,-8.702659579284953e-05,0.9634827648382284,1.0,0.11069605536733047,0.06154011603319931,-9.710589233993742e-11,1.4929786102160951,0.9243697478991597,0.037815126050420166,1.063426751146086,-14.636161766886985,-0.620521508967099,-1.150570739399303,-2.200823664665222,12,2,0,0.05042016806722689,0.008403361344537815,0.0,0.0011410167320396055,0.9999005794546895,-9.94254878605716e-05,9.999999756641046,25.955295746819797,0.08402886728217074,0.4381233858129794,0.017817301486048393,0.11069605536733047,1.0,0.8975612549513805,1.2641313436061008,9.479166428300157,1.6666640788316727,-0.005202831409342088,-0.0003048320481788803,9.933217331926632e-05,2.4298421170671808e-05,2.4298421170671808e-05
human_eval_AgentChatLogprobs_20260311_161129_929,HumanEval_3,1,1,286,-0.05006807301133437,0.0,0.20146630052303385,-1.839672565460205,-0.0575358141213655,-0.0005084858130429999,0.9650114271999245,1.0,0.15886943693235508,0.07022634244350491,-6.475936320755576e-11,1.5296291565099025,0.916083916083916,0.024475524475524476,1.0513426620010993,-14.31946888124163,-0.4929497832698481,-0.7930270241839545,-1.6844767928123474,21,1,1,0.07342657342657342,0.0034965034965034965,0.0034965034965034965,0.001453776684348555,0.9998695850436828,-0.000130423461087,9.583332291687839,25.737839257357876,0.13762548611659933,0.9615167418409042,0.05454199511909715,0.15886943693235508,1.0,0.9184398197099448,1.1487401754397046,9.624999433016507,0.8333320617675781,0.008210152343389373,0.00036529182843682127,0.0001303367432871107,2.4297656480958154e-05,2.4297656480958154e-05
human_eval_AgentChatLogprobs_20260311_161129_929,HumanEval_3,2,1,287,-0.07272460576922062,0.0,0.3122830598303298,-2.578890085220337,-0.05319665074348446,-0.0001069960635504,0.9578567312701014,1.0,0.07585815340050496,0.06816192615662532,-8.064937729921613e-11,1.2138068439816019,0.9094076655052264,0.03484320557491289,1.0754343277199878,-20.871961855766315,-0.7254834606179169,-1.2396750684295381,-2.3897851705551147,18,2,0,0.0627177700348432,0.006968641114982578,0.0,0.001453776684348555,0.9998695850436828,-0.000130423461087,9.583332291687839,25.737839257357876,0.13067818144832405,0.9616333585558379,0.053817876001312284,0.5810148620166805,1.0,0.9554841570105292,1.0534310933893574,11.916666812448238,0.833335816860199,0.0065408708875002945,0.00018176431078515074,0.0001303367432871107,2.4297656480958154e-05,2.4297656480958154e-05
human_eval_AgentChatLogprobs_20260311_161129_929,HumanEval_30,0,1,224,-0.05835042075366076,0.0,0.26224096169692585,-2.2066540718078613,-0.05858390480279915,-0.0001090824789571,0.9639332967286577,1.0,0.11006831375581357,0.0681835630325087,-9.983970657290476e-11,1.2567132707317765,0.9107142857142857,0.026785714285714284,1.0600864069090454,-13.07049424882001,-0.5745112709701061,-0.9905110028657046,-2.0565474033355713,12,3,0,0.05357142857142857,0.013392857142857142,0.0,0.1912987385992573,0.9597383154224312,-0.0410946197807788,3.333331983536482,21.633676164795595,0.11832060581584054,1.0899483250051043,0.062408107448678994,0.11006831375581357,1.0,0.9069845631888998,1.2109234356197012,13.45833282734784,0.0,-0.013914489535809298,3.863687726929786e-05,0.0354492408874182,0.03423774449345156,0.03423774449345156
human_eval_AgentChatLogprobs_20260311_161129_929,HumanEval_30,1,1,226,-0.05749556367084933,0.0,0.25481463125594916,-2.2066540718078613,-0.0789059847593307,-6.675943586742505e-05,0.964045694672356,1.0,0.11006831375581357,0.06956434813004081,-9.963818596707856e-11,1.0899483250051043,0.915929203539823,0.02654867256637168,1.059180571770663,-12.993997389611948,-0.5683767538179051,-0.9880184802142057,-2.0235231518745422,12,2,0,0.05309734513274336,0.008849557522123894,0.0,0.09456920039468113,0.9828655125941537,-0.0172829814255237,4.166664104908705,22.465704466957696,0.11348412890561173,1.0899483250051043,0.06214663200952214,0.11006831375581357,1.0,0.908140923047486,1.2094825899660462,13.499999433416452,0.0,-0.012532638990029633,0.00017330198007399782,0.0160274399327197,0.015238242051412906,0.015238242051412906
human_eval_AgentChatLogprobs_20260311_161129_929,HumanEval_30,2,1,224,-0.062176883430426856,0.0,0.2490444907916075,-2.06259560585022,-0.07633968964219087,-7.781700878695034e-05,0.9597968365969117,1.0,0.12712357859321746,0.07412400864270231,-9.963570674979344e-11,1.2276671000763897,0.9196428571428571,0.026785714285714284,1.0641505586828883,-13.927621888415615,-0.613535669378259,-1.0047412595965646,-1.7999265193939211,18,4,0,0.08035714285714286,0.017857142857142856,0.0,0.08020091896574534,0.9867786170817096,-0.0133095635101199,4.5833357917144895,22.03514997556897,0.14247855172848553,1.053310452452339,0.07270253440476394,0.3143722242841338,1.0,0.9318503877956564,1.1027080859567486,12.697916046948672,0.4166640639305115,-0.008118426845425556,-3.177184003409809e-05,0.012684489760794093,0.01008561270607487,0.01008561270607487
human_eval_AgentChatLogprobs_20260311_161129_929,HumanEval_31,0,1,406,-0.0662780787303916,0.0,0.2724922707317277,-2.969364643096924,-0.08884906396269796,-0.000203466574021125,0.95799987898166,1.0,0.051335916601501524,0.07984905284992909,-8.482679167091433e-11,1.3502401701723081,0.9039408866995073,0.034482758620689655,1.0685238096009024,-26.90889996453899,-0.6398480236530304,-1.0703312829136848,-2.1306663751602173,28,5,0,0.06896551724137931,0.012315270935960592,0.0,0.3285286325297071,0.9144734734829939,-0.089406818151474,2.499999910593033,14.983072356757287,0.09241727886962696,0.6133349859662541,0.029019198724988253,0.15886943693235508,1.0,0.9336369118388514,1.1269125309962709,13.375000359513066,0.8333357572555542,0.005191819207787903,0.00041803949971437,0.06537501740647693,0.009346598079731722,0.009346598079731722
human_eval_AgentChatLogprobs_20260311_161129_929,HumanEval_31,1,1,324,-0.056240093757510476,0.0,0.2539358004881344,-2.084224939346313,-0.050985339656472076,-1.4007101754032192e-06,0.9652728547890267,1.0,0.12440350307006649,0.06460319916181581,-9.902254662467844e-11,1.388845961423183,0.9290123456790124,0.027777777777777776,1.0578516368234894,-18.221790377433393,-0.5606192278210074,-0.9907858241349459,-1.9585070610046384,19,5,0,0.05864197530864197,0.015432098765432098,0.0,0.23564316926784262,0.9439564933555207,-0.0576752014458179,2.91666404530406,15.692706422695334,0.06299005910682418,0.43778869689352995,0.013953059802851355,0.8411316295647373,1.0,0.9827123940251644,1.018432413544831,13.61458319028388,1.6666718870401382,-0.0024287738246805777,0.000404577543941976,0.04610598804297175,0.0041929971723468065,0.0041929971723468065
human_eval_AgentChatLogprobs_20260311_161129_929,HumanEval_31,2,1,327,-0.04283964962935918,0.0,0.22436196598182628,-3.0601089000701904,-0.05845140591263766,-3.0994465305411723e-06,0.9721637573660211,1.0,0.04688258942470374,0.06094377575761983,-9.89282252857724e-11,1.219765245057572,0.9235474006116208,0.01529051987767584,1.0437705124425216,-14.008565428800452,-0.4219162941444665,-0.7313614655286074,-1.9549618164698284,17,2,0,0.05198776758409786,0.0061162079510703364,0.0,0.23564316926784262,0.9439564933555207,-0.0576752014458179,2.91666404530406,15.692706422695334,0.06299005910682418,0.43778869689352995,0.013953059802851355,0.8411316295647373,1.0,0.9827123940251644,1.018432413544831,13.61458319028388,1.6666718870401382,-0.0024287738246805777,0.0003144327805163923,0.04610598804297175,0.0041929971723468065,0.0041929971723468065
human_eval_AgentChatLogprobs_20260311_161129_929,HumanEval_32,0,0,645,-0.07992588984006846,0.0,0.2935553928224561,-2.2989635467529297,-0.11735129952430721,-0.0005732033168897,0.9502771765127122,1.0,0.10036281119633339,0.09197931666959469,1.2099359654815545e-10,1.5357428426245043,0.896124031007752,0.04806201550387597,1.0832067880719252,-51.55219894684416,-0.765556653495878,-1.2530781887471676,-1.9631429115931194,55,12,2,0.08527131782945736,0.018604651162790697,0.0031007751937984496,0.011152519774582668,0.998704791106155,-0.0012960484018549,7.083335871458985,23.958762191007903,0.051551251953516196,0.34827979852869706,0.008186093648780146,0.8892543301478363,1.0,0.9873370318814544,1.0132057319943837,13.739583416565527,2.083332099020481,0.004738908093206921,-0.0001092090427396826,0.0012894587596811314,0.0008378831386757609,0.0008378831386757609
human_eval_AgentChatLogprobs_20260311_161129_929,HumanEval_32,1,0,547,-0.07406184023907536,0.0,0.33521674152921915,-2.969444990158081,-0.0788897275924682,-0.00013292754374555,0.9583427402016415,1.0,0.0513317920771697,0.07560546808175199,-8.183381484836937e-11,1.4764064774854893,0.9049360146252285,0.03290676416819013,1.0768733975455227,-40.51182661077422,-0.7281060828654854,-1.2432793897611123,-2.7061903953552244,39,7,0,0.0712979890310786,0.012797074954296161,0.0,0.011152519774582668,0.998704791106155,-0.0012960484018549,7.083335871458985,23.958762191007903,0.059322290638692335,0.34827622662805646,0.010490519387307776,0.8892545686644663,1.0,0.9846787185171448,1.0160475912839577,13.718750008089549,2.0833321288228035,0.00516692660805728,7.895172497766914e-05,0.0012894587596811314,0.0008378831386757609,0.0008378831386757609
human_eval_AgentChatLogprobs_20260311_161129_929,HumanEval_32,2,0,614,-0.07581110176110761,0.0,0.3207771738294448,-2.98974347114563,-0.06625133678317065,-6.971006405365188e-05,0.9560719064301566,1.0,0.05030033855689929,0.07544320720772217,-7.300766655067696e-11,1.3239293082338042,0.9104234527687296,0.04071661237785016,1.0787587792760478,-46.548016481320076,-0.74544700161844,-1.2813670575618743,-2.493875563144684,44,12,0,0.07166123778501629,0.019543973941368076,0.0,0.011178855252429244,0.998702645330116,-0.0012981969630345,7.083335630246438,23.550779461753148,0.053454058473606604,0.3482455483847807,0.008491221030998392,0.889257251980963,1.0,0.9867255210472811,1.0138437939730496,13.71874924153288,2.083332046866417,0.003908572354049188,8.36162171090333e-05,0.001291506955244983,0.0008378815405420259,0.0008378815405420259
human_eval_AgentChatLogprobs_20260311_161129_929,HumanEval_33,0,1,354,-0.0596438611731399,0.0,0.3021307221857565,-3.215602159500122,-0.0527004636824131,-8.583106136939023e-06,0.966148887554788,1.0,0.040131161186503506,0.05930403517188834,-9.900242465146775e-11,1.3432270303066645,0.9124293785310734,0.025423728813559324,1.0614584526543094,-21.113926855291524,-0.592707156922136,-1.0767457783222198,-2.671495040257772,16,4,0,0.04519774011299435,0.011299435028248588,0.0,0.02430054901338763,0.9965956806334214,-0.0034101272467523,5.83333608857356,29.289926139050344,0.1646366016719937,1.0837228219553787,0.0871529500952,0.5648183890952981,1.0,0.9367279033070893,1.0802004815193702,10.458333084363085,0.4166640639305115,-0.007165941112116207,-8.038601335946365e-05,0.0033497359790187232,0.000447539294207078,0.000447539294207078
human_eval_AgentChatLogprobs_20260311_161129_929,HumanEval_33,1,1,377,-0.05458671572628948,0.0,0.24543458936960574,-3.036844491958618,-0.07971317619085304,-3.707477662828751e-05,0.9641930808522904,1.0,0.04798607127487226,0.07844474696805703,-9.34953411219675e-11,1.4271031127945557,0.9071618037135278,0.01856763925729443,1.0561040532731074,-20.579191828811133,-0.5283384995686041,-0.8897150059541067,-2.32790199915568,23,5,0,0.0610079575596817,0.013262599469496022,0.0,0.02430054901338763,0.9965956806334214,-0.0034101272467523,5.83333608857356,29.289926139050344,0.1646366016719937,1.0837228219553787,0.0871529500952,0.5648183890952981,1.0,0.9367279033070893,1.0802004815193702,10.458333084363085,0.4166640639305115,-0.007165941112116207,0.00025736933787541034,0.0033497359790187232,0.000447539294207078,0.000447539294207078
human_eval_AgentChatLogprobs_20260311_161129_929,HumanEval_33,2,1,382,-0.05660468929838433,0.0,0.22600219686182796,-1.7725982666015625,-0.03898862674832342,-0.00010058792031486264,0.9624062984374736,1.0,0.16989099276985384,0.06948382353930456,-9.629703757985028e-11,1.293272203285811,0.9214659685863874,0.03926701570680628,1.0582373951317876,-21.622991311982815,-0.5555733197221631,-0.9551222669450861,-1.6097240050633748,25,7,0,0.06544502617801047,0.01832460732984293,0.0,0.02430054901338763,0.9965956806334214,-0.0034101272467523,5.83333608857356,29.289926139050344,0.1836872478037502,1.0562745245729375,0.08328293713288225,0.3973152666774582,1.0,0.9214880707024486,1.108466436600777,10.750000209757241,0.4166640639305115,0.0012746436013901586,-0.0002873272093271002,0.0033497359790187232,0.000447539294207078,0.000447539294207078
human_eval_AgentChatLogprobs_20260311_161129_929,HumanEval_34,0,1,206,-0.11978039521480051,0.0,0.41814482899615524,-2.971085548400879,-0.2549298107624054,-0.009514115750789575,0.9334397454947606,1.0,0.05124764832279709,0.11029136394806575,1.4223918677544177e-07,1.1590992026577005,0.8689320388349514,0.05339805825242718,1.1272492750609606,-24.674761414248906,-1.1072285264730453,-1.7953240990638732,-2.8961894512176514,21,2,0,0.10194174757281553,0.009708737864077669,0.0,0.6732521573365309,0.21560842006516254,-1.534291386604309,1.25,20.972651711107687,0.21385509043133416,0.8933377749045773,0.08865773627267738,0.1557670965385977,1.0,0.8370051685251265,1.3203929769052025,12.541666984632682,0.0,-0.025774220438659186,-5.8055854837047976e-05,0.10548206693598194,0.02684640580060142,0.02684640580060142
human_eval_AgentChatLogprobs_20260311_161129_929,HumanEval_34,1,1,92,-0.025845521391966,0.0,0.10185141056515357,-0.6982042193412781,-5.2094604143349e-06,0.0,0.9788630007400075,1.0,0.4974778632560128,0.0464482883399834,-9.999998599744075e-11,0.8417370995259615,0.9347826086956522,0.010869565217391304,1.0261824129978387,-2.377787968060872,-0.2641976829506045,-0.4406260550022125,-0.6982042193412781,6,0,0,0.06521739130434782,0.0,0.0,0.6732521573365309,0.7525473305439144,-0.2842913866043091,1.25,20.972651711107687,0.033666375159690884,0.6732521573365309,0.02152999882509671,0.7525473305439144,1.0,0.9876270804248893,1.014316366910821,30.770832633971374,1.25,-0.009617846723414192,0.0014460519113808613,0.10548206693598194,0.02684640580060142,0.02684640580060142
human_eval_AgentChatLogprobs_20260311_161129_929,HumanEval_34,2,1,99,-0.0540174098739816,0.0,0.22514880922008362,-1.5022157430648804,-2.0647553174057932e-05,0.0,0.9649296185502484,1.0,0.2226363083698898,0.05328997086676359,-9.999978208207227e-11,1.077880661123833,0.9292929292929293,0.04040404040404041,1.0555029781689547,-5.347723577524178,-0.5941816007252783,-1.0586998164653778,-1.5022157430648804,6,1,0,0.06060606060606061,0.010101010101010102,0.0,0.8296619364190445,0.580018650617279,-0.5446950197219849,0.4166640639305115,20.553816994860192,0.04148860909241173,0.8296619364190445,0.03269564234268145,0.580018650617279,1.0,0.9790004974169341,1.027609453807579,30.708331862090155,0.4166640639305115,-0.011852249060877874,0.0012890836307031606,0.049644629809920675,0.03138707722736493,0.03138707722736493
human_eval_AgentChatLogprobs_20260311_161129_929,HumanEval_35,0,1,174,-0.06475601537058158,0.0,0.30593356717075654,-2.6347098350524902,-0.07113674879074089,-0.00015853112199685002,0.9622023564946875,1.0,0.07173978275909103,0.07012867684903008,-4.545689436487153e-12,1.0756745913271417,0.9195402298850575,0.028735632183908046,1.0668986857457023,-11.267546674481196,-0.6321854034767431,-1.1365065090358257,-2.6347098350524902,11,1,0,0.06321839080459771,0.005747126436781609,0.0,0.3184051676992866,0.07531925126281425,-2.586019515991211,2.499999925494194,20.444435151875567,0.1515865688329617,0.8427874405396811,0.052425521856517665,0.07173978275909103,1.0,0.868527022251244,1.35778923849169,13.60416694797459,0.8333281874656677,-0.004322238895824219,0.0004284746808880596,0.06245188283249289,0.002181620228345508,0.002181620228345508
human_eval_AgentChatLogprobs_20260311_161129_929,HumanEval_35,1,1,133,-0.022904804052738068,0.0,0.14775626693446117,-1.5019524097442627,-7.46253272154717e-06,0.0,0.9847948645046811,1.0,0.22269494364823533,0.024441745143321057,-9.99999103537681e-11,0.7473576601127678,0.9699248120300752,0.015037593984962405,1.0231691333560946,-3.046338939014163,-0.2343326733127749,-0.5016991024216017,-1.5019524097442627,4,0,0,0.03007518796992481,0.0,0.0,0.3184051676992866,0.917576255269181,-0.0860195904970169,2.499999925494194,20.444435151875567,0.015930814466463467,0.3184051676992866,0.004815303031747221,0.917576255269181,1.0,0.9958779782984216,1.0043110800783415,28.37500040158188,2.499999925494194,-0.004548570280033522,0.0004448050091783816,0.06245188283249289,0.002181620228345508,0.002181620228345508
human_eval_AgentChatLogprobs_20260311_161129_929,HumanEval_35,2,1,133,-0.02710446135159977,0.0,0.22948350302862558,-2.600402355194092,-4.792226650351944e-06,0.0,0.9865991098945408,1.0,0.07424369986561304,0.01838837086936425,-9.999995329647935e-11,0.6741280829619849,0.9774436090225563,0.007518796992481203,1.0274751285983594,-3.6048933597627695,-0.27729878312535355,-0.6002355925738811,-2.600402355194092,2,0,0,0.015037593984962405,0.0,0.0,0.31020791325237274,0.9188129929171533,-0.0846726670861244,2.500000022351742,20.90972501683265,0.015523756497756527,0.31020791325237274,0.004570463207012728,0.9188129929171533,1.0,0.9959395469598971,1.0042437152151455,28.437499422942654,2.500000022351742,-0.004431623961014433,0.0002478340043124961,0.06114359788254711,0.0017737258800615524,0.0017737258800615524
human_eval_AgentChatLogprobs_20260311_161129_929,HumanEval_36,0,1,257,-0.03382199087352204,0.0,0.14620491146954379,-1.2584246397018433,-0.023502585291862402,-8.583106136939023e-06,0.9748643816623259,1.0,0.2841012359570535,0.05075023305046502,-9.332006831443698e-11,1.0846159017831118,0.9455252918287937,0.019455252918287938,1.0344004576166042,-8.692251654495164,-0.33996336817741396,-0.6288230108718077,-1.0907458662986755,12,1,0,0.04669260700389105,0.0038910505836575876,0.0,0.004181929931607677,0.9995592236446484,-0.0004408735258039,8.333331785775954,25.88584085194559,0.10752522318427793,0.6719077067632098,0.03651920413495784,0.6026856205415966,1.0,0.957310437148999,1.0510246917598447,17.39583226607064,0.4166678190231323,-0.016225983106870377,-0.0004275495974293784,0.0004400403700611164,0.00019507924037031506,0.00019507924037031506
human_eval_AgentChatLogprobs_20260311_161129_929,HumanEval_36,1,1,271,-0.05772929562352578,0.0,0.2774978141263204,-2.969364643096924,-0.0668762922286987,-2.4855458832462318e-05,0.9654628893553666,1.0,0.051335916601501524,0.06640954760933326,-9.480830678129862e-11,1.629665311208421,0.922509225092251,0.025830258302583026,1.0594281650480428,-15.644639113975487,-0.5629153224053206,-1.022575855255127,-2.5240700244903564,15,2,1,0.055350553505535055,0.007380073800738007,0.0036900369003690036,0.004181929931607677,0.9995592236446484,-0.0004408735258039,8.333331785775954,25.88584085194559,0.10752522318427793,0.6719077067632098,0.03651920413495784,0.6026856205415966,1.0,0.957310437148999,1.0510246917598447,17.39583226607064,0.4166678190231323,-0.016225983106870377,-0.00038726395159257383,0.0004400403700611164,0.00019507924037031506,0.00019507924037031506
human_eval_AgentChatLogprobs_20260311_161129_929,HumanEval_36,2,1,297,-0.0692892542396764,0.0,0.324952949007447,-2.969364643096924,-0.05189335122704504,-6.890534132253379e-05,0.9618628642364137,1.0,0.051335916601501524,0.05715270989168637,-5.834984588951289e-11,1.0462875747064626,0.9225589225589226,0.037037037037037035,1.0717461714411778,-20.57890850918389,-0.6899839945394417,-1.2920422894614083,-2.585883378982544,14,1,0,0.04713804713804714,0.003367003367003367,0.0,0.005008774543118931,0.9994593262663475,-0.0005408199504017,8.124999913387,26.135409236886506,0.10756656541485347,0.6719077067632098,0.03651069172486221,0.6026856205415966,1.0,0.9573054422800839,1.0510299440809736,17.385415672451195,0.4166678190231323,-0.016237795172749113,-0.0002857558475114356,0.0005395355079351546,0.0002958846920747869,0.0002958846920747869
human_eval_AgentChatLogprobs_20260311_161129_929,HumanEval_37,0,1,316,-0.0822709239156075,0.0,0.3349160325754469,-2.57934308052063,-0.11735182255506516,-0.000239669192524125,0.952316769902274,1.0,0.07582379779557691,0.07690378410146692,1.0266969287822069e-10,0.9921039153702049,0.8955696202531646,0.04113924050632911,1.0857499256074672,-25.99761195733197,-0.8063522132654344,-1.358755604426066,-2.511775175730387,26,0,0,0.08227848101265822,0.0,0.0,0.0031466354776639987,0.9996811151606417,-0.0003189356939401,8.333335467992583,26.621526884110885,0.21582767957324295,0.9921039153702049,0.10847947224291395,0.10061552515967663,1.0,0.8579132507488516,1.2835749105517695,10.958334910579273,0.0,0.007333978932789268,-6.404174443845034e-05,0.0003184410189254321,0.0002402923132948828,0.0002402923132948828
human_eval_AgentChatLogprobs_20260311_161129_929,HumanEval_37,1,1,308,-0.038526825240341164,0.0,0.17141042807645884,-2.045674085617065,-0.03522664234042161,-1.9848544070555363e-05,0.9722299248774963,1.0,0.12929300604019453,0.059659395834592656,-9.213598005152786e-11,1.2550063101347555,0.922077922077922,0.022727272727272728,1.0392786068824693,-11.86626217402508,-0.3849203041444222,-0.6531236430009206,-1.287031054496765,16,3,0,0.05194805194805195,0.00974025974025974,0.0,0.0031466354776639987,0.9996811151606417,-0.0003189356939401,8.333335467992583,26.621526884110885,0.15824264450782372,1.0405013438677115,0.09146133412776508,0.4106606540541257,1.0,0.9184657804917356,1.116572619873919,13.166665504172624,0.0,0.006464137807692946,-0.00017843287355581258,0.0003184410189254321,0.0002402923132948828,0.0002402923132948828
human_eval_AgentChatLogprobs_20260311_161129_929,HumanEval_37,2,1,296,-0.06766987252450127,0.0,0.2917960668488296,-2.578889846801758,-0.0440046358853578,-0.000240414432482775,0.9598051709885415,1.0,0.07585817148650026,0.06767900343706164,-4.7174016229319425e-11,1.3501604766896536,0.9155405405405406,0.04054054054054054,1.0700120098016337,-20.030282267252375,-0.6737557491608734,-1.220388378415789,-2.424106240272522,17,2,0,0.057432432432432436,0.006756756756756757,0.0,0.0031466354776639987,0.9996811151606417,-0.0003189356939401,8.333335467992583,26.621526884110885,0.1983501932935751,0.9282111755512401,0.09451352419095574,0.45680558556029666,1.0,0.9067089731820163,1.128117675852418,12.656250773225569,0.0,0.001316830389950323,2.8459395414289588e-05,0.0003184410189254321,0.0002402923132948828,0.0002402923132948828
human_eval_AgentChatLogprobs_20260311_161129_929,HumanEval_38,0,0,312,-0.0719827738395494,0.0,0.2834893665407211,-3.1313068866729736,-0.17075454294681544,-0.006772676832042575,0.953090765499801,1.0,0.0436607003638577,0.09718393962145552,3.1364296973989743e-07,1.0510111508239517,0.8782051282051282,0.035256410256410256,1.0746368320378736,-22.458625437939414,-0.6463409013325169,-1.063287127017975,-2.4169928630193076,26,2,0,0.08333333333333333,0.00641025641025641,0.0,0.08873529287374389,0.9850986001990588,-0.0150135410949587,4.583332215435803,16.885415952684845,0.04885949155601892,0.5458791070283534,0.015359502111266318,0.7756940612687101,1.0,0.9846381928102339,1.0170470258461681,15.87499984795834,1.2499998807907104,0.0035449745710598017,0.0003320021868669347,0.014302263801074442,0.004375731238126988,0.004375731238126988
human_eval_AgentChatLogprobs_20260311_161129_929,HumanEval_38,1,0,332,-0.06988470067210849,0.0,0.28140079801805223,-2.9683315753936768,-0.12594927251338955,-0.001271937246201475,0.9550915882661782,1.0,0.051388977481981075,0.0944939745042917,4.214951492678603e-09,1.5040446466846502,0.8825301204819277,0.03313253012048193,1.0723845289104128,-23.20172062314002,-0.6476157867547238,-1.0612361449748278,-2.466269095738729,26,5,1,0.0783132530120482,0.015060240963855422,0.0030120481927710845,0.0739657325451523,0.9883062247851915,-0.0117626851424574,4.999999933876097,16.8077257627875,0.041823520188919744,0.4495295794737213,0.010577216427204734,0.8398914941675449,1.0,0.9883830071838912,1.0124543301452273,16.052083591782196,1.666667953133583,0.0026253117748629407,-0.0002930629239787416,0.011360538294379123,0.004389980221532068,0.004389980221532068
human_eval_AgentChatLogprobs_20260311_161129_929,HumanEval_38,2,0,433,-0.08173813275741604,0.0,0.35373086704640266,-3.336444854736328,-0.11534174978733051,-0.0001219585392391,0.9541880788933591,1.0,0.03556316546450234,0.0793560939162603,-5.833145127282453e-11,1.3371176697692482,0.8960739030023095,0.03464203233256351,1.085171601723703,-35.39261148396115,-0.7862567407793777,-1.3632627697218032,-2.880388379096985,28,4,0,0.06466512702078522,0.009237875288683603,0.0,0.0739657325451523,0.9883062247851915,-0.0117626851424574,4.999999933876097,16.8077257627875,0.041823520188919744,0.4495295794737213,0.010577216427204734,0.8398914941675449,1.0,0.9883830071838912,1.0124543301452273,16.052083591782196,1.666667953133583,0.0026253117748629407,0.00015170793917139346,0.011360538294379123,0.004389980221532068,0.004389980221532068
human_eval_AgentChatLogprobs_20260311_161129_929,HumanEval_39,0,1,415,-0.03216349619880216,0.0,0.16351293592829416,-1.5022356510162354,-0.014250760525464944,-2.2649791162621113e-06,0.9776916196468209,1.0,0.22263187618121097,0.04677027121706411,-9.20184760437788e-11,1.3652392296395923,0.9518072289156626,0.016867469879518072,1.032686331793301,-13.347850922502898,-0.32152207888571954,-0.6100939311087131,-1.366773098707199,19,3,0,0.04578313253012048,0.007228915662650603,0.0,0.0005400512951076759,0.999951839446263,-4.816171349375509e-05,9.999999522002327,39.30771648864591,0.11458184036323038,1.3652392296395923,0.09031023246103467,0.3013371698602477,1.0,0.9532760464200649,1.0748224239267257,15.822915634338358,0.0,-0.013263352540408476,-1.3161125531519407e-05,4.8112920253038455e-05,4.539776497674872e-05,4.539776497674872e-05
human_eval_AgentChatLogprobs_20260311_161129_929,HumanEval_39,1,1,400,-0.04753076611987229,0.0,0.2272062270816191,-2.4433412551879883,-0.05668063051998605,-5.96048255374626e-06,0.9692563742198527,1.0,0.08687011080469458,0.06370633235528007,-9.117393246807628e-11,1.3652392296395923,0.9275,0.0225,1.0486784643923177,-19.012306447948916,-0.46358670722693207,-0.8132508754730224,-1.9893451631069183,23,4,0,0.0575,0.01,0.0,0.0005400512951076759,0.999951839446263,-4.816171349375509e-05,9.999999522002327,39.30771648864591,0.14383144851066604,1.3652392296395923,0.10152045041176676,0.1986542346460578,1.0,0.933215850218893,1.117184201556471,15.187499581218947,0.0,-0.014397286475521517,8.348135977806373e-05,4.8112920253038455e-05,4.539776497674872e-05,4.539776497674872e-05
human_eval_AgentChatLogprobs_20260311_161129_929,HumanEval_39,2,1,422,-0.0375784065527301,0.0,0.1776243522425197,-1.839851140975952,-0.05152466483414171,-4.378057565190829e-05,0.9738568397974949,1.0,0.1588410692736785,0.05610357250526569,-7.402908238838071e-11,1.3680656117360226,0.9407582938388626,0.018957345971563982,1.0382934028968522,-15.858087565252102,-0.36499963390330475,-0.6482456141994113,-1.4605900645256042,16,3,0,0.037914691943127965,0.0071090047393364926,0.0,0.0005363552723288147,0.999952197075161,-4.780406743520871e-05,9.999999879648385,38.177080111256515,0.11820775122605594,1.3680656117360226,0.0915985990181547,0.3358214044859215,1.0,0.9535969652967783,1.0706744065320415,15.739582807955856,0.41666412353515625,-0.01364061494668171,5.5934202173773786e-05,4.783825553132874e-05,4.539776497674872e-05,4.539776497674872e-05
human_eval_AgentChatLogprobs_20260311_161129_929,HumanEval_4,0,1,296,-0.04673870156867403,0.0,0.2122693409387953,-2.388012170791626,-0.03789572231471535,-1.299389714404242e-05,0.9685989558935901,1.0,0.09181200919522896,0.06482203222048626,-4.7437676334576524e-11,1.5355645232974409,0.9290540540540541,0.02364864864864865,1.0478481722209738,-13.834655664327514,-0.4609843090433499,-0.8210153962884631,-1.9758964776992798,16,2,1,0.05405405405405406,0.006756756756756757,0.0033783783783783786,0.01614692327793639,0.9978746176901128,-0.0021276441402733,6.250000003259629,25.800343300731424,0.09176705854644425,0.7864630178018367,0.044484455806114785,0.3884850881506791,1.0,0.9563817059260696,1.0631841329284692,18.135417540236446,0.4166679382324219,-0.0017401140941072325,0.0003837815906342178,0.0021005520072188647,0.001926351176877332,0.001926351176877332
human_eval_AgentChatLogprobs_20260311_161129_929,HumanEval_4,1,1,272,-0.020014901541901796,0.0,0.12102374181335059,-1.5019643306732178,-0.00671759238466611,-2.6822093701639465e-07,0.9853644156251474,1.0,0.22269228893345683,0.03512313357723257,-9.285800019271743e-11,1.222356379690059,0.9632352941176471,0.011029411764705883,1.0202165427130439,-5.444053219397288,-0.19973498032669776,-0.38605600280257374,-1.2237324118614197,8,1,0,0.029411764705882353,0.003676470588235294,0.0,0.01614692327793639,0.9978746176901128,-0.0021276441402733,6.250000003259629,25.800343300731424,0.09176705854644425,0.7864630178018367,0.044484455806114785,0.3884850881506791,1.0,0.9563817059260696,1.0631841329284692,18.135417540236446,0.4166679382324219,-0.0017401140941072325,-2.0223891164323728e-05,0.0021005520072188647,0.001926351176877332,0.001926351176877332
human_eval_AgentChatLogprobs_20260311_161129_929,HumanEval_4,2,1,359,-0.06382701742438748,0.0,0.2571055764744146,-2.200744867324829,-0.08101076930761332,-1.3649557331518736e-05,0.95895065331189,1.0,0.1107206554408617,0.07357391386939591,1.1919032033808483e-10,1.286993514201048,0.9080779944289693,0.027855153203342618,1.0659079993019331,-22.913899255355105,-0.6262278186423438,-1.0308516358627993,-1.9736220439275105,28,1,0,0.07799442896935933,0.002785515320334262,0.0,0.016507571094699674,0.9978385568068078,-0.0021637824829667,6.250000104540959,25.24479240005711,0.08363035005552838,0.7108940157709539,0.040773420983948275,0.6845892055469573,1.0,0.9719837305801619,1.032690831509373,17.864583782785225,0.8333357274532318,-0.004073554691957166,0.000249860938826644,0.002136660575399777,0.001926281367899878,0.001926281367899878
human_eval_AgentChatLogprobs_20260311_161129_929,HumanEval_40,0,1,369,-0.04669622835892971,0.0,0.20054856528027287,-1.989777684211731,-0.05270021334290502,-6.890534132253379e-05,0.9679103783522424,1.0,0.13672581837507342,0.06799488695301537,-6.996424891370401e-11,1.4531377670986665,0.9214092140921409,0.018970189701897018,1.0478036676909066,-17.230908264445063,-0.46411619231932694,-0.7926500456200706,-1.5911273956298828,23,4,0,0.06233062330623306,0.01084010840108401,0.0,0.0020845247934928954,0.9997933507038119,-0.0002066706510959,8.750000276675564,32.31075440638384,0.05975464219276165,0.5304255377967355,0.0167928753591507,0.7772920134645169,1.0,0.9807500363312329,1.0211641074784257,12.791666479740751,1.25,-0.007443875933793211,0.00012866412362509485,0.0002063972979809919,4.5390535340498735e-05,4.5390535340498735e-05
human_eval_AgentChatLogprobs_20260311_161129_929,HumanEval_40,1,1,389,-0.06962075938464664,0.0,0.2858179968257032,-2.579485416412353,-0.06779650300741184,-6.890534132253379e-05,0.9573070798872477,1.0,0.07581300611574374,0.07862050462202483,-4.6721270366995944e-11,1.363198743492979,0.9048843187660668,0.038560411311053984,1.0721015197077477,-27.082475400627544,-0.6957519440666625,-1.1537439948634098,-2.3047069708506265,29,6,0,0.07455012853470437,0.015424164524421594,0.0,0.004045767443432564,0.9995617270448848,-0.0004383690247777,7.916664444695925,31.777768088132227,0.059193668850266654,0.5304255138266907,0.018989105776631505,0.22269789041869956,1.0,0.9521244245517314,1.0881867883776937,13.666666040511359,1.25,-0.008494377522023309,0.00019573253690764462,0.0004371055454735301,6.883689088874461e-05,6.883689088874461e-05
human_eval_AgentChatLogprobs_20260311_161129_929,HumanEval_40,2,1,472,-0.058543151823849546,0.0,0.2561507258197856,-2.412864446640014,-0.0519992239773273,-0.000178919362951925,0.9630666837739247,1.0,0.08955839157161534,0.07242123217641748,6.267651798483388e-10,1.5379648966734638,0.913135593220339,0.025423728813559324,1.060290738186602,-27.632367660856985,-0.5699883853184416,-0.994965047939964,-2.147822082042694,30,4,1,0.0635593220338983,0.00847457627118644,0.00211864406779661,0.004045767443432564,0.9995617270448848,-0.0004383690247777,7.916664444695925,31.777768088132227,0.060103646759868436,0.5304255138266907,0.01676166051830096,0.7772920134645169,1.0,0.9806942165782845,1.0212212363400863,12.833333501707012,1.25,-0.007479812290293958,0.0001698507471207294,0.0004371055454735301,6.883689088874461e-05,6.883689088874461e-05
human_eval_AgentChatLogprobs_20260311_161129_929,HumanEval_41,0,1,267,-0.19312111175748692,-8.595359395258129e-05,0.49046418620947607,-3.7696280479431152,-0.7114236950874329,-0.0788909569382667,0.8887722299424365,0.9999140500999517,0.023060639144385674,0.1922584853565835,0.0009486342756734406,1.7726627885776807,0.7752808988764045,0.10861423220973783,1.2130296967815448,-51.563336839249004,-1.5117585361003876,-1.968706149321336,-3.024120807647705,53,10,2,0.19850187265917604,0.03745318352059925,0.00749063670411985,0.002812626563150671,0.9997091889440103,-0.0002908533497247,8.333335893781623,34.64452474060824,0.04546685053340719,0.5464907960274246,0.016657769880971833,0.7754310982304659,1.0,0.9842241018353123,1.0175712741705645,13.239583693303848,1.2499999701976776,-0.003676886755741504,-0.00030431684286383033,0.00029033360148486684,4.5884934650098075e-06,4.5884934650098075e-06
human_eval_AgentChatLogprobs_20260311_161129_929,HumanEval_41,1,1,283,-0.1031340530462063,-1.299389714404242e-05,0.325018480569034,-2.578890800476074,-0.26104364991188045,-0.0096048139967024,0.9345111303979462,0.9999870061872763,0.07585809914254492,0.12807701186576612,0.00015933796147464538,1.7360350702043037,0.8480565371024735,0.053003533568904596,1.1086400156864493,-29.186937012076385,-0.9046900996140071,-1.3898071220942907,-2.2686771154403687,36,8,1,0.127208480565371,0.028268551236749116,0.0035335689045936395,0.002812626563150671,0.9997091889440103,-0.0002908533497247,8.333335893781623,34.64452474060824,0.04546685053340719,0.5464907960274246,0.016657769880971833,0.7754310982304659,1.0,0.9842241018353123,1.0175712741705645,13.239583693303848,1.2499999701976776,-0.003676886755741504,-0.00029977537634495304,0.00029033360148486684,4.5884934650098075e-06,4.5884934650098075e-06
human_eval_AgentChatLogprobs_20260311_161129_929,HumanEval_41,2,1,246,-0.06005871742114387,0.0,0.23900617649038644,-2.581592321395874,-0.1173516884446144,-0.004536681575700625,0.9588761905167968,1.0,0.07565344346603922,0.09560361040169056,1.0385973359506938e-06,1.3391077738020543,0.8861788617886179,0.02032520325203252,1.0618988966795506,-14.774444485601391,-0.5488244270284971,-0.8679061556855837,-2.1524203419685364,19,5,0,0.07723577235772358,0.02032520325203252,0.0,0.003045391691972246,0.9996855259041045,-0.0003145235532429,8.333336065436015,33.23306978152154,0.045939488231862106,0.5467392132262621,0.016650147702204892,0.7754082662348002,1.0,0.9841438620486415,1.0176535566126148,13.125000089105502,1.2499999701976776,-0.0035495196793707178,-0.00017018958412097339,0.0003139915231879393,4.588384068104711e-06,4.588384068104711e-06
human_eval_AgentChatLogprobs_20260311_161129_929,HumanEval_42,0,1,124,-0.0017376034483245777,0.0,0.019195118711785402,-0.2146201431751251,0.0,0.0,0.9984355285143746,1.0,0.8068478686437103,0.005873341495253918,-1.0000000819435744e-10,0.7214555877640298,0.9919354838709677,0.0,1.0017391139559575,-0.21546282759224764,-0.017955235632687302,-0.03591045139715731,-0.2146201431751251,1,0,0,0.008064516129032258,0.0,0.0,0.7214555877640298,0.8068478686437103,-0.2146201431751251,2.0833320319652557,21.418833298278706,0.03607469300080742,0.7214555877640298,0.024723524823375455,0.8068478686437103,1.0,0.9903422623019671,1.0107889234688487,30.624998293816937,2.0833320319652557,-0.010306542615111373,-0.0002766979260731136,0.1473054626884934,0.03545042230529134,0.03545042230529134
human_eval_AgentChatLogprobs_20260311_161129_929,HumanEval_42,1,1,239,-0.05629581567356551,0.0,0.2594400507143412,-2.2641286849975586,-0.03575847297906868,-4.291543746148818e-06,0.9655282988583305,1.0,0.1039205426323993,0.057596767757519575,-9.956544754293967e-11,1.0833469955307082,0.9288702928870293,0.02510460251046025,1.0579105839859044,-13.454699945982156,-0.5764704213842101,-1.0470712374557147,-2.232407808303833,13,1,0,0.05439330543933055,0.0041841004184100415,0.0,0.6198518851455976,0.1039205426323993,-2.2641286849975586,2.0833320170640945,21.311193165742605,0.15027615115977946,0.7448558850952629,0.06174578486407282,0.1039205426323993,1.0,0.8691183779259477,1.3124746733829555,13.510416242812237,0.8333357572555542,-0.014410248032353535,-0.0004783650101767752,0.12411189626239488,0.02977373395649629,0.02977373395649629
human_eval_AgentChatLogprobs_20260311_161129_929,HumanEval_42,2,1,124,-0.001462545276931065,0.0,0.016170088910865778,-0.180796667933464,0.0,0.0,0.9986616633055052,1.0,0.8346050434122513,0.005037392613652931,-1.0000000819310076e-10,0.6198518851455976,0.9919354838709677,0.0,1.0014636153178722,-0.18135561433945208,-0.015112967861621007,-0.030225895986807427,-0.180796667933464,1,0,0,0.008064516129032258,0.0,0.0,0.6198518851455976,0.8346050434122513,-0.180796667933464,2.0833320170640945,21.311193165742605,0.030995591909925457,0.6198518851455976,0.01825009138750381,0.8346050434122513,1.0,0.9917300375938914,1.0090810326153739,30.552082655578506,2.0833320170640945,-0.008855072022359403,-0.00023816535766538974,0.12411189626239488,0.02977373395649629,0.02977373395649629
human_eval_AgentChatLogprobs_20260311_161129_929,HumanEval_43,0,1,309,-0.05758242208863388,0.0,0.26471675962988395,-2.579127073287964,-0.02220122367143623,-1.1920930376163597e-07,0.9647673548589993,1.0,0.07584017805337234,0.057924393871416194,-9.935555956029622e-11,1.162570457762655,0.9223300970873787,0.03559870550161812,1.0592725745148237,-17.79296842538787,-0.5874726669241984,-1.0098569651444753,-2.227862517038981,20,2,0,0.06472491909385113,0.006472491909385114,0.0,0.0004384490018851846,0.9999629259106327,-3.707477662828751e-05,10.416668056754133,35.6618811376632,0.12470644911420495,0.7126661060952779,0.054081756644979925,0.3029367768412039,1.0,0.9267075050288825,1.1103416668157549,10.479166946734912,0.8333321213722229,-0.005025052855043283,-0.00019423279691319935,3.704776151951685e-05,2.4566666885319257e-06,2.4566666885319257e-06
human_eval_AgentChatLogprobs_20260311_161129_929,HumanEval_43,1,1,317,-0.04552543708076392,0.0,0.20311427447738403,-2.600416660308838,-0.03507719039916986,-3.3736796467565e-05,0.9685430863463845,1.0,0.07424263780856373,0.057856682470606394,-8.809885262795063e-11,0.9724377667981836,0.917981072555205,0.028391167192429023,1.0465776261549624,-14.431563554602162,-0.456275945949939,-0.7796170651912689,-1.5067230463027954,19,0,0,0.05993690851735016,0.0,0.0,0.0005964493684802996,0.9999474287027952,-5.2572679123841226e-05,9.999999879408279,34.06944037503406,0.09121498438643069,0.6133363127209225,0.035431271886682256,0.6970582040533911,1.0,0.9633065344940601,1.0426774626719981,13.729165283730548,0.8333282172679901,-0.014909746297865347,-8.210106977464566e-05,5.252105131509206e-05,2.456638574373699e-06,2.456638574373699e-06
human_eval_AgentChatLogprobs_20260311_161129_929,HumanEval_43,2,1,322,-0.0654235674679706,0.0,0.31399996811618874,-2.691569566726685,-0.03594467118382445,-7.510215482398053e-06,0.9636546555256119,1.0,0.06777447927791364,0.05398335690904446,-9.166645940565476e-11,0.8587641302362768,0.9192546583850931,0.031055900621118012,1.0676111339727705,-21.066388724686533,-0.6486441669985652,-1.1629456002265215,-2.50119415918986,17,0,0,0.052795031055900624,0.0,0.0,0.0005964493684802996,0.9999474287027952,-5.2572679123841226e-05,9.999999879408279,34.06944037503406,0.09585226886434031,0.6133363127209225,0.03683737994897359,0.11072780949240112,1.0,0.9018200463335424,1.21115931979391,12.489582259197016,0.8333282172679901,0.0025435742390476942,-3.729438764169517e-05,5.252105131509206e-05,2.456638574373699e-06,2.456638574373699e-06
human_eval_AgentChatLogprobs_20260311_161129_929,HumanEval_44,0,0,352,-0.15066565473035357,-1.5497219578719523e-06,0.4201332095445375,-2.7947099208831787,-0.5108994662761688,-0.0153849367052316,0.9107873388708202,0.99999845027925,0.061132605052890907,0.13975003575451148,2.2085277808160024e-05,1.428940872463535,0.8153409090909091,0.08522727272727272,1.1626078806471458,-53.03431046508446,-1.2527163471494402,-1.7461250880185295,-2.59118382136027,49,7,0,0.13920454545454544,0.019886363636363636,0.0,0.006317394897644471,0.9993135929131489,-0.0006866427720524,7.708335879200604,27.37673161412507,0.10839423203514757,0.6719080813466155,0.04066287967605913,0.15886739156454927,1.0,0.920728396492937,1.1457807212692057,13.249999717137907,0.4166640639305115,-0.005506446531756309,-0.0001503477784313039,0.0006846152819914537,0.00012857186850794673,0.00012857186850794673
human_eval_AgentChatLogprobs_20260311_161129_929,HumanEval_44,1,0,353,-0.10164908761801074,-7.152560215217818e-07,0.33178882484133126,-2.7048895359039307,-0.2571322917938232,-0.0144196664914488,0.9352217904592646,0.9999992847442343,0.06687771102447283,0.1275266905602048,1.2658113915347114e-05,1.4906905285945227,0.830028328611898,0.0453257790368272,1.1069949453294428,-35.88212792915779,-0.8688139285360064,-1.3440628051757812,-2.543186902999878,41,9,0,0.11614730878186968,0.025495750708215296,0.0,0.005249588554860919,0.9994422793337808,-0.0005578762502409,7.916664146760013,28.12325735387447,0.11834649616752138,0.6719080813465715,0.04755234395131758,0.22269653649229293,1.0,0.9205942119842531,1.1312061068313621,13.281250622590955,0.4166640639305115,-0.006515653074982709,-0.00016825108073041382,0.0005564556839447392,8.477092839500728e-05,8.477092839500728e-05
human_eval_AgentChatLogprobs_20260311_161129_929,HumanEval_44,2,0,446,-0.105188743291633,0.0,0.3431984434818886,-2.6858341693878174,-0.25193722546100616,-0.00662328943144525,0.934644632905736,1.0,0.06816430969355658,0.12342864136247796,7.395767005706462e-07,1.467404962225419,0.852017937219731,0.06278026905829596,1.1109202693175944,-46.914179508068315,-0.9418916668404232,-1.3819573440335013,-2.4960936307907104,50,10,0,0.11210762331838565,0.02242152466367713,0.0,0.005249588554860919,0.9994422793337808,-0.0005578762502409,7.916664146760013,28.12325735387447,0.1494002655028427,0.6719080813465715,0.04747950655978813,0.6026846865478999,1.0,0.9416986911178272,1.069769439760677,10.166667180158948,0.4166640639305115,-0.005047496574938967,-0.00032022618450727974,0.0005564556839447392,8.477092839500728e-05,8.477092839500728e-05
human_eval_AgentChatLogprobs_20260311_161129_929,HumanEval_45,0,1,56,-0.007652618335801059,0.0,0.055852315115407974,-0.4218393564224243,-3.576279254957626e-07,0.0,0.9937346982763142,1.0,0.6558393873169751,0.019040218329421925,-9.998790618568693e-11,1.0197158690338741,0.9821428571428571,0.0,1.0076819744554453,-0.4285466268048593,-0.08570918230980167,-0.21313567552715537,-0.4218393564224243,1,1,0,0.017857142857142856,0.017857142857142856,0.0,1.0197158690338741,0.6558393873169751,-0.4218393564224243,1.25,17.8910609586384,0.05140209495608396,1.0197158690338741,0.04935126258319815,0.6558393873169751,1.0,0.9827421160395386,1.0213669113854011,30.4895828065004,1.25,-0.014532394603753239,-0.0018629126139728229,0.1735307523519955,0.10057623948721427,0.10057623948721427
human_eval_AgentChatLogprobs_20260311_161129_929,HumanEval_45,1,1,56,-0.007652618335801059,0.0,0.055852315115407974,-0.4218393564224243,-3.576279254957626e-07,0.0,0.9937346982763142,1.0,0.6558393873169751,0.019040218329421925,-9.998790618568693e-11,1.0197158690338741,0.9821428571428571,0.0,1.0076819744554453,-0.4285466268048593,-0.08570918230980167,-0.21313567552715537,-0.4218393564224243,1,1,0,0.017857142857142856,0.017857142857142856,0.0,1.0197158690338741,0.6558393873169751,-0.4218393564224243,1.25,17.8910609586384,0.05140209495608396,1.0197158690338741,0.04935126258319815,0.6558393873169751,1.0,0.9827421160395386,1.0213669113854011,30.4895828065004,1.25,-0.014532394603753239,-0.0018629126139728229,0.1735307523519955,0.10057623948721427,0.10057623948721427
human_eval_AgentChatLogprobs_20260311_161129_929,HumanEval_45,2,1,56,-0.0043288469925251115,0.0,0.03132746216666764,-0.2366174608469009,-2.9802326650951727e-07,0.0,0.9961340256347623,1.0,0.7892931658130873,0.0137526757095395,-9.998108858772684e-11,0.7301338576225219,0.9821428571428571,0.0,1.0043382299849615,-0.24241543158140624,-0.048482967106974646,-0.12052472773939366,-0.2366174608469009,1,0,0,0.017857142857142856,0.0,0.0,0.7301338576225219,0.7892931658130873,-0.2366174608469009,1.8749998658895493,17.168392461002224,0.0367465986863502,0.7301338576225219,0.025305107438917285,0.7892931658130873,1.0,0.9894384978111306,1.0119276107956776,30.71874941117785,1.8749998658895493,-0.01040344497961782,-0.001317980655236525,0.14492430255137478,0.06478913711851979,0.06478913711851979
human_eval_AgentChatLogprobs_20260311_161129_929,HumanEval_46,0,1,446,-0.05111130855832491,0.0,0.2587783289467289,-3.146883487701416,-0.03510285355150695,0.0,0.9688486007519013,1.0,0.04298588436762798,0.06307216912874795,-9.998893886277581e-11,1.4163271466234237,0.9260089686098655,0.020179372197309416,1.0524400323465168,-22.79564361701291,-0.5105354548008605,-0.9022966758771376,-2.2417693734169006,27,4,0,0.06053811659192825,0.008968609865470852,0.0,0.04226595646671452,0.993666946821873,-0.0063531920313835,5.416668124496937,38.470482087280836,0.025583483400830116,0.36233506836457374,0.0061469445955824025,0.8875409954760709,1.0,0.9932667821250261,1.0071031934544663,15.989583423475622,2.0833359137177467,-0.005117471062042176,2.3339872477618203e-05,0.006199597196756091,0.004413791022436567,0.004413791022436567
human_eval_AgentChatLogprobs_20260311_161129_929,HumanEval_46,1,1,505,-0.05698682465261036,0.0,0.26135551895529147,-2.58159613609314,-0.024662288650870248,-8.344653679159819e-07,0.9650432704347498,1.0,0.07565315487160572,0.060146988183903294,-9.999280537125731e-11,1.4960154306249778,0.9168316831683169,0.027722772277227723,1.0586418623293177,-28.778346449568232,-0.5703504483029246,-0.9972341239452363,-2.128308987617493,29,4,0,0.05742574257425743,0.007920792079207921,0.0,0.04226595646671452,0.993666946821873,-0.0063531920313835,5.416668124496937,38.470482087280836,0.025583483400830116,0.36233506836457374,0.0061469445955824025,0.8875409954760709,1.0,0.9932667821250261,1.0071031934544663,15.989583423475622,2.0833359137177467,-0.005117471062042176,-1.410845017998514e-05,0.006199597196756091,0.004413791022436567,0.004413791022436567
human_eval_AgentChatLogprobs_20260311_161129_929,HumanEval_46,2,1,445,-0.02810003541498129,0.0,0.18096943183355668,-2.553299903869629,-0.00084006299730384,0.0,0.9822109473318437,1.0,0.077824428672027,0.03187015105691572,-9.999980259023897e-11,1.1093657732473678,0.9595505617977528,0.015730337078651686,1.0284985655562737,-12.504515759666674,-0.2840936472057365,-0.5551498352803967,-1.6363876461982727,13,1,0,0.029213483146067417,0.0022471910112359553,0.0,0.038076335886017804,0.9943167567360892,-0.0056994543410837,5.416664303746074,37.810758060007146,0.025374002371795278,0.36233506836457374,0.0061407890360620125,0.8875409954760709,1.0,0.993299272620737,1.0070702749266922,15.989583232438079,2.0833359137177467,-0.005057619339460795,-0.00013379648354129952,0.0055604399571029224,0.0044166943024144135,0.0044166943024144135
human_eval_AgentChatLogprobs_20260311_161129_929,HumanEval_47,0,1,231,-0.026403858439893815,0.0,0.13384829174941493,-1.2138210535049438,-0.0114321215078234,-1.5497220147153712e-06,0.9805429547697772,1.0,0.2970600258073282,0.04325145340936228,-9.851712951833452e-11,1.1137280927445332,0.9653679653679653,0.012987012987012988,1.026755528637906,-6.099291299615471,-0.2619871636852622,-0.49199834127317776,-1.2040178179740906,8,1,0,0.03463203463203463,0.004329004329004329,0.0,0.04301617439542475,0.9936024546961348,-0.0064180972985923,5.416664254385978,24.55077556486873,0.08087073981045831,0.9509359567510907,0.04730010338060024,0.6105395548407975,1.0,0.9719980926873534,1.0340998001266457,18.614583260187327,0.8333359360694885,-0.007224982877768851,-4.366663210069506e-05,0.006264433844857893,0.0019181037174486946,0.0019181037174486946
human_eval_AgentChatLogprobs_20260311_161129_929,HumanEval_47,1,1,291,-0.03648433255424225,0.0,0.1492182284874151,-1.1942408084869385,-0.0535394735634326,-9.298368240706623e-06,0.9726456724816894,1.0,0.30293385171221276,0.05662145001374666,-8.709961775561419e-11,1.007372991530214,0.9381443298969072,0.024054982817869417,1.0371580542728964,-10.616940773284496,-0.3561823072618452,-0.6313881490911756,-1.0991618037223816,16,1,0,0.054982817869415807,0.003436426116838488,0.0,0.04301617439542475,0.9936024546961348,-0.0064180972985923,5.416664254385978,24.55077556486873,0.08087073981045831,0.9509359567510907,0.04730010338060024,0.6105395548407975,1.0,0.9719980926873534,1.0340998001266457,18.614583260187327,0.8333359360694885,-0.007224982877768851,6.033101626326593e-05,0.006264433844857893,0.0019181037174486946,0.0019181037174486946
human_eval_AgentChatLogprobs_20260311_161129_929,HumanEval_47,2,1,296,-0.06049915032000877,0.0,0.2795130503527147,-2.688372135162353,-0.04475490562617775,-4.541977250482887e-05,0.9637554037445065,1.0,0.06799153035527622,0.06584446521727381,2.1178409546524997e-10,1.142383232400757,0.918918918918919,0.02364864864864865,1.0623666948982176,-17.907748494722597,-0.6045101065317104,-1.0695313939026423,-2.4242242574691772,19,4,0,0.06418918918918919,0.013513513513513514,0.0,0.02856785720230281,0.9960969091384487,-0.0039107277989387,6.249999813735485,24.34200590958794,0.15100156179588126,0.9509359567510907,0.07383745512468819,0.11531631286753768,1.0,0.9001149471512532,1.2008313475463293,14.114583763682731,0.4166640639305115,-0.004673487819387731,0.00013093102644751994,0.0038567578813411404,0.001922919756501637,0.001922919756501637
human_eval_AgentChatLogprobs_20260311_161129_929,HumanEval_48,0,1,121,-0.018027679282946744,0.0,0.11228099438256248,-0.9882763624191284,-0.0001183818312711,0.0,0.9869597223673358,1.0,0.37221770685165323,0.028113072855887506,-9.425605848312297e-11,1.3376463169905095,0.9669421487603306,0.01652892561983471,1.0181911588009358,-2.181349193236556,-0.1817472095135599,-0.3611981561407447,-0.9882763624191284,4,1,0,0.03305785123966942,0.008264462809917356,0.0,0.08560870056681753,0.9862012264667664,-0.0138948615640401,4.583332234993577,20.154508991147242,0.004281174053408111,0.08560870056681753,0.00034811403386013725,0.9862012264667664,1.0,0.9993100136396226,1.0006950321849382,30.114583596307774,4.583332234993577,-0.0012229701277857484,0.0003302609436472782,0.013276761409065146,0.0015457792968278834,0.0015457792968278834
human_eval_AgentChatLogprobs_20260311_161129_929,HumanEval_48,1,1,124,-0.02053554618752635,0.0,0.11459446601889302,-0.9718577861785888,-0.00010866529337358257,0.0,0.9847788639116296,1.0,0.3783794366475685,0.033196217115882574,-9.563379249807536e-11,1.3177520468351636,0.9596774193548387,0.016129032258064516,1.020747851292867,-2.5464077272532673,-0.21217748656636104,-0.4230248074357708,-0.9718577861785888,5,1,0,0.04032258064516129,0.008064516129032258,0.0,0.034722464223384465,0.9951969979176335,-0.0048145735636353,5.625000051222742,21.40668082104075,0.001737229532133619,0.034722464223384465,5.72645208314556e-05,0.9951969979176335,1.0,0.9997597783703078,1.0002408291984752,30.08333208817055,5.625000051222742,-0.0004960184632876461,0.0004779346456933418,0.004724464023339846,0.0004469112623676527,0.0004469112623676527
human_eval_AgentChatLogprobs_20260311_161129_929,HumanEval_48,2,1,125,-0.015565255869025801,0.0,0.0965919971360774,-0.9718577861785888,-0.00019200674432791996,0.0,0.9881514138030512,1.0,0.3783794366475685,0.029742267511032382,-9.337795274915875e-11,1.3177520468351636,0.968,0.008,1.0156870254352963,-1.9456569836282251,-0.1620975724023689,-0.3199951108545065,-0.9718577861785888,4,1,0,0.032,0.008,0.0,0.034722464223384465,0.9951969979176335,-0.0048145735636353,5.625000051222742,21.40668082104075,0.001737229532133619,0.034722464223384465,5.72645208314556e-05,0.9951969979176335,1.0,0.9997597783703078,1.0002408291984752,30.08333208817055,5.625000051222742,-0.0004960184632876461,0.00035831135698983065,0.004724464023339846,0.0004469112623676527,0.0004469112623676527
human_eval_AgentChatLogprobs_20260311_161129_929,HumanEval_49,0,1,423,-0.11084546542739984,0.0,0.37461333483518433,-3.0149688720703125,-0.25193529129028314,-0.007703964365646201,0.9341240299226335,1.0,0.04904736220609692,0.11874299749316063,2.8904464742004883e-08,1.9013909175602566,0.8605200945626478,0.05673758865248227,1.1172222440516317,-46.887631875790134,-0.9929431329170862,-1.5322629326865786,-2.71620512008667,46,9,1,0.10874704491725769,0.02127659574468085,0.002364066193853428,0.0016701751665428536,0.9998319148997075,-0.0001680992281762,8.749999747451511,38.574646617936615,0.13324877371089344,1.058655069551028,0.07223851466599737,0.07554805351222792,1.0,0.904195423941777,1.2116898353871488,14.864584011388752,0.4166718125343323,-0.0109401730310445,0.00016788231328222552,0.00016784197862329347,0.00015843473014047328,0.00015843473014047328
human_eval_AgentChatLogprobs_20260311_161129_929,HumanEval_49,1,1,251,-0.07007387463991353,0.0,0.2612479203822616,-2.147843599319458,-0.1737140119075775,-0.0002402951940894,0.9541683225177117,1.0,0.11673561531475751,0.0946936269194346,-5.955680505785612e-11,1.4138824074949001,0.8924302788844621,0.03187250996015936,1.0725874153365695,-17.5885425346183,-0.6632674032449722,-1.0823064347108204,-1.8749266862869263,23,6,0,0.09163346613545817,0.02390438247011952,0.0,0.0024666761069732355,0.9997417330778435,-0.0002583002788014,8.333336021925788,38.154939297323665,0.11516150564380398,1.0301623094168755,0.07876399856288989,0.23190226864727095,1.0,0.9301117115597739,1.1180193412099415,23.187499044698175,0.4166640639305115,-0.012714011294037708,8.892711572306267e-05,0.00025787176013467787,0.0002403067508468732,0.0002403067508468732
human_eval_AgentChatLogprobs_20260311_161129_929,HumanEval_49,2,1,244,-0.08654582928899168,0.0,0.3175513969114884,-2.527733087539673,-0.1591206103563308,-5.477825743582798e-05,0.9471482479801249,1.0,0.07983980514586794,0.08551602669541569,-5.694684874316637e-11,1.1964914824911796,0.889344262295082,0.05327868852459016,1.0904013388907758,-21.11718234651397,-0.8421818322191635,-1.2521836857000987,-2.444398045539856,22,3,0,0.09016393442622951,0.012295081967213115,0.0,0.0024666761069732355,0.9997417330778435,-0.0002583002788014,8.333336021925788,38.154939297323665,0.12167348893042629,1.0301623094168755,0.0715289220853804,0.5336028226108928,1.0,0.9514332828476304,1.0610669455963873,22.874998884657735,0.8333357572555542,-0.013477945806069211,0.0003836512697210247,0.00025787176013467787,0.0002403067508468732,0.0002403067508468732
human_eval_AgentChatLogprobs_20260311_161129_929,HumanEval_5,0,1,264,-0.055380173690985336,0.0,0.23091894716575423,-2.38132643699646,-0.09871881380677221,-0.0003798285761149,0.9629957309009991,1.0,0.09242789638267053,0.07422886250868324,2.510911459641118e-09,1.1013399315015249,0.9015151515151515,0.030303030303030304,1.0569423599823107,-14.620365854420129,-0.530332757303348,-0.8881988525390625,-1.9507355093955994,18,1,0,0.06818181818181818,0.003787878787878788,0.0,0.6007826727335387,0.8111265947695679,-0.209331139922142,1.666667953133583,13.473954297230804,0.20556775105963374,0.8246433209250986,0.07735496022676572,0.09242789638267053,1.0,0.8651887666506071,1.2748455346635508,11.479167776161853,0.4166716933250427,-0.026260128365278367,-0.0005096821934703253,0.11145070198081684,0.028936164558074774,0.028936164558074774
human_eval_AgentChatLogprobs_20260311_161129_929,HumanEval_5,1,1,216,-0.06433323628470136,0.0,0.2802232891287236,-3.0034351348876958,-0.09510833770036695,-2.992197914863937e-05,0.9598590271681078,1.0,0.049616336483771624,0.07385067771797217,2.606982659885471e-10,1.1857836185566313,0.8981481481481481,0.027777777777777776,1.0664477186310655,-13.895979037495493,-0.6307315201986403,-1.0875194787979126,-2.3033909797668457,16,2,0,0.07407407407407407,0.009259259259259259,0.0,0.7190464908217069,0.7412213793681068,-0.2994559407234192,1.2499999403953552,14.13584420788755,0.10367391170596926,0.7190464908217069,0.04671165569788914,0.049616336483771624,1.0,0.9162188539132268,1.2140839344291714,13.749999443056755,0.4166640639305115,-0.0198484952191543,0.00029354196318453037,0.11526053447685947,0.04011023183041253,0.04011023183041253
human_eval_AgentChatLogprobs_20260311_161129_929,HumanEval_5,2,1,280,-0.09547757254559894,0.0,0.30493039433301244,-2.6569511890411377,-0.2539228111505508,-0.0008759312331676,0.9381025081405574,1.0,0.07016180607334112,0.10958995999193427,1.2055353349827702e-08,1.1642867422753356,0.8607142857142858,0.060714285714285714,1.1001841474274427,-26.7337203127677,-0.8548039985554559,-1.228768812758582,-2.2483118772506714,32,4,0,0.11428571428571428,0.014285714285714285,0.0,0.7190464908217069,0.7412213793681068,-0.2994559407234192,1.2499999403953552,14.13584420788755,0.2491539433352333,0.9842837174917594,0.103293845721106,0.18767632863390893,1.0,0.849167476289298,1.2622237328293329,10.354167945666081,0.4166716933250427,-0.030242333739293106,0.00025296802578361744,0.11526053447685947,0.04011023183041253,0.04011023183041253
human_eval_AgentChatLogprobs_20260311_161129_929,HumanEval_50,0,1,295,-0.08210705567968667,0.0,0.3375397214492751,-2.9694488048553467,-0.11309047639369954,-0.0008406595443375,0.9525948503376745,1.0,0.05133159626229632,0.0932437436840506,1.9627185258987417e-11,1.7079465602782804,0.8949152542372881,0.03728813559322034,1.0855720202594226,-24.221581425507566,-0.7907803968108934,-1.3689547351428442,-2.693031430244446,24,5,1,0.08135593220338982,0.01694915254237288,0.003389830508474576,0.36737998502176855,0.9277315738719559,-0.0750128403306007,3.3333359584212303,7.732638916105545,0.04759432725265503,0.384837998706546,0.012479154340674068,0.901939930326215,1.0,0.9897412986705916,1.0107202655518988,15.78124996467929,2.4999999925494194,-0.00033494565521353063,0.0006052547563770814,0.06678227031227768,0.017714911076794817,0.017714911076794817
human_eval_AgentChatLogprobs_20260311_161129_929,HumanEval_50,1,1,310,-0.09280907116605787,0.0,0.3285290853486312,-2.5789315700531006,-0.14200320243835435,-0.0008478748495689749,0.9436230938760171,1.0,0.07585500650297208,0.0978363268253504,2.6625135112401942e-09,1.3743339382793331,0.8838709677419355,0.05161290322580645,1.0972522181807343,-28.77081206147794,-0.8758661968092765,-1.3538451512654623,-2.280345916748047,27,6,0,0.08709677419354839,0.01935483870967742,0.0,0.36737998502176855,0.9277315738719559,-0.0750128403306007,3.3333359584212303,7.732638916105545,0.04759432725265503,0.384837998706546,0.012479154340674068,0.901939930326215,1.0,0.9897412986705916,1.0107202655518988,15.78124996467929,2.4999999925494194,-0.00033494565521353063,0.0005442750778247835,0.06678227031227768,0.017714911076794817,0.017714911076794817
human_eval_AgentChatLogprobs_20260311_161129_929,HumanEval_50,2,0,217,-0.05272854119573529,0.0,0.2320010259710628,-2.7761452198028564,-0.0788897275924682,-0.0023066757712513,0.964142814922408,1.0,0.06227811370522171,0.08292093540964654,4.3763306764245784e-08,1.1450862896755452,0.9262672811059908,0.018433179723502304,1.0541434497555937,-11.442093439474558,-0.49063188760053544,-0.8550111919641494,-1.88064843416214,15,1,0,0.06912442396313365,0.004608294930875576,0.0,0.45719333066031065,0.8938971750216973,-0.1121645271778106,2.4999999701976776,7.41536574376237,0.04890634267053714,0.45719333066031065,0.01270564571542857,0.8938971750216973,1.0,0.9891980647250209,1.0112902421260321,15.822917215857114,2.4999999701976776,-0.002436428268789259,0.0005346857923632061,0.08693738282887252,0.011252505124633825,0.011252505124633825
human_eval_AgentChatLogprobs_20260311_161129_929,HumanEval_51,0,1,275,-0.05541171379403564,0.0,0.18510731065672043,-1.5071628093719482,-0.13254075050354,-0.0003139584587188,0.9587225901036738,1.0,0.22153763164403087,0.08588349471691646,6.146965368315516e-10,1.0868568119684114,0.8836363636363637,0.02909090909090909,1.0569756965789798,-15.2382212933598,-0.5109279735220803,-0.7844471656359159,-1.3513864874839783,22,1,0,0.08,0.0036363636363636364,0.0,0.06957377889917128,0.9882060887088586,-0.0118640111759305,4.5833322359249,20.814227349752557,0.1776028499694316,0.861229003778779,0.08662784285667763,0.22153763164403087,1.0,0.8985823860895419,1.164326467317449,10.927082275684569,0.4166640639305115,-0.017599755441319205,0.00011800796339548979,0.011262159153902128,0.010100238443958926,0.010100238443958926
human_eval_AgentChatLogprobs_20260311_161129_929,HumanEval_51,1,1,248,-0.08595603600640886,0.0,0.33539515971840067,-2.970196008682251,-0.12984369993209827,-0.00018874145825970002,0.948702891529946,1.0,0.051293255423122755,0.09258562813238712,2.932503718039556e-10,1.3983752983084707,0.8911290322580645,0.04435483870967742,1.0897584171198866,-21.317096929589397,-0.8358573714892069,-1.3293517579634984,-2.7876904010772705,21,5,0,0.0846774193548387,0.020161290322580645,0.0,0.06957377889917128,0.9882060887088586,-0.0118640111759305,4.5833322359249,20.814227349752557,0.13300167425896975,1.3983752983084707,0.10410032088330143,0.5374890627489802,1.0,0.9572160101545302,1.0539102697971388,14.729165998711839,1.2499998807907104,0.00029158413207306327,-2.9777032169659365e-05,0.011262159153902128,0.010100238443958926,0.010100238443958926
human_eval_AgentChatLogprobs_20260311_161129_929,HumanEval_51,2,1,274,-0.05340109167572357,0.0,0.20076605459912814,-2.2068309783935547,-0.12176434099674216,-0.00015030507893243033,0.9614859490727873,1.0,0.11004884366847811,0.09033391469959,-5.438564299728569e-11,1.3983752983084707,0.8941605839416058,0.025547445255474453,1.0548526528994282,-14.631899119148258,-0.4991166381924241,-0.7947953962362729,-1.687080442905426,23,5,0,0.08394160583941605,0.01824817518248175,0.0,0.12743989086968446,0.974580824068659,-0.025747824460268,3.749999951571226,20.62890546559511,0.13589497985749538,1.3983752983084707,0.10389234144224976,0.5374890627489802,1.0,0.9565347469225204,1.0546421384661622,14.687499384494155,1.2499998807907104,-0.0005350746103628372,6.617525969356312e-05,0.02308183634944221,0.022919945246571465,0.022919945246571465
human_eval_AgentChatLogprobs_20260311_161129_929,HumanEval_52,0,1,103,-4.564909333820047e-05,0.0,0.0004145296551200247,-0.0042222943156957,0.0,0.0,0.9999544377442958,1.0,0.9957866070364987,0.0003356519468608268,-9.999965463668839e-11,0.02986778850805746,1.0,0.0,1.000045650135274,-0.004701856613834649,-0.0004701856613834649,-0.0009392984378791536,-0.0042222943156957,0,0,0,0.0,0.0,0.0,0.02986778850805746,0.9957866070364987,-0.0042222943156957,5.625000098720193,17.996523712224683,0.0015106611948473036,0.02986778850805746,4.2327980098816514e-05,0.9957866070364987,1.0,0.9997878223543207,1.0002126453414886,32.32291638746483,5.625000098720193,-0.00042488290914719927,-1.52999456073559e-05,0.00413500662086391,0.0002947974887422629,0.0002947974887422629
human_eval_AgentChatLogprobs_20260311_161129_929,HumanEval_52,1,1,103,-9.379763681900986e-05,0.0,0.0009032253439622333,-0.0092119984328746,0.0,0.0,0.9999066134081241,1.0,0.9908303020344248,0.000590638739067729,-9.999977098234636e-11,0.056382635577650365,1.0,0.0,1.0000938020359549,-0.009661156592358016,-0.0009661156592358016,-0.0019311345917230748,-0.0092119984328746,0,0,0,0.0,0.0,0.0,0.056382635577650365,0.9908303020344248,-0.0092119984328746,4.791667956858873,16.93793070049952,0.002836493526647772,0.056382635577650365,0.0001509102224684275,0.9908303020344248,1.0,0.9995400011437529,1.000462220693075,32.229165423825364,4.791667956858873,-0.0008036657633490547,-3.019042350257328e-05,0.008809970305468292,0.0005480127433165646,0.0005480127433165646
human_eval_AgentChatLogprobs_20260311_161129_929,HumanEval_52,2,1,103,-0.00012121186343601782,0.0,0.001164925564241082,-0.0118797542527318,0.0,0.0,0.9998794713035593,1.0,0.9881905314269686,0.0007459408787491089,-9.999940829543651e-11,0.07110434638434146,1.0,0.0,1.0001212192098907,-0.012484821933909835,-0.0012484821933909835,-0.0024956530825874937,-0.0118797542527318,0,0,0,0.0,0.0,0.0,0.07110434638434146,0.9881905314269686,-0.0118797542527318,4.583336043171585,16.00000016041394,0.0035724890804707315,0.07110434638434146,0.00024003456333434025,0.9881905314269686,1.0,0.9994080185738442,1.0005956730753087,32.27083299395254,4.583336043171585,-0.0010139765904416177,-3.80473043900401e-05,0.011286568034816124,0.0010210947724340444,0.0010210947724340444
human_eval_AgentChatLogprobs_20260311_161129_929,HumanEval_53,0,1,59,-0.0007789133812645238,0.0,0.005806103750330611,-0.044992160052061,-1.430511645139631e-07,0.0,0.9992379909788496,1.0,0.9560049768329675,0.003794444145810157,-9.999998894013204e-11,0.21541426575234637,1.0,0.0,1.0007792168130696,-0.045955889494606904,-0.009191106373339124,-0.02277257299283515,-0.044992160052061,0,0,0,0.0,0.0,0.0,0.21541426575234637,0.9560049768329675,-0.044992160052061,3.3333359248936176,22.068138491648938,0.010958429852126835,0.21541426575234637,0.0022006187217310544,0.9560049768329675,1.0,0.9977797329222531,1.0022727059865748,33.49999810361842,3.3333359248936176,-0.003053531744713499,-0.00036076775607310523,0.039225466877465594,0.03410442679968692,0.03410442679968692
human_eval_AgentChatLogprobs_20260311_161129_929,HumanEval_53,1,1,59,-0.0007913060329962102,0.0,0.005900473456327255,-0.0457233265042305,-1.430511645139631e-07,0.0,0.9992261478722867,1.0,0.9553062335457545,0.00388047816665703,-9.999997913820575e-11,0.22048850621357136,1.0,0.0,1.000791619198213,-0.046687055946776405,-0.009337339663773024,-0.0231381562189199,-0.0457233265042305,0,0,0,0.0,0.0,0.0,0.22048850621357136,0.9553062335457545,-0.0457233265042305,3.3333357498049736,21.391048793114344,0.011212194468045975,0.22048850621357136,0.0023055863762948088,0.9553062335457545,1.0,0.9977447957578924,1.0023093480652843,33.45833149177561,3.3333357498049736,-0.0031260328105813967,-0.00036936861366091556,0.03994575637886176,0.034079505867841045,0.034079505867841045
human_eval_AgentChatLogprobs_20260311_161129_929,HumanEval_53,2,1,59,-0.0007913060329962102,0.0,0.005900473456327255,-0.0457233265042305,-1.430511645139631e-07,0.0,0.9992261478722867,1.0,0.9553062335457545,0.0038804482214241398,-9.999998894013204e-11,0.22048850621357136,1.0,0.0,1.000791619198213,-0.046687055946776405,-0.009337339663773024,-0.0231381562189199,-0.0457233265042305,0,0,0,0.0,0.0,0.0,0.22048850621357136,0.9553062335457545,-0.0457233265042305,3.3333357498049736,21.391048793114344,0.011212141875188084,0.22048850621357136,0.002305587555259172,0.9553062335457545,1.0,0.9977447957578924,1.0023093480652843,33.49999809486398,3.3333357498049736,-0.0031260208941595704,-0.0003693681636345036,0.03994575637886176,0.034079505867841045,0.034079505867841045
human_eval_AgentChatLogprobs_20260311_161129_929,HumanEval_54,0,0,192,-0.07439918054323469,0.0,0.26828273969668054,-2.034153461456299,-0.16813518330454819,-0.000885381756233925,0.9511787525501111,1.0,0.13079115540720404,0.09046637979679854,6.414792027166072e-09,1.000532684980335,0.8854166666666666,0.041666666666666664,1.0772367316251605,-14.28464266430106,-0.6993793931446577,-1.119440840350257,-2.034153461456299,18,1,0,0.09375,0.005208333333333333,0.0,0.00023421705119470288,0.999981880188445,-1.811997572076507e-05,11.458332061603869,33.89062434784191,0.13785162250774935,0.6606401389385284,0.04694292326926812,0.2227001469810028,1.0,0.9211088051731675,1.1279054844394047,9.802082657924723,0.8333281576633453,0.012348991486282233,0.00011404448891191099,1.813798219724972e-05,5.652853016514112e-06,5.652853016514112e-06
human_eval_AgentChatLogprobs_20260311_161129_929,HumanEval_54,1,1,245,-0.05710703512709523,0.0,0.215242421193478,-1.858731985092163,-0.1441941022872923,-0.000364608480595,0.960037998594669,1.0,0.1558701507869986,0.07675900966531468,-1.6159068185396353e-11,1.2090396438278863,0.8979591836734694,0.024489795918367346,1.0587691298191872,-13.991223606138332,-0.5441605125864347,-0.8529598688085874,-1.7846016883850098,21,1,0,0.08571428571428572,0.004081632653061225,0.0,0.00029422755729598756,0.9999767541876963,-2.3246082491823472e-05,11.45833170386868,31.896258714847157,0.17664709691112407,0.809562457297905,0.06077224038511483,0.38196911807600026,1.0,0.9198441025258847,1.108179857375268,10.489583793614134,0.4166678190231323,0.007468822988688651,-0.00028996881348701553,2.3205204360353146e-05,1.0560869437791262e-05,1.0560869437791262e-05
human_eval_AgentChatLogprobs_20260311_161129_929,HumanEval_54,2,1,238,-0.04876683041397664,0.0,0.22489041933571657,-2.578889846801758,-0.0788934044539928,-4.860882654611487e-05,0.9676260724632934,1.0,0.07585817148650026,0.06200398054777522,9.835833668026572e-11,1.1524150735537728,0.907563025210084,0.029411764705882353,1.0499754998426134,-11.606505638526441,-0.4785613158474798,-0.8346723453565077,-1.9700106978416443,13,1,0,0.0546218487394958,0.004201680672268907,0.0,0.00029422755729598756,0.9999767541876963,-2.3246082491823472e-05,11.45833170386868,31.896258714847157,0.16370433714802485,0.6506457383367805,0.04302244799535819,0.07585817148650026,1.0,0.8768414164451356,1.2718668562864879,9.010417195347532,1.0416679680347443,0.00336933113483843,-0.00034605174516083185,2.3205204360353146e-05,1.0560869437791262e-05,1.0560869437791262e-05
human_eval_AgentChatLogprobs_20260311_161129_929,HumanEval_55,0,1,120,-0.01721666222977897,0.0,0.16798158414411912,-1.839672565460205,0.0,0.0,0.9912508446864764,1.0,0.15886943693235508,0.009448724457500194,-9.999914918517932e-11,0.5358178009045125,0.9833333333333333,0.008333333333333333,1.0173657231741924,-2.0659994675734765,-0.1721666222977897,-0.34433173460759764,-1.839672565460205,1,0,0,0.008333333333333333,0.0,0.0,0.5358178009045125,0.8269991238855177,-0.1899516433477401,1.6666678339242935,18.222654360968605,0.026808099769472665,0.5358178009045125,0.013636367418283678,0.8269991238855177,1.0,0.9913484541572366,1.009544343721789,28.02083374930171,1.6666678339242935,-0.007654307985164333,-0.00015991061505175465,0.09666862919312666,0.15619977574452665,0.15619977574452665
human_eval_AgentChatLogprobs_20260311_161129_929,HumanEval_55,1,1,94,-0.005572900610148616,0.0,0.03500865463568582,-0.2519290447235107,-2.026558163947811e-07,0.0,0.9950080280216533,1.0,0.77729988964086,0.014816133556046027,-9.999786375921628e-11,0.6736457939001647,0.9787234042553191,0.0,1.0055884581074561,-0.5238526573539699,-0.05820581108067318,-0.13062904181424526,-0.2519290447235107,2,0,0,0.02127659574468085,0.0,0.0,0.6736457939001647,0.7936585523560008,-0.2311019450426101,1.6666679829359055,18.231336758265986,0.03370743813639352,0.6736457939001647,0.021553753873726746,0.7936585523560008,1.0,0.989680644759819,1.0116244247173083,27.8958334050556,1.6666679829359055,-0.009623173184752653,-0.00015632674114789784,0.1270161719389325,0.14990254021119392,0.14990254021119392
human_eval_AgentChatLogprobs_20260311_161129_929,HumanEval_55,2,1,94,-0.005572900610148616,0.0,0.03500865463568582,-0.2519290447235107,-2.026558163947811e-07,0.0,0.9950080280216533,1.0,0.77729988964086,0.014816133556046027,-9.999786375921628e-11,0.6736457939001647,0.9787234042553191,0.0,1.0055884581074561,-0.5238526573539699,-0.05820581108067318,-0.13062904181424526,-0.2519290447235107,2,0,0,0.02127659574468085,0.0,0.0,0.6736457939001647,0.7936585523560008,-0.2311019450426101,1.6666679829359055,18.231336758265986,0.03370743813639352,0.6736457939001647,0.021553753873726746,0.7936585523560008,1.0,0.989680644759819,1.0116244247173083,27.8958334050556,1.6666679829359055,-0.009623173184752653,-0.00015632674114789784,0.1270161719389325,0.14990254021119392,0.14990254021119392
human_eval_AgentChatLogprobs_20260311_161129_929,HumanEval_56,0,1,329,-0.06663698894732145,0.0,0.3035937088158853,-2.969374895095825,-0.060449893772602036,-0.000838631298393,0.9612641615370524,1.0,0.05133539030843871,0.07127640324682483,4.5061723908446844e-08,1.3758966233266892,0.9240121580547113,0.030395136778115502,1.0689073825432074,-21.923569363668758,-0.656578799476847,-1.1652330290526152,-2.450707197189331,20,4,0,0.060790273556231005,0.0121580547112462,0.0,0.00551384834208452,0.9994252920296602,-0.0005748731782659,8.333332254202105,24.76605240869185,0.07683704797238426,0.6133363139578433,0.02214613177641973,0.05133539030843871,1.0,0.9286509305059258,1.1919988383102296,12.906250549136166,0.8333282172679901,7.290381208978893e-05,-9.290989092367747e-05,0.0005737266870570698,0.00024023159340686408,0.00024023159340686408
human_eval_AgentChatLogprobs_20260311_161129_929,HumanEval_56,1,1,357,-0.059237559695375606,0.0,0.25771136748438733,-2.730891227722168,-0.06332088783383362,-7.33163979020901e-05,0.9624354350354135,1.0,0.06516119032287437,0.07056925854974144,3.799025513417959e-09,1.5075951300775892,0.9159663865546218,0.03081232492997199,1.0610272681177995,-21.147808811249092,-0.5815966746636799,-1.015828903983621,-2.1675349871317544,23,3,1,0.06442577030812324,0.008403361344537815,0.0028011204481792717,0.008080932379141224,0.9991171956325824,-0.0008831942686811,7.916667846380733,24.91145049650878,0.09029700655665929,0.5303043473175985,0.029232852012656362,0.77729988964086,1.0,0.9676179655511113,1.036381236104714,13.71875019677609,1.25,-0.002380935566210525,-0.00018809928092140108,0.0008805807603253908,0.0003642933746455614,0.0003642933746455614
human_eval_AgentChatLogprobs_20260311_161129_929,HumanEval_56,2,1,256,-0.06220204260790446,0.0,0.22979297050762582,-1.5152982473373413,-0.10890851914882654,-0.001377532549668025,0.9577517669106679,1.0,0.21974263741706426,0.08753138874349686,5.264626764336261e-09,1.2682474010394047,0.8984375,0.03515625,1.0641773321724552,-15.923722907623542,-0.5907975605130196,-1.0121308167775471,-1.508613646030426,19,6,0,0.07421875,0.0234375,0.0,0.008080932379141224,0.9991171956325824,-0.0008831942686811,7.916667846380733,24.91145049650878,0.09175737076962517,0.6133349887990245,0.03291345860399642,0.2227001469810028,1.0,0.9367131482399478,1.1082932871706952,13.406250228317003,0.8333357572555542,-0.0025004481509770683,-1.4272586690556168e-05,0.0008805807603253908,0.0003642933746455614,0.0003642933746455614
human_eval_AgentChatLogprobs_20260311_161129_929,HumanEval_57,0,0,267,-0.06102753246557004,0.0,0.25707250683043076,-2.578889846801758,-0.08704860210418695,-4.541977250482887e-05,0.9606480011919527,1.0,0.07585817148650026,0.07169985563139179,4.533007044358324e-11,0.9614796243717736,0.9026217228464419,0.0299625468164794,1.0629281788178164,-16.2943511683072,-0.5870743729174137,-0.9781917562851539,-2.226232945919037,19,0,0,0.07116104868913857,0.0,0.0,0.40612183703123855,0.8793425010760798,-0.1285808086395263,2.083332061767578,22.491746386556056,0.13293980393370605,0.7182480630529782,0.041996728894535616,0.07585817148650026,1.0,0.8969319077386988,1.2266088870193657,15.104166991717644,0.4166716933250427,-0.019157280300350542,9.242798826039707e-06,0.08055550694505083,0.011069285844239645,0.011069285844239645
human_eval_AgentChatLogprobs_20260311_161129_929,HumanEval_57,1,1,182,-0.01698763712295602,0.0,0.13673000339477234,-1.529404640197754,-1.6689314179529902e-06,0.0,0.9894912335999577,1.0,0.2166646223315868,0.013894018759211835,-9.999448659581349e-11,0.6719089348023995,0.9835164835164835,0.01098901098901099,1.0171327475604153,-3.0917499563779955,-0.1717635619510626,-0.3432642468509989,-1.529404640197754,3,0,0,0.016483516483516484,0.0,0.0,0.6414057801854118,0.2166646223315868,-1.529404640197754,1.2499999701976776,21.850685154234732,0.06568287618212597,0.6719080813476783,0.03882885532435221,0.2166646223315868,1.0,0.9306975698993865,1.1304580630469303,25.12499885706925,0.4166640639305115,-0.0046161408034295645,-0.00015254138065622715,0.10071227287563504,0.026977915234429405,0.026977915234429405
human_eval_AgentChatLogprobs_20260311_161129_929,HumanEval_57,2,0,341,-0.06050564879529991,0.0,0.24747030599516948,-2.58332633972168,-0.1173510178923606,-0.0012739066733047,0.959808573542775,1.0,0.07552237268107251,0.08555585316860712,3.082801954262297e-09,1.4720981110928237,0.8973607038123167,0.026392961876832845,1.0623735986843665,-20.63242623919727,-0.5481812544167042,-0.9042566891978768,-2.0410738786061606,22,3,0,0.06451612903225806,0.008797653958944282,0.0,0.6414057801854118,0.7562338161486593,-0.2794046700000763,1.2499999701976776,21.850685154234732,0.1314440089145028,0.6414057801854118,0.039519292816939104,0.7562338161486593,1.0,0.9554752302506253,1.0501661444931896,14.541667001268205,1.2499999701976776,-0.022695744777264916,0.0002526927530937576,0.10071227287563504,0.026977915234429405,0.026977915234429405
human_eval_AgentChatLogprobs_20260311_161129_929,HumanEval_58,0,1,289,-0.0733810814575752,0.0,0.31429385033370083,-2.778892755508423,-0.08000685572624201,-0.0003656817425508,0.9572920840060417,1.0,0.06210723721626348,0.06723729867773505,-4.883012926170989e-11,1.2548040924319084,0.9100346020761245,0.03806228373702422,1.0761405559960417,-21.207132541239233,-0.7291366223778043,-1.250720432826451,-2.489789843559265,17,1,0,0.058823529411764705,0.0034602076124567475,0.0,0.011213549250084859,0.9985865354459309,-0.0014144644374027,6.66666777280625,24.759110644376452,0.12745287761747093,0.6208660303703499,0.04337579998896701,0.11072707030699225,1.0,0.877925614174998,1.2747078457728824,9.989584314685198,0.8333357572555542,-0.010632025377579015,-0.00016535098230181165,0.0014017983020249436,0.0012708335728512086,0.0012708335728512086
human_eval_AgentChatLogprobs_20260311_161129_929,HumanEval_58,1,1,269,-0.07637821695684788,0.0,0.2973471960992597,-2.2113494873046875,-0.11735156774520873,-0.0001584417041158,0.9534227959211753,1.0,0.10955270872690831,0.07158016505268845,-8.780903274849559e-11,1.020084274441433,0.8921933085501859,0.040892193308550186,1.0793707332801195,-20.545740361392077,-0.7511845483229711,-1.2634998147304242,-2.2060182094573975,19,1,0,0.07063197026022305,0.0037174721189591076,0.0,0.011288345822363698,0.9985804557815174,-0.0014205527259036,6.666667883400805,23.890626917711796,0.15492363748503266,0.6836660096310402,0.04302939584308542,0.39661509147951,1.0,0.9306039747735394,1.0927084149159498,8.24999942894792,0.4166640639305115,-0.011627949951724573,7.824825683890002e-05,0.0014079946935036626,0.0012708256951269226,0.0012708256951269226
human_eval_AgentChatLogprobs_20260311_161129_929,HumanEval_58,2,1,247,-0.07306338601436749,0.0,0.2811086267308148,-2.2748279571533203,-0.038429108262062035,-1.978893851628527e-05,0.9550372416178321,1.0,0.10281459542946025,0.07004410367516435,-9.986246510422359e-11,1.234531303837982,0.9190283400809717,0.05668016194331984,1.0757987253470456,-18.04665634554877,-0.7408584399769703,-1.2061678171157837,-1.8885321021080017,19,5,0,0.07692307692307693,0.020242914979757085,0.0,0.011288345822363698,0.9985804557815174,-0.0014205527259036,6.666667883400805,23.890626917711796,0.1791629353637191,1.0563309138621615,0.09948001187217428,0.2226922623864689,1.0,0.8771146128403317,1.2214526948064066,13.208333397395364,0.4166640639305115,-0.009952881591678975,-9.777568692213105e-05,0.0014079946935036626,0.0012708256951269226,0.0012708256951269226
human_eval_AgentChatLogprobs_20260311_161129_929,HumanEval_59,0,1,395,-0.09673555843126525,0.0,0.33288701531807846,-2.578887224197388,-0.21705208718776683,-0.00046696608478665,0.9408429678568516,1.0,0.07585837043273316,0.1043483795682697,3.7974041411268086e-09,1.509043883489307,0.8683544303797468,0.053164556962025315,1.101569034458074,-38.21054558034977,-0.9045600195725759,-1.401190415809029,-2.454341729482015,43,8,1,0.10886075949367088,0.020253164556962026,0.002531645569620253,0.0028888127947151094,0.9997163414836029,-0.0002836987550836,8.750000496191205,28.689224066378205,0.08667981677105274,0.6776594228943077,0.03523731464780725,0.07585837043273316,1.0,0.8822919934423459,1.2876756028747363,16.8125004560477,0.4166717529296875,0.014212434916760545,-1.549383370869432e-05,0.00028339198606143815,0.00015841629760656942,0.00015841629760656942
human_eval_AgentChatLogprobs_20260311_161129_929,HumanEval_59,1,1,391,-0.09530641766951585,0.0,0.3445593226184196,-2.9697282314300537,-0.1732079684734344,-0.0038390471599996,0.9425059776892448,1.0,0.05131725485395712,0.1101359534784099,1.3093338304793289e-08,1.494416418466557,0.8618925831202046,0.04092071611253197,1.0999958616594947,-37.2648093087807,-0.8609688660273185,-1.4098755152601945,-2.7111704349517822,33,10,0,0.08439897698209718,0.02557544757033248,0.0,0.0014968594937075487,0.9998636245740541,-0.0001363847259199,9.58333586716617,28.86285043009874,0.11640404371131105,0.9643715811572032,0.05456047881957939,0.25243464685420625,1.0,0.9419460520721838,1.0950159187573147,14.656249656946235,0.8333358764648438,0.018459867249299086,-5.960658617197408e-05,0.0001363272598231582,6.885744177194373e-05,6.885744177194373e-05
human_eval_AgentChatLogprobs_20260311_161129_929,HumanEval_59,2,1,364,-0.10368793890805741,0.0,0.31388395429483235,-2.247952938079834,-0.26460503339767455,-0.01020209048874675,0.9327649819387375,1.0,0.10561520428739454,0.12452473624013367,7.686738022375578e-07,1.2186521445942244,0.8406593406593407,0.06593406593406594,1.1092542458080072,-37.7424097625329,-0.9057713134421242,-1.3140371441841125,-2.0235052506128945,46,5,0,0.12637362637362637,0.013736263736263736,0.0,0.0014968594937075487,0.9998636245740541,-0.0001363847259199,9.58333586716617,28.86285043009874,0.1283048773306777,0.9641569950252599,0.060157363071921356,0.2226370514999822,1.0,0.9080634221078794,1.1740359777315879,14.624999800496514,0.8333357572555542,0.018774169008427932,7.446262880281198e-05,0.0001363272598231582,6.885744177194373e-05,6.885744177194373e-05
human_eval_AgentChatLogprobs_20260311_161129_929,HumanEval_6,0,1,353,-0.05672832833772174,0.0,0.27523438054013605,-2.271355152130127,-0.03506181910634036,-8.583106136939023e-06,0.9670292324773557,1.0,0.103172271182526,0.05162737554172281,-2.8839371279095278e-11,1.2356347670359484,0.9348441926345609,0.028328611898016998,1.0583682426754784,-20.025099903215775,-0.5678871020674705,-1.0520256968105541,-2.231736898422241,18,1,0,0.05099150141643059,0.0028328611898017,0.0,0.0007586801456840204,0.9999291896789706,-7.081282819854096e-05,9.583331820838794,35.06770057544337,0.05733594897131674,0.6738310568607018,0.02564641189432943,0.39722800869741004,1.0,0.9634518119684017,1.0543293797453996,14.395832870477363,0.4166640043258667,-0.0013588415578228213,-0.00018788523005554741,7.073155396770971e-05,6.886223567169412e-05,6.886223567169412e-05
human_eval_AgentChatLogprobs_20260311_161129_929,HumanEval_6,1,1,341,-0.09489605011536843,0.0,0.3719073989361976,-3.1758081912994385,-0.1173510178923606,-0.0001046712350216,0.9475068575303767,1.0,0.04176034009934815,0.08529980102721739,1.7510389017312316e-11,1.845814176562571,0.8973607038123167,0.0469208211143695,1.0995445516559976,-32.359553089340636,-0.9171311073005199,-1.5487342582029455,-2.662684162457784,25,7,2,0.07331378299120235,0.020527859237536656,0.005865102639296188,0.0007694546968025572,0.9999284744232085,-7.152813486754894e-05,9.583332059206441,35.427516406643726,0.06835138650523848,0.6954974540773512,0.02809912807162493,0.4998617353924207,1.0,0.9664330282468363,1.0445824327316608,14.572916786937276,0.0,0.0010071444050229897,0.0003804438963201712,7.151616504652018e-05,6.88621699995799e-05,6.88621699995799e-05
human_eval_AgentChatLogprobs_20260311_161129_929,HumanEval_6,2,1,291,-0.04663862568775642,0.0,0.23981401047027134,-2.578889846801758,-0.023587567731738,-2.682213107618736e-06,0.9715216794610223,1.0,0.07585817148650026,0.0498619028453138,-3.52194349235659e-11,1.1862625786110435,0.9381443298969072,0.024054982817869417,1.0477433131390907,-13.571840075137118,-0.4637245240396467,-0.8806250765919685,-2.219077706336975,12,2,0,0.041237113402061855,0.006872852233676976,0.0,0.0007694546968025572,0.9999284744232085,-7.152813486754894e-05,9.583332059206441,35.427516406643726,0.05908504708910402,0.6954974540773512,0.02700939951230264,0.4998617353924207,1.0,0.9684520968805316,1.0424216171516023,14.374999836435672,0.0,-0.0013508457425294293,-0.00032661563938739,7.151616504652018e-05,6.88621699995799e-05,6.88621699995799e-05
human_eval_AgentChatLogprobs_20260311_161129_929,HumanEval_60,0,1,117,-0.0032730447302042583,0.0,0.03461448429230275,-0.37602299451828,0.0,0.0,0.9972622719426311,1.0,0.6865865451339211,0.008067271028587588,-9.999998972853699e-11,0.9015879079898688,0.9914529914529915,0.0,1.0032784069898164,-0.3829462334338982,-0.0348132939485362,-0.07658912747747304,-0.37602299451828,1,0,0,0.008547008547008548,0.0,0.0,0.9015879079898688,0.6865865451339211,-0.37602299451828,1.2499999403953552,27.484807679637708,0.04515698789854439,0.9015879079898688,0.03860400355260935,0.6865865451339211,1.0,0.9843213819571937,1.0189871009808709,32.38541561600359,1.2499999403953552,-0.01287401312365336,-0.00037501443513522387,0.1529561383246157,0.030166505662209808,0.030166505662209808
human_eval_AgentChatLogprobs_20260311_161129_929,HumanEval_60,1,1,216,-0.06277574304095708,0.0,0.33318128460883334,-3.0226643085479736,-0.06817403063178054,-5.006804940421716e-06,0.9667525978443273,1.0,0.04867136991375603,0.06266914990822657,-9.482463503259099e-11,1.2120195017816557,0.9166666666666666,0.027777777777777776,1.0647880263297687,-13.559560496846728,-0.6319396023948988,-1.1726901829242706,-2.938066840171814,9,2,0,0.041666666666666664,0.009259259259259259,0.0,0.8664880216754344,0.057643985139976345,-2.8534693717956543,1.2500000596046448,26.01952808077243,0.23097536373255373,1.2120195017816557,0.11228042354520185,0.04867136991375603,1.0,0.8625764415327195,1.4056087099491896,11.708333819723986,1.2499998807907104,-0.0035557637507637745,-0.0006168418834657074,0.14844218382992821,0.03800121783007185,0.03800121783007185
human_eval_AgentChatLogprobs_20260311_161129_929,HumanEval_60,2,1,224,-0.07047730251840356,0.0,0.30252294518435435,-2.5793230533599854,-0.05272214151918883,-5.960466467058723e-07,0.9591087818039888,1.0,0.07582531634616212,0.06386587101723783,-9.799507851084383e-11,1.3488461786487884,0.9151785714285714,0.04017857142857143,1.0730202142977472,-15.786915764122398,-0.705974741415544,-1.2476453374732623,-2.2478421926498413,12,2,0,0.05357142857142857,0.008928571428571428,0.0,0.8664880216754344,0.2011973015579374,-1.6034692525863647,1.2500000596046448,26.01952808077243,0.1358517454423232,0.9965404905319831,0.07885062191198557,0.14714138791023437,1.0,0.9065976959817312,1.2059139456489807,16.489584117114987,0.4166640639305115,-0.02478707827915655,-0.00044991824564142034,0.14844218382992821,0.03800121783007185,0.03800121783007185
human_eval_AgentChatLogprobs_20260311_161129_929,HumanEval_61,0,1,310,-0.07563564241682462,0.0,0.2802120495786221,-2.2071478366851807,-0.14572115242481223,-0.0005321583666954999,0.9518929144145853,1.0,0.11001397930370113,0.08098176089983601,4.13878165493327e-08,1.3010591277720387,0.8903225806451613,0.041935483870967745,1.0785695175723493,-23.44704914921563,-0.7172231818399122,-1.173738924662272,-1.9768868287404378,25,1,0,0.08064516129032258,0.0032258064516129032,0.0,0.03552509959651958,0.9947122333516365,-0.0053017963655292,5.416668094228953,25.494785633463852,0.0976363477397751,0.6719073243628467,0.03349069300363587,0.6026865904596598,1.0,0.960617762926334,1.047132448057897,12.979166618852469,0.4166718125343323,0.003046363798482843,0.00013116132216971845,0.0051694790734252575,0.0008345365525119838,0.0008345365525119838
human_eval_AgentChatLogprobs_20260311_161129_929,HumanEval_61,1,1,289,-0.06859561936802155,0.0,0.26859856478354477,-1.884737253189087,-0.0791694194078445,-0.00025019198074,0.9566467850154391,1.0,0.1518689572718855,0.0777106362553399,7.115075550096641e-08,1.2107161873969132,0.9065743944636678,0.03460207612456748,1.0710030286877634,-19.824133997358228,-0.6702002994716167,-1.1259329808609826,-1.8625576496124268,18,3,0,0.06228373702422145,0.010380622837370242,0.0,0.06514761258562311,0.9888185861844608,-0.0112443957477808,4.583331963047385,25.241310236190998,0.08110884217015737,0.5303042618478145,0.02168661346322641,0.15886943693235508,1.0,0.9395914347175385,1.1184353133729428,12.729166603049089,1.25,0.0006011603769002829,-0.00018144507817769503,0.010652719159165009,0.0010217440110220593,0.0010217440110220593
human_eval_AgentChatLogprobs_20260311_161129_929,HumanEval_61,2,1,311,-0.07353552732728673,0.0,0.3149309473441813,-3.2267098426818848,-0.1173514872789383,-0.0005113307997817,0.9567241915637756,1.0,0.03968786352516876,0.0788731069263399,4.645369784477942e-07,1.2966091843997194,0.8971061093247589,0.03215434083601286,1.076306774295679,-22.869548998786172,-0.6988076937775458,-1.249750538667043,-2.302021543184916,20,5,0,0.06430868167202572,0.01607717041800643,0.0,0.06514761258562311,0.9888185861844608,-0.0112443957477808,4.583331963047385,25.241310236190998,0.10013682708805796,0.6719073265350052,0.03511401045515172,0.1588689255879349,1.0,0.9250495026309471,1.1401260272897829,13.000000210346116,0.4166718125343323,0.004038883823985222,2.569582501541044e-05,0.010652719159165009,0.0010217440110220593,0.0010217440110220593
human_eval_AgentChatLogprobs_20260311_161129_929,HumanEval_62,0,1,472,-0.0791518260921419,0.0,0.29856780673971545,-2.9166245460510254,-0.1723408415913581,-0.000159067640197425,0.9499332129197724,1.0,0.05411604557597312,0.09107646258533673,7.45708771537229e-15,1.2422687659408866,0.8813559322033898,0.0423728813559322,1.0823686413970988,-37.359661915490975,-0.7444586329003597,-1.17032005475915,-2.4896763265132904,40,5,0,0.0847457627118644,0.01059322033898305,0.0,0.015157420132061889,0.9979684948257425,-0.002033571479842,6.250000138999894,34.52081950603015,0.127241651047603,0.9879579144557797,0.08030262688103353,0.15751444501479625,1.0,0.9013969763181967,1.1886771217435046,16.322915667561368,0.0,-0.01225626531119616,0.00012349454852110604,0.002006364195153025,5.5802194735240234e-05,5.5802194735240234e-05
human_eval_AgentChatLogprobs_20260311_161129_929,HumanEval_62,1,1,462,-0.08140202247152611,0.0,0.3073626749698615,-2.667771339416504,-0.12396909594535827,-0.0009252834279322751,0.9498456579024105,1.0,0.06940673712745758,0.09516864611249974,1.2947050611086637e-08,1.6073050300900251,0.8917748917748918,0.04112554112554113,1.0848069256755264,-37.60773438184506,-0.7730713758779608,-1.2291929695917212,-2.382956087589264,39,9,1,0.08441558441558442,0.01948051948051948,0.0021645021645021645,0.015157420132061889,0.9979684948257425,-0.002033571479842,6.250000138999894,34.52081950603015,0.15506871323550703,0.9879579144557797,0.10050226902635742,0.43711858075563825,1.0,0.9274774766179883,1.1010689117714578,16.55208205488684,0.0,-0.0032471307326377764,0.000234396904482373,0.002006364195153025,5.5802194735240234e-05,5.5802194735240234e-05
human_eval_AgentChatLogprobs_20260311_161129_929,HumanEval_62,2,0,265,-0.06793448012170142,0.0,0.2771346364626842,-2.2006871700286865,-0.11735233217477796,-0.0002402951940894,0.9579206440452298,1.0,0.11072704390760463,0.07634773248109977,-4.556439250692672e-12,1.2106901460730863,0.8905660377358491,0.03773584905660377,1.070295180571439,-18.002637232250876,-0.6561637196976405,-1.1313030742681944,-2.08561635017395,17,3,0,0.06415094339622641,0.011320754716981131,0.0,0.008104552033432964,0.9990435242932257,-0.0009569334215484,7.083332140522543,34.23611093056324,0.1665512183285584,0.9879579144557797,0.08399948581877636,0.43711858075563825,1.0,0.9233299120340666,1.1075301177366665,15.520832060627049,0.0,-0.003174795784947998,-0.0001630966830608503,0.0009510916937684136,5.5862096123010615e-05,5.5862096123010615e-05
human_eval_AgentChatLogprobs_20260311_161129_929,HumanEval_63,0,1,414,-0.039987147206386735,0.0,0.1798439669995368,-1.5431309938430786,-0.03343345560133449,-1.07288417439122e-06,0.9720930153722473,1.0,0.21371092522460425,0.05902707528087696,-9.904401628052478e-11,1.5244302069661984,0.9323671497584541,0.021739130434782608,1.0407973969522848,-16.55467894344411,-0.39624755220805724,-0.713659194111824,-1.430747777223587,23,2,1,0.05555555555555555,0.004830917874396135,0.0024154589371980675,0.004838904713602526,0.9994741082473119,-0.0005260300822556,7.916664044838399,38.47221438965897,0.08089573937396818,0.7123542278728506,0.03224788269680131,0.4985700758490469,1.0,0.964140068958449,1.0471027541185607,16.05208244199863,0.0,-0.006926019535561673,0.00010427166309768583,0.0005246366140152622,0.00015837792855508836,0.00015837792855508836
human_eval_AgentChatLogprobs_20260311_161129_929,HumanEval_63,1,1,396,-0.061619846470905425,0.0,0.25017198260851886,-1.86578369140625,-0.0531077291816473,-4.1723342292243615e-06,0.9606923506159915,1.0,0.15477486661041073,0.07153884902803344,-9.947750500401015e-11,1.3314051456527696,0.9217171717171717,0.04040404040404041,1.063557952558287,-24.40145920247855,-0.6125394195700303,-1.0629270955135948,-1.8189952770868938,26,8,0,0.06565656565656566,0.020202020202020204,0.0,0.004838904713602526,0.9994741082473119,-0.0005260300822556,7.916664044838399,38.47221438965897,0.2554397278401254,1.2501516855289514,0.15351835617745718,0.42056500554956383,1.0,0.8747360549047359,1.1860975556790974,9.59374997721828,0.0,-0.002796443764367287,-3.36731910339808e-05,0.0005246366140152622,0.00015837792855508836,0.00015837792855508836
human_eval_AgentChatLogprobs_20260311_161129_929,HumanEval_63,2,1,450,-0.059832869435495706,0.0,0.24242716907946246,-2.5810232162475586,-0.07888974100351329,-2.2649790025752736e-06,0.9610028669988253,1.0,0.07569651048387194,0.072916849084664,-9.658788930367461e-11,1.381212502435301,0.9155555555555556,0.04666666666666667,1.0616590960330394,-26.92479124597307,-0.5818017236060566,-1.0208716609261252,-1.7867401540279388,28,6,0,0.06222222222222222,0.013333333333333334,0.0,0.003811523755191545,0.9995997548069744,-0.0004003253125119,8.333332279667957,40.07638809513939,0.0846532618026129,0.7182749694458334,0.033792249487309994,0.4980000121333981,1.0,0.9628626338668471,1.0485631179584638,16.104166798846347,0.0,-0.007665900185467571,0.00028323367251417567,0.00039958350881420107,0.00015839786721713419,0.00015839786721713419
human_eval_AgentChatLogprobs_20260311_161129_929,HumanEval_64,0,0,398,-0.0925321815434906,0.0,0.3627605237720821,-3.392270088195801,-0.18104694187641135,-0.00055396997777275,0.9464009440971287,1.0,0.03363224201983007,0.09374021968977779,-1.833179760416079e-11,1.620161740979016,0.8743718592964824,0.04020100502512563,1.0969484424862905,-36.82780825430926,-0.8782779077688853,-1.4291725754737854,-3.0257081190745034,37,7,1,0.09296482412060302,0.017587939698492462,0.002512562814070352,0.2908679336485568,0.938051465575822,-0.0639504641294479,3.333332136273384,23.663190704047388,0.16456663875556513,0.693147184698255,0.05803970483432545,0.22269889923196196,1.0,0.9019927765827415,1.1589550649812774,12.520832459278973,0.0,-0.02403020299223894,-3.5502962176609336e-05,0.05554987325405965,0.03346408180082032,0.03346408180082032
human_eval_AgentChatLogprobs_20260311_161129_929,HumanEval_64,1,0,262,-0.0628378604534692,0.0,0.2665808716845059,-2.4602599143981934,-0.11524997726082799,-0.00014496928088190001,0.9599603330068452,1.0,0.08541274807900605,0.08426329924519055,-9.133724651255216e-11,1.3789684407084006,0.8969465648854962,0.030534351145038167,1.0648541702611618,-16.46351943880893,-0.5937078191110721,-0.9956982479645655,-2.3920180797576904,19,3,0,0.07251908396946564,0.011450381679389313,0.0,0.2908679336485568,0.938051465575822,-0.0639504641294479,3.333332136273384,23.663190704047388,0.17342116940141264,0.6970025481960176,0.06280613175947748,0.6015313402888622,1.0,0.9304734621023147,1.085051779568117,14.739582261158649,0.41666412353515625,0.001916958750948467,-0.0005669342251177392,0.05554987325405965,0.03346408180082032,0.03346408180082032
human_eval_AgentChatLogprobs_20260311_161129_929,HumanEval_64,2,0,289,-0.09604264636850954,0.0,0.35097471514366446,-2.959680795669556,-0.12407526075839995,-6.890534132253379e-05,0.9442753876085249,1.0,0.051835460635718325,0.09453694338055958,-9.171965359416158e-11,1.941496763598959,0.8927335640138409,0.05536332179930796,1.1008060083716587,-27.756324800499257,-0.9421153712485518,-1.4850983832563673,-2.5801838636398315,24,5,1,0.08304498269896193,0.01730103806228374,0.0034602076124567475,0.29132069449480913,0.9380064014054466,-0.0639985054731369,3.3333320170640945,22.93574999066169,0.15316859615728368,0.6969451961647907,0.05804441381634494,0.39668868994377493,1.0,0.9294016913312972,1.0963206229398905,15.677082020208218,0.41666412353515625,-0.004432330115423914,0.00011781785780090873,0.055597890289054805,0.03346247816901974,0.03346247816901974
human_eval_AgentChatLogprobs_20260311_161129_929,HumanEval_65,0,0,315,-0.06875311798610295,0.0,0.3212480708844743,-2.9790139198303223,-0.041612087935209215,-4.571780846163165e-05,0.9607322481385822,1.0,0.050842944373563424,0.06412620839367836,2.398372106024365e-10,1.1203123399490487,0.9142857142857143,0.025396825396825397,1.0711717234689915,-21.657232165622432,-0.6862161109043706,-1.2002027352650961,-2.842437982559204,20,3,0,0.06349206349206349,0.009523809523809525,0.0,0.011972237468574842,0.998505353972481,-0.0014957641251385,6.666664197575301,21.43922983934833,0.19438929593881515,1.1203123399490487,0.14454744489694282,0.5120005089790354,1.0,0.9094473296665582,1.1276862538036228,15.833332488002544,0.41666412353515625,-0.0019261405160161703,-0.00028314527489007837,0.0014830374830688256,0.0001948735863279074,0.0001948735863279074
human_eval_AgentChatLogprobs_20260311_161129_929,HumanEval_65,1,1,261,-0.07816259222583852,0.0,0.3062213860548884,-2.975736379623413,-0.117377758026123,-0.000838631298393,0.9519561457777624,1.0,0.05100985755089147,0.08617882081501871,1.1816897302316884e-08,1.4192590368173106,0.896551724137931,0.04597701149425287,1.0812984551007399,-20.400436570943853,-0.7478147745132446,-1.2110906885220454,-2.588318347930908,22,5,0,0.0842911877394636,0.019157088122605363,0.0,0.008627846740720521,0.9989796280613659,-0.001020892872475,7.083332077250816,21.217441494013045,0.20382304285449693,1.195466406171458,0.14419163266094343,0.33770493668202783,1.0,0.8886710057602265,1.1796945671794294,13.958333081859223,0.0,-0.002273223059274051,0.0002572819122683944,0.0010149273442605674,0.00015829955769212424,0.00015829955769212424
human_eval_AgentChatLogprobs_20260311_161129_929,HumanEval_65,2,0,388,-0.06509834288036571,0.0,0.24295320923423555,-2.20068359375,-0.0951931208372115,-0.001458493003155975,0.9562505332458059,1.0,0.11072743989907986,0.08176855729693888,1.930939823279402e-08,1.164420796012311,0.8994845360824743,0.03608247422680412,1.0672639770370473,-25.258157037581896,-0.624036072508285,-0.9874941173352694,-1.8798679908116658,29,4,0,0.07474226804123711,0.010309278350515464,0.0,0.008627846740720521,0.9989796280613659,-0.001020892872475,7.083332077250816,21.217441494013045,0.15616087123847291,0.7001395813971595,0.06340911069300079,0.15886943693235508,1.0,0.8825629228580201,1.2096509223246794,13.437499627555109,0.0,-0.02108942216004238,-0.00010949968920656484,0.0010149273442605674,0.00015829955769212424,0.00015829955769212424
human_eval_AgentChatLogprobs_20260311_161129_929,HumanEval_66,0,1,374,-0.022790687406364765,0.0,0.15828898664496846,-2.6204280853271484,-0.004051586310379175,0.0,0.9846967154510696,1.0,0.07277170365995181,0.03169754829092762,-9.972015853605284e-11,0.808412121943311,0.9572192513368984,0.0106951871657754,1.0230523793878359,-8.523717089980423,-0.2297058829634979,-0.4462530252834161,-1.4130934675534566,10,0,0,0.026737967914438502,0.0,0.0,0.06270242855692645,0.989881456012771,-0.0101700844243168,4.791667836718261,23.06249290380454,0.15844363116871368,0.6931472125978938,0.05935504596249973,0.07277170365995181,1.0,0.8734886870121727,1.2714522413142701,14.656249620143672,0.0,-0.004884069137112392,-0.00028209303359931536,0.009752532465811795,0.0015515481428580778,0.0015515481428580778
human_eval_AgentChatLogprobs_20260311_161129_929,HumanEval_66,1,1,296,-0.06039301496098304,0.0,0.2932935987894224,-2.969367027282715,-0.053900295868515954,-1.4454231177296606e-05,0.964599976488431,1.0,0.0513357942072845,0.06354628979222346,-8.192375314603026e-11,1.0930563942263543,0.9087837837837838,0.02702702702702703,1.0622539462110545,-17.87633242845098,-0.5990753045369839,-1.0874500104359217,-2.8826589584350586,17,2,0,0.057432432432432436,0.006756756756756757,0.0,0.06270242855692645,0.989881456012771,-0.0101700844243168,4.791667836718261,23.06249290380454,0.06366699017364841,0.8279768298703243,0.03319379741212529,0.0513357942072845,1.0,0.9104511056190991,1.2596129620283094,16.812499450465832,1.25,-0.010371957622677312,6.339000114765236e-06,0.009752532465811795,0.0015515481428580778,0.0015515481428580778
human_eval_AgentChatLogprobs_20260311_161129_929,HumanEval_66,2,1,254,-0.046045845031320795,0.0,0.2443129415414109,-2.578889846801758,-0.021159238182008204,-2.2947815523366444e-06,0.9723094045479094,1.0,0.07585817148650026,0.045655650897204615,-9.601755916000937e-11,0.792503645537684,0.9409448818897638,0.023622047244094488,1.0471224152164726,-11.695644637955482,-0.46258689850568774,-0.8843891645471255,-2.2830070853233337,11,0,0,0.04330708661417323,0.0,0.0,0.08694472012449582,0.9838402861848198,-0.0162917058914899,4.1666678506881,24.852859479835026,0.1674565653306463,0.7525272260015207,0.06407667680343253,0.3973134194985961,1.0,0.9166028195293585,1.115518242527591,12.37500020804469,0.4166716933250427,-0.006959321620521336,-0.0005955174502211747,0.015046071862319271,0.0006701831286521639,0.0006701831286521639
human_eval_AgentChatLogprobs_20260311_161129_929,HumanEval_67,0,0,259,-0.030691860117945714,0.0,0.1291344582568769,-0.9573676586151124,-0.0107814228162169,-7.152560215217818e-07,0.9763385170246995,1.0,0.38390211850435396,0.04977593896795909,-8.19493802799295e-11,0.848044312725589,0.9305019305019305,0.023166023166023165,1.0311677110298556,-7.94919177054794,-0.31436891794204713,-0.5463046282529831,-0.9401987791061401,12,0,0,0.04633204633204633,0.0,0.0,0.005233643910417847,0.9994316696884877,-0.0005684918724,7.9166678362526,26.083328510096766,0.07210951287842433,0.613335045260423,0.031740442526782174,0.6970598036496322,1.0,0.9743652397808911,1.0297250518621732,15.312499052105636,0.8333357572555542,0.006801581316886066,-0.00047063982960124243,0.0005669820681111239,5.64974327630625e-06,5.64974327630625e-06
human_eval_AgentChatLogprobs_20260311_161129_929,HumanEval_67,1,0,368,-0.07178718551804941,0.0,0.34791810717841054,-3.165503978729248,-0.01018943181261417,-1.4901162970204496e-07,0.9621363668290404,1.0,0.042192872144739366,0.052476800541325766,-9.090920577337494e-11,1.1152496626942883,0.9266304347826086,0.04076086956521739,1.0744266661773374,-26.417684270642184,-0.7304633988274468,-1.331156700849533,-3.0349013805389404,20,2,0,0.05434782608695652,0.005434782608695652,0.0,0.007519195436485937,0.9991427659944389,-0.0008576016407459,7.500000228406861,25.980891664227244,0.08080992325214134,0.7850497417099327,0.04391131234219352,0.6970598036496322,1.0,0.9704078785264583,1.0349880044640858,15.354165856866008,0.8333357572555542,0.006203225923899781,-0.00028603825574960396,0.0008542075749752576,5.648110943597504e-06,5.648110943597504e-06
human_eval_AgentChatLogprobs_20260311_161129_929,HumanEval_67,2,0,339,-0.028033504504924603,0.0,0.175323163058627,-2.200727224349976,-0.008227744884788939,-2.9802326650951727e-07,0.9816295886695283,1.0,0.11072260889983372,0.037531918008878014,-7.838680902475505e-11,0.9993875237630235,0.9557522123893806,0.008849557522123894,1.0284301408869183,-9.50335802716944,-0.2857725503148906,-0.5517120910808444,-1.6160972913106286,10,0,0,0.029498525073746312,0.0,0.0,0.007519195436485937,0.9991427659944389,-0.0008576016407459,7.500000228406861,25.980891664227244,0.08076482046820226,0.7850497417099327,0.03910881912029416,0.1416537548686869,1.0,0.944415338711315,1.1177213094263505,15.374998683744185,1.6666640937328339,0.004770425242783999,-0.0003464359398359074,0.0008542075749752576,5.648110943597504e-06,5.648110943597504e-06
human_eval_AgentChatLogprobs_20260311_161129_929,HumanEval_68,0,1,542,-0.040302476547954734,0.0,0.2303657553942332,-2.8198952674865723,-0.015015305392444065,-5.662442816856128e-07,0.9755531466408378,1.0,0.059612185716051695,0.04502286354638457,-9.813004005959795e-11,0.938209411757762,0.9391143911439115,0.01845018450184502,1.041125642660203,-21.843942288991467,-0.4016940834656082,-0.7342043519020081,-2.1111716270446776,21,0,0,0.03874538745387454,0.0,0.0,0.06897972615845166,0.9883783460170581,-0.0116897132247686,4.583335826173425,24.02820558542165,0.11522375143051852,0.671908837337693,0.03545516561994076,0.6026846865478999,1.0,0.9596907321874732,1.047849184387212,10.61458338214887,0.4166640639305115,-0.0010798675516843052,9.8886954199528e-05,0.01109694047739464,0.0008292196008649568,0.0008292196008649568
human_eval_AgentChatLogprobs_20260311_161129_929,HumanEval_68,1,1,571,-0.04519613277541867,0.0,0.20952959798687046,-2.5817527770996094,-0.0276470314711332,-7.152560215217818e-07,0.9698710919299972,1.0,0.07564130541336381,0.05807634118167433,-9.88587699013291e-11,1.3578818129008805,0.9299474605954466,0.024518388791593695,1.0462330403766957,-25.80699181476406,-0.44647916641674545,-0.799308184002127,-1.7649209022521972,33,4,0,0.05779334500875657,0.0070052539404553416,0.0,0.06897972615845166,0.9883783460170581,-0.0116897132247686,4.583335826173425,24.02820558542165,0.11522375143051852,0.671908837337693,0.03545516561994076,0.6026846865478999,1.0,0.9596907321874732,1.047849184387212,10.61458338214887,0.4166640639305115,-0.0010798675516843052,0.00022730000149347163,0.01109694047739464,0.0008292196008649568,0.0008292196008649568
human_eval_AgentChatLogprobs_20260311_161129_929,HumanEval_68,2,0,654,-0.055938228246192316,0.0,0.2656977704739271,-3.289151191711426,-0.05956162475049491,-6.675742611150781e-06,0.9651451574920547,1.0,0.03728548419640557,0.06517220024994601,-9.638050681847268e-11,1.4561670410811645,0.9174311926605505,0.0290519877675841,1.0575323560905863,-36.583601273009776,-0.5510102611321669,-0.9614984821528196,-2.21165132522583,40,5,0,0.06116207951070336,0.00764525993883792,0.0,0.03629600681398984,0.9946769474792804,-0.0053372704423964,5.416667906101793,25.451814403998245,0.15933728555058163,0.7920391558020696,0.05810464067893245,0.03728548419640557,1.0,0.8652724666280214,1.354564290339884,11.833333410468114,0.8333320617675781,-0.0008592034669763584,0.00018873378820882125,0.005207071876135042,0.00044667946546164114,0.00044667946546164114
human_eval_AgentChatLogprobs_20260311_161129_929,HumanEval_69,0,1,376,-0.04121850357948287,0.0,0.20896045718107523,-1.840412974357605,-0.01550606917589895,-2.136849479938974e-05,0.9738876277498635,1.0,0.1587518521235165,0.04339266443350441,-9.526799290787322e-11,1.357461880737341,0.9468085106382979,0.026595744680851064,1.0420797788326412,-15.49815734588556,-0.4129764071690875,-0.7937102905578084,-1.731011986732483,14,1,0,0.03723404255319149,0.0026595744680851063,0.0,0.0016014460866533296,0.9998475313162156,-0.0001524803083157,9.166664231117466,29.601122614553283,0.050354554779102924,0.6133349858896685,0.01753206678556974,0.3029402075840351,1.0,0.9616933057266245,1.0652243190682242,11.718750340262226,0.8333357572555542,0.003742058999394807,3.9037217934104295e-05,0.00015246508196108238,4.539300281146573e-05,4.539300281146573e-05
human_eval_AgentChatLogprobs_20260311_161129_929,HumanEval_69,1,1,417,-0.06757125293506137,0.0,0.3263459138043142,-3.02798843383789,-0.05270154401659962,-0.0001678607659414,0.9626061989024612,1.0,0.048412926046561874,0.06501755484047804,-7.262357291119383e-11,1.3793949779547385,0.9184652278177458,0.02877697841726619,1.0699064908597342,-28.17721247392059,-0.6694316080794102,-1.2257316187024117,-2.753409445285797,23,4,0,0.05515587529976019,0.009592326139088728,0.0,0.0013773033996993106,0.999872207644116,-0.0001278005220228,9.583332053603954,29.680547543980214,0.04909665207389362,0.5303042546843556,0.013489947775288474,0.2227001469810028,1.0,0.9569583816660578,1.0825385477618878,11.749999385838462,1.25,0.0029725646127632204,0.0002670313125586509,0.0001278248476839286,5.590841063183537e-05,5.590841063183537e-05
human_eval_AgentChatLogprobs_20260311_161129_929,HumanEval_69,2,1,393,-0.07112477668013827,0.0,0.3387321359767317,-2.9693682193756104,-0.0350525081157684,-0.0001498573110438,0.9623984882041016,1.0,0.05133573301028542,0.06112748575774044,-8.192470994297597e-11,1.5756980809665682,0.9211195928753181,0.03307888040712468,1.0737151921273387,-27.95203723529434,-0.6987518646205083,-1.3055255836562107,-2.5210495789845786,18,3,1,0.04580152671755725,0.007633587786259542,0.002544529262086514,0.0013773033996993106,0.999872207644116,-0.0001278005220228,9.583332053603954,29.680547543980214,0.05072967085591081,0.5303042546843556,0.013790010943474481,0.77729988964086,1.0,0.9841060582418603,1.0175560194766209,12.458333187486662,1.25,0.003260579588363904,0.0002877804061936512,0.0001278248476839286,5.590841063183537e-05,5.590841063183537e-05
human_eval_AgentChatLogprobs_20260311_161129_929,HumanEval_7,0,1,219,-0.04920698772744386,0.0,0.17999566417028023,-1.5240980386734009,-0.11735105812549584,-0.00038103581755415,0.9635794572603114,1.0,0.21781743119008912,0.07865679378521867,5.746671816020633e-09,1.1115445473068615,0.8904109589041096,0.0136986301369863,1.0504377559630735,-10.776330312310206,-0.4723414026555561,-0.7224303990602493,-1.359451413154602,19,1,0,0.0867579908675799,0.0045662100456621,0.0,0.6837523708131619,0.8179033353769654,-0.2010111212730407,2.083332121372223,13.021264192049173,0.17929273499599083,1.1115445473068615,0.11894315856139208,0.5609989814381923,1.0,0.9331075335934699,1.085964407402351,15.291666379716478,0.8333320617675781,-0.009750178421430725,-2.9443804223543228e-05,0.13799218535052335,0.035936162414859,0.035936162414859
human_eval_AgentChatLogprobs_20260311_161129_929,HumanEval_7,1,1,105,-0.021757421105477417,0.0,0.22186479366018996,-2.284343242645264,0.0,0.0,0.9914443329374665,1.0,0.10184092492401371,0.006530892324656055,-9.990086438623349e-11,0.6837523708131619,0.9904761904761905,0.009523809523809525,1.0219958397775595,-2.284529216075129,-0.2284529216075129,-0.4569053425358107,-2.284343242645264,1,0,0,0.009523809523809525,0.0,0.0,0.6837523708131619,0.10184092492401371,-2.284343242645264,2.083332121372223,13.021264192049173,0.03418761902679843,0.6837523708131619,0.02220707193490947,0.10184092492401371,1.0,0.9550920462462006,1.1209955362342388,31.36458149254322,2.083332121372223,-0.009767891133110738,-0.0003682116178044141,0.13799218535052335,0.035936162414859,0.035936162414859
human_eval_AgentChatLogprobs_20260311_161129_929,HumanEval_7,2,1,199,-0.08501271446692334,0.0,0.3879722424343437,-3.515108346939087,-0.03514105677604672,-0.0019815515261143004,0.9553217934011246,1.0,0.029744580045302216,0.0784343023551974,4.538917441062784e-10,1.1954606454269217,0.914572864321608,0.04522613065326633,1.0887309092435322,-16.917530178917744,-0.8689390087598249,-1.5401639872127109,-3.515108346939087,15,3,0,0.07537688442211055,0.01507537688442211,0.0,0.6837523708131619,0.8179033353769654,-0.2010111212730407,2.083332121372223,13.021264192049173,0.09833040250514849,0.964087230902503,0.061133421458512305,0.051248809083134575,1.0,0.9406894035908131,1.175139595849611,16.718750200001494,0.8333358764648438,-0.018152692827220266,-9.102052652161451e-05,0.13799218535052335,0.035936162414859,0.035936162414859
human_eval_AgentChatLogprobs_20260311_161129_929,HumanEval_70,0,1,386,-0.0790485909584775,0.0,0.28972842410302135,-1.8409208059310915,-0.11735731735825536,-0.000554625978111275,0.9507761347671736,1.0,0.1586712533876823,0.08259505875305573,4.0603509303296703e-10,1.5559236315853797,0.8963730569948186,0.046632124352331605,1.0822569086931995,-30.512756109972315,-0.7711654970128285,-1.24203423136159,-1.8400897185007732,32,4,1,0.08290155440414508,0.010362694300518135,0.0025906735751295338,0.04237048562060934,0.99310040482681,-0.0069235074333846,5.000000168103725,25.26041575932737,0.1514552854532958,0.7966843123559116,0.07639974938993956,0.39427599625029236,1.0,0.9129444786653632,1.1268284225354763,13.802083429150935,0.0,0.012029403954983005,-2.357444520609082e-06,0.006650917751350406,0.006691456767634466,0.006691456767634466
human_eval_AgentChatLogprobs_20260311_161129_929,HumanEval_70,1,1,455,-0.06545300545106608,0.0,0.25946079515940096,-1.912480115890503,-0.07417852580547321,-2.2828839973954018e-05,0.9584449768160521,1.0,0.14771358511869637,0.07084992273707973,-8.8442085969526e-11,1.3507129740890957,0.9142857142857143,0.03736263736263736,1.0676425627538826,-29.781117480235068,-0.6479609102010727,-1.0950949544256383,-1.8577910959720612,34,6,0,0.07472527472527472,0.013186813186813187,0.0,0.0449442581429907,0.992805540632535,-0.0072204642929136,4.999999803956598,22.943138420539235,0.09260024540564242,0.7966843123422692,0.0476728020697456,0.4868278259708095,1.0,0.950953295136658,1.0670250328390303,10.999998690169491,0.0,-0.016120103765372942,-0.0003486027074289488,0.006946731682633583,0.006689472424607217,0.006689472424607217
human_eval_AgentChatLogprobs_20260311_161129_929,HumanEval_70,2,1,460,-0.043717296577069374,0.0,0.19503061714873512,-2.631666660308838,-0.037246480584144454,-2.992197914863937e-05,0.9693761178534969,1.0,0.07195843197924993,0.06767325047608792,-8.808369331136115e-11,1.5345529628542451,0.9195652173913044,0.017391304347826087,1.044686976554015,-20.109956425451912,-0.4268008739404056,-0.7038216007792432,-1.6291671991348267,30,5,1,0.06521739130434782,0.010869565217391304,0.002173913043478261,0.0449442581429907,0.992805540632535,-0.0072204642929136,4.999999803956598,22.943138420539235,0.15133259159598397,0.7966843131552289,0.07714008384376833,0.3942597576143399,1.0,0.9129842291083872,1.1268414120878714,13.864583619957035,0.0,0.012203307892250069,-7.711633121113061e-05,0.006946731682633583,0.006689472424607217,0.006689472424607217
human_eval_AgentChatLogprobs_20260311_161129_929,HumanEval_71,0,1,393,-0.07114292870895753,0.0,0.317397669634396,-2.578895092010498,-0.054186001420020995,-3.695494797284482e-06,0.9594925584528052,1.0,0.07585777359559967,0.0671339877111736,-8.194226766283386e-11,1.278079536927499,0.9134860050890585,0.04071246819338423,1.0737346824133436,-27.959170982620307,-0.6989880052323525,-1.2710268591579639,-2.5412544409434,22,3,0,0.05597964376590331,0.007633587786259542,0.0,0.03271703367782976,0.9950967428843334,-0.0049153175204992,5.4166678581386805,26.37195799512518,0.16132154813514935,0.7968763927105088,0.049080507393164025,0.07585817148650026,1.0,0.8972890426399903,1.218793404246673,8.374999826253042,0.0,0.0037417187193808854,-0.00029525105837734816,0.004786959299641641,0.00442014324229244,0.00442014324229244
human_eval_AgentChatLogprobs_20260311_161129_929,HumanEval_71,1,1,396,-0.02343398129393855,0.0,0.1321867149750133,-1.5019357204437256,-0.00687007396481925,-1.1920930376163597e-07,0.983094870044464,1.0,0.22269866030209207,0.03505088186624507,-9.784197733095004e-11,0.8847756023114418,0.9595959595959596,0.012626262626262626,1.0237107144589244,-9.279856592399666,-0.23639084035769486,-0.44365024056873825,-1.2311304807662964,10,0,0,0.025252525252525252,0.0,0.0,0.03271703367782976,0.9950967428843334,-0.0049153175204992,5.4166678581386805,26.37195799512518,0.10694174566062634,0.5303870056230897,0.028156364500716617,0.22269866030209207,1.0,0.9399221677904993,1.102271311636142,12.437500391252973,1.25,0.003246285735335792,-0.00013151510929587751,0.004786959299641641,0.00442014324229244,0.00442014324229244
human_eval_AgentChatLogprobs_20260311_161129_929,HumanEval_71,2,1,400,-0.046153991939540534,0.0,0.22409269047254574,-1.8453291654586792,-0.023504312336444757,-8.583106136939023e-06,0.9710746815822198,1.0,0.15797331297248876,0.05068864687865512,-7.660231844623343e-11,1.3649315203191874,0.9375,0.0275,1.0472356643918697,-18.461596775816215,-0.4550496275536716,-0.8301312007009983,-1.672513633966446,14,2,0,0.035,0.005,0.0,0.03281877814039376,0.9950882793206028,-0.0049238228239119,5.416667935904115,24.776041256369847,0.1456901968479118,0.6231939980458523,0.043313228610772046,0.15797331297248876,1.0,0.8980107149931122,1.1956500235661156,10.302083641958593,0.8333320915699005,0.011597001278381274,-0.000256232054755268,0.0047954808593623196,0.004420105304061488,0.004420105304061488
human_eval_AgentChatLogprobs_20260311_161129_929,HumanEval_72,0,1,475,-0.07921166002390755,0.0,0.2810577298461456,-2.651020765304565,-0.16972418129444117,-0.0019286383176222,0.9487017986266085,1.0,0.07057913154882399,0.09378455335071172,4.651616340538164e-07,1.5878567716239307,0.8821052631578947,0.04842105263157895,1.0824334057060656,-37.62553851135608,-0.7441974152275856,-1.16306566932927,-2.0497523844242096,38,7,1,0.08,0.014736842105263158,0.002105263157894737,0.000864674069254691,0.999928116799157,-7.188578456407413e-05,10.624999639789166,25.614576681974235,0.08639741555639043,0.4495242736933212,0.01736454168249897,0.8397354421455978,1.0,0.9770713027373702,1.0244723965193285,11.416666761059627,1.6666679829359055,0.004559073376725737,2.6894257465303604e-05,7.182271744453925e-05,2.4299093190590436e-05,2.4299093190590436e-05
human_eval_AgentChatLogprobs_20260311_161129_929,HumanEval_72,1,1,444,-0.04047292291585522,0.0,0.2218731776993683,-2.4786531925201416,-0.03505993448197838,-2.5033982637978625e-06,0.9743543857390683,1.0,0.08385608757943536,0.07672294880654565,-9.908498058325463e-11,1.555064031347681,0.9301801801801802,0.01126126126126126,1.0413031138687543,-17.969977774639716,-0.39644343753091316,-0.6986374225128781,-2.198044180870056,26,7,1,0.05855855855855856,0.015765765765765764,0.0022522522522522522,0.000864674069254691,0.999928116799157,-7.188578456407413e-05,10.624999639789166,25.614576681974235,0.08639741555639043,0.4495242736933212,0.01736454168249897,0.8397354421455978,1.0,0.9770713027373702,1.0244723965193285,11.416666761059627,1.6666679829359055,0.004559073376725737,0.00014750720847774105,7.182271744453925e-05,2.4299093190590436e-05,2.4299093190590436e-05
human_eval_AgentChatLogprobs_20260311_161129_929,HumanEval_72,2,1,388,-0.05296675386201643,0.0,0.2287658390485068,-2.200723886489868,-0.052700858935713725,-4.541977250482887e-05,0.9652859347956415,1.0,0.1107229784770298,0.06374923101496438,2.7337888857522346e-09,1.1252765679982129,0.9149484536082474,0.028350515463917526,1.0543945899886074,-20.551100498462375,-0.522959147432917,-0.899789632935273,-1.804397463798523,22,2,0,0.05670103092783505,0.005154639175257732,0.0,0.0004179405726451621,0.9999675750714346,-3.242545426473953e-05,11.458332061240071,27.793390675323195,0.08946970642924452,0.47016246196069905,0.02076042979392398,0.836388113000706,1.0,0.9749705848633266,1.027032869874929,11.499999821875212,1.666664019227028,0.005317751482314255,1.8251221501256825e-05,3.248810735618571e-05,6.962105533201465e-06,6.962105533201465e-06
human_eval_AgentChatLogprobs_20260311_161129_929,HumanEval_73,0,0,467,-0.02933948393471447,0.0,0.15443725877001305,-1.9404414892196653,-0.01555239800363774,-7.748606947188819e-07,0.9789716409579584,1.0,0.14364052003585662,0.0472324592892011,-9.990837249881496e-11,1.4076660376470895,0.9379014989293362,0.01284796573875803,1.029774126913922,-13.701538997511657,-0.2936670037958285,-0.5231198888757954,-1.3613227009773254,19,3,0,0.04068522483940043,0.006423982869379015,0.0,5.2529246160220515e-05,0.9999964237213419,-3.57628505298635e-06,13.125000238412213,39.35285928744126,0.04886589167774711,0.6133352011595502,0.022487397257128238,0.6970598036496322,1.0,0.9792107429647341,1.0243084964207845,19.979165653349213,0.8333357572555542,-0.002547213871382837,-0.00019736223064662674,3.6032509845649442e-06,8.669054880205558e-07,8.669054880205558e-07
human_eval_AgentChatLogprobs_20260311_161129_929,HumanEval_73,1,0,365,-0.08578222226349895,0.0,0.33288780675154794,-3.096527099609375,-0.10173167288303372,-6.890534132253379e-05,0.9494374905211581,1.0,0.04520592577096654,0.07901159938816602,1.1960848902655848e-10,1.3002626891321174,0.8986301369863013,0.043835616438356165,1.08956901859105,-31.31051112617712,-0.8382942891783185,-1.3386695749229856,-2.625765323638916,28,2,0,0.07671232876712329,0.005479452054794521,0.0,3.760359108814185e-05,0.9999974966048697,-2.5033982637978625e-06,13.541668295857107,40.43619850525364,0.04501592698021929,0.5303044162250806,0.018111137590789216,0.2227001469810028,1.0,0.9554429127700581,1.0845009898549105,19.937499466051495,1.25,-0.002730986875042105,-0.00020465114633770717,2.5131745546980447e-06,7.038709556276999e-07,7.038709556276999e-07
human_eval_AgentChatLogprobs_20260311_161129_929,HumanEval_73,2,0,555,-0.0490026203446673,0.0,0.2515226648142927,-2.578889846801758,-0.006147629488259496,-3.576279254957626e-07,0.9709246841154446,1.0,0.07585817148650026,0.04370460508898163,-9.969729722112747e-11,1.0107002600169956,0.9369369369369369,0.02702702702702703,1.0502231026829292,-27.19645429129035,-0.4934457032687285,-0.9391073573518682,-2.1564034461975097,27,1,0,0.04864864864864865,0.0018018018018018018,0.0,3.760359108814185e-05,0.9999974966048697,-2.5033982637978625e-06,13.541668295857107,40.43619850525364,0.04501592698021929,0.5303044162250806,0.018111137590789216,0.2227001469810028,1.0,0.9554429127700581,1.0845009898549105,19.937499466051495,1.25,-0.002730986875042105,3.480736622430755e-05,2.5131745546980447e-06,7.038709556276999e-07,7.038709556276999e-07
human_eval_AgentChatLogprobs_20260311_161129_929,HumanEval_74,0,1,383,-0.048298548829715654,0.0,0.23461077932311913,-3.002715826034546,-0.02324608117341988,-1.1920930376163597e-07,0.9692495248389542,1.0,0.04965203879281937,0.07540207179568723,-9.916679226478314e-11,1.18905676540261,0.9295039164490861,0.02610966057441253,1.0494839307574697,-18.498344201781094,-0.4821179167024399,-0.8629606272044935,-2.0072367191314697,30,4,0,0.0783289817232376,0.010443864229765013,0.0,0.00013272254661430855,0.9999901056288042,-9.89442014542874e-06,11.875003457020284,35.26953499848793,0.10697110760181412,0.9452116791663847,0.06058384564917032,0.30001490981020984,1.0,0.9316222777622242,1.1116522841244598,12.90625046172022,0.0,0.015146276063878137,3.326127109693836e-05,9.878634028832888e-06,1.314995288835472e-06,1.314995288835472e-06
human_eval_AgentChatLogprobs_20260311_161129_929,HumanEval_74,1,1,349,-0.05960575160030223,0.0,0.26182331071170584,-2.668212652206421,-0.041403312236070536,-8.583106136939023e-06,0.9630040271557788,1.0,0.06937611380438591,0.09770784465260175,-5.820142272497512e-11,1.9348606854258106,0.9226361031518625,0.034383954154727794,1.061418001696883,-20.80240730850548,-0.5993577599087182,-1.038245967205833,-2.0962212085723877,30,8,4,0.08595988538681948,0.022922636103151862,0.011461318051575931,0.00013272254661430855,0.9999901056288042,-9.89442014542874e-06,11.875003457020284,35.26953499848793,0.09027114605348834,0.693757922662977,0.042958445752127525,0.4999706744224665,1.0,0.9541493203174316,1.0604850878575571,13.343750062006801,0.0,0.010770660033157487,0.0002476677064787109,9.878634028832888e-06,1.314995288835472e-06,1.314995288835472e-06
human_eval_AgentChatLogprobs_20260311_161129_929,HumanEval_74,2,1,337,-0.026892975814138742,0.0,0.13056302956320281,-1.2104860544204712,-0.0038591863587498186,0.0,0.9798807577745854,1.0,0.29805237454273126,0.06837113113260554,-9.9720174649348e-11,1.1495250269885071,0.9436201780415431,0.01483679525222552,1.0272578554444347,-9.062932849364756,-0.27388307033106685,-0.5084840003401041,-1.1092809836069744,24,5,0,0.0712166172106825,0.01483679525222552,0.0,0.00021757652994883973,0.9999829530713756,-1.7047073924914002e-05,11.250003933761036,34.42882251133404,0.08175193712114928,0.6937325647142387,0.03816426981513784,0.4999717472442976,1.0,0.9596265161387827,1.0530907843197974,13.937499662538949,0.0,0.011045210595977874,0.00014201940262320537,1.7068262997852462e-05,2.456715889083019e-06,2.456715889083019e-06
human_eval_AgentChatLogprobs_20260311_161129_929,HumanEval_75,0,0,419,-0.09107144392950019,0.0,0.3381486738129943,-2.969515085220337,-0.13495144546031942,-0.0023037848295642998,0.9457368673722644,1.0,0.05132819409811011,0.09117565836412614,4.8297983943221706e-09,1.22983728160858,0.8854415274463007,0.050119331742243436,1.0953472583753827,-38.15893500646058,-0.8693201283856136,-1.404320764541626,-2.5030876994132996,34,4,0,0.081145584725537,0.00954653937947494,0.0,0.00253844383575649,0.9997524619065252,-0.0002475687360856,8.958332448353758,24.012148404173942,0.055075782598977926,0.34803352549294836,0.008816255449261656,0.8892725702291933,1.0,0.9858729870164551,1.0147423983844517,14.177083232467657,2.0833321064710617,-0.004997596954664639,0.0001125349673061077,0.00024738070280577387,0.00010443851020284332,0.00010443851020284332
human_eval_AgentChatLogprobs_20260311_161129_929,HumanEval_75,1,0,449,-0.05566826866244101,0.0,0.26173705796066243,-2.9914333820343018,-0.053833270817995,-0.0001584417041158,0.9656142144816111,1.0,0.05021540725045011,0.06298642300103664,5.997925438652014e-11,0.9311168020559447,0.9086859688195991,0.024498886414253896,1.0572469036279801,-24.995052629436014,-0.5470571140335365,-0.9455567625435916,-2.2186179757118225,27,0,0,0.060133630289532294,0.0,0.0,0.00253844383575649,0.9997524619065252,-0.0002475687360856,8.958332448353758,24.012148404173942,0.055075782598977926,0.34803352549294836,0.008816255449261656,0.8892725702291933,1.0,0.9858729870164551,1.0147423983844517,14.177083232467657,2.0833321064710617,-0.004997596954664639,-0.0001632355567227875,0.00024738070280577387,0.00010443851020284332,0.00010443851020284332
human_eval_AgentChatLogprobs_20260311_161129_929,HumanEval_75,2,0,426,-0.05484038707868325,0.0,0.2874152309226686,-3.388119697570801,-0.0527004636824131,-0.0001585609279572,0.9680130419075956,1.0,0.033772119033138856,0.059462331983948395,-3.174137480733054e-13,1.0559972266807227,0.92018779342723,0.02112676056338028,1.0563719905991449,-23.362004895519064,-0.542096487645592,-0.9514640328429994,-2.6212530732154846,22,2,0,0.051643192488262914,0.004694835680751174,0.0,0.0024851033313329973,0.9997571110780997,-0.0002429184241918,8.750000268526492,23.51561614074541,0.05258607095709574,0.348033525492954,0.008162804230264938,0.8892725702291933,1.0,0.9866970420486176,1.0138681856497258,14.177082100112553,2.0833321064710617,-0.005626033174950361,-0.00024961737062091817,0.00024278089423671075,0.00015842279407460817,0.00015842279407460817
human_eval_AgentChatLogprobs_20260311_161129_929,HumanEval_76,0,0,502,-0.0913330673401731,0.0,0.3539104448936617,-3.845449686050415,-0.17417498528957362,-0.003056664892937975,0.9458933498000188,1.0,0.021376786556735174,0.1000205475462579,3.3140546228010737e-07,1.1150273684875451,0.8764940239043825,0.037848605577689244,1.0956338643507717,-45.8491998047669,-0.8373076361417771,-1.3542207622528075,-2.7333187103271483,45,3,0,0.08964143426294821,0.00597609561752988,0.0,0.004031843782118485,0.9995662570009896,-0.0004338370927143,7.916664208256407,24.40277490745316,0.09311580114073191,0.6133363127394363,0.03517605405021163,0.2227001469810028,1.0,0.9353725446108478,1.1101517463911474,14.624999240072563,0.8333282172679901,-0.00674758261922413,-0.0003327767540379703,0.0004326244166853428,0.0003644584352152123,0.0003644584352152123
human_eval_AgentChatLogprobs_20260311_161129_929,HumanEval_76,1,0,384,-0.11058016272295275,-8.583106136939023e-06,0.32920506601444866,-2.613935947418213,-0.2605641484260559,-0.025370910763740526,0.9282315774956257,0.9999914169306978,0.07324568450571706,0.14043461609251298,0.00010861839177820376,1.3050086934151466,0.8203125,0.052083333333333336,1.1169258812834766,-42.46278248561386,-0.9163692585731807,-1.3729537819561206,-2.113381028175354,46,7,0,0.11979166666666667,0.018229166666666668,0.0,0.0020678606654994853,0.9997968077631324,-0.000203212883207,8.749999919746188,25.763889535965575,0.0659089723592279,0.5303042546909307,0.021829685195090202,0.77729988964086,1.0,0.9771299186997284,1.0254328647779016,18.624999830910937,1.25,-0.012956131466424653,-0.00024715197612880694,0.00020305038553575938,0.00015842913971918593,0.00015842913971918593
human_eval_AgentChatLogprobs_20260311_161129_929,HumanEval_76,2,0,432,-0.12462613145411729,-1.07288417439122e-06,0.35950043696650186,-2.9701170921325684,-0.38114035129547114,-0.014783265534788325,0.9216139682704295,0.9999989271164011,0.051297303469589564,0.13975617577081798,1.6492109833360076e-05,1.426161229603984,0.8263888888888888,0.06481481481481481,1.1327248836869768,-53.838488788178665,-1.0379440479500348,-1.4998886982599895,-2.283891499042511,61,7,0,0.1412037037037037,0.016203703703703703,0.0,0.003241870356000231,0.9996663332020715,-0.0003337224770803,8.33333212530124,25.20181679317515,0.07921050202700566,0.6133356571982718,0.030071705766083007,0.051297303469589564,1.0,0.9055658744337318,1.2476877313058095,19.35416650141035,0.8333319425582886,0.0021162520482321473,-0.00017373396422489337,0.00033316670283527053,0.0002402895633833265,0.0002402895633833265
human_eval_AgentChatLogprobs_20260311_161129_929,HumanEval_77,0,0,283,-0.09669909512047532,-3.695494797284482e-06,0.3177633553628709,-2.5824782848358154,-0.2110442042350769,-0.015397012233734051,0.9381125954153318,0.999996304512031,0.07558644696363082,0.12202290119398984,5.06922511102972e-05,1.3767112852071037,0.8515901060070671,0.04240282685512368,1.1015288683363134,-27.365843919094516,-0.8453191508139882,-1.3118047075612205,-2.3925232887268066,29,5,0,0.10247349823321555,0.0176678445229682,0.0,0.017887396783886414,0.997678101178428,-0.0023245986085385,6.249999982537702,27.849391434739033,0.1202834415080805,0.5303042978565788,0.032702234401265316,0.77729988964086,1.0,0.9609959874720161,1.0431047236284825,13.94791644959167,1.25,-0.014561916563912404,0.00016157492358167896,0.002297048834254267,0.00019471122465594145,0.00019471122465594145
human_eval_AgentChatLogprobs_20260311_161129_929,HumanEval_77,1,0,407,-0.11178548037832495,0.0,0.4117897323921688,-2.775520801544189,-0.17301484942436215,-0.0068689256440847505,0.93866396147331,1.0,0.062317013440123074,0.10536994294258986,6.417514409613788e-08,1.497904462083445,0.8648648648648649,0.051597051597051594,1.1182729434237368,-45.49669051397825,-1.0430232517421245,-1.7036667704582213,-2.649380683898926,31,7,0,0.07616707616707617,0.0171990171990172,0.0,0.009494188082816126,0.9988956451416403,-0.0011049651075154,7.083331928355619,27.91839334898554,0.08372934100384963,0.7226332231700701,0.03213213893751975,0.07343701555776164,1.0,0.9220414606019617,1.1878790651404323,13.812498966871038,0.0,-0.009137108779764315,0.00030357462441520095,0.001098982103046277,0.00015828627322199328,0.00015828627322199328
human_eval_AgentChatLogprobs_20260311_161129_929,HumanEval_77,2,0,341,-0.05554646882934344,0.0,0.23390025112015375,-2.5789737701416016,-0.085573486983776,-0.002924004336819,0.962800798831053,1.0,0.07585180548252657,0.07390990059756718,2.1084389222097952e-07,1.2879277794805901,0.906158357771261,0.026392961876832845,1.0571181389734912,-18.941345870806114,-0.5156421128879575,-0.8707327351850622,-1.963081161181132,19,1,0,0.05571847507331378,0.002932551319648094,0.0,0.009494188082816126,0.9988956451416403,-0.0011049651075154,7.083331928355619,27.91839334898554,0.11375301282737604,0.5303042978561624,0.029795088798965065,0.77729988964086,1.0,0.9635021422028697,1.040210366245169,13.958332643008697,1.25,-0.013906846240823206,2.2191542426931494e-05,0.001098982103046277,0.00015828627322199328,0.00015828627322199328
human_eval_AgentChatLogprobs_20260311_161129_929,HumanEval_78,0,1,308,-0.08625935641278006,0.0,0.34956210207937505,-2.7762577533721924,-0.17301240861415862,-0.0006447392515838,0.9506692155901789,1.0,0.06227110572111908,0.08369227471065525,-6.641978427641659e-11,1.5711526728322402,0.8928571428571429,0.04220779220779221,1.0900890132215513,-26.567881775136257,-0.8405784914890925,-1.3990031758944192,-2.64115047454834,23,3,1,0.07467532467532467,0.00974025974025974,0.003246753246753247,0.0002477372155381479,0.9999802112572834,-1.978893851628527e-05,11.041664361757284,37.12672319286544,0.1265628480436946,0.6821803821163672,0.053131439529608984,0.396788931593516,1.0,0.9385407256212466,1.0851425728053676,11.1562506077742,0.4166678786277771,0.00941695481599455,-0.00039567064740030566,1.9832527657604363e-05,1.6019815220430387e-05,1.6019815220430387e-05
human_eval_AgentChatLogprobs_20260311_161129_929,HumanEval_78,1,1,398,-0.07770926729597463,0.0,0.3225208926582561,-2.9693994522094727,-0.11371594741940491,-0.0015965625061653,0.9546675517124643,1.0,0.05133412967490359,0.07923428021925484,5.213062918881341e-09,1.5325758794225293,0.8969849246231156,0.035175879396984924,1.0808083866429368,-30.928288383797906,-0.7478887538115183,-1.3113739349340137,-2.4693752924601235,27,2,1,0.0678391959798995,0.005025125628140704,0.002512562814070352,0.00034464087687253347,0.9999713897705156,-2.8610638764803294e-05,10.624999999590727,37.276032351214184,0.1089664002589539,0.6507944773515183,0.048341564521715445,0.12344409870565748,1.0,0.9229389259444749,1.1544924578537232,12.906249963076174,0.8333282172679901,0.005152161613960031,-0.00038425022045290267,2.865584933748843e-05,2.4300136016915854e-05,2.4300136016915854e-05
human_eval_AgentChatLogprobs_20260311_161129_929,HumanEval_78,2,0,295,-0.059045136508907324,0.0,0.26760056600791604,-2.937635898590088,-0.0616482585668563,-0.00057809372083275,0.9631825286083274,1.0,0.052990856531314606,0.06980104321215379,2.117988594257573e-10,1.58874767085471,0.9152542372881356,0.030508474576271188,1.0608231215118387,-17.41831527012766,-0.573033828416775,-1.0277130923100881,-2.569164514541626,16,2,1,0.05423728813559322,0.006779661016949152,0.003389830508474576,0.00034464087687253347,0.9999713897705156,-2.8610638764803294e-05,10.624999999590727,37.276032351214184,0.09377772965289907,0.7244921211170733,0.038863422646177745,0.2608232035391651,1.0,0.9451451840342265,1.0907131555853187,12.572916018440605,1.0416679084300995,0.0022781667482400076,-0.000443804410911373,2.865584933748843e-05,2.4300136016915854e-05,2.4300136016915854e-05
human_eval_AgentChatLogprobs_20260311_161129_929,HumanEval_79,0,1,200,-0.09951349300455632,-4.649173661164241e-06,0.3708324307348365,-2.969376564025879,-0.25319188535213466,-0.00729760073591015,0.9417479092451887,0.9999953508376009,0.051335304633334494,0.10166839188034245,6.216001506359207e-05,0.9387986952811757,0.87,0.04,1.1046333754625663,-19.902698600911265,-0.8848377510905265,-1.455431842803955,-2.8916306495666504,23,0,0,0.115,0.0,0.0,0.22451163684294997,0.9534459123530286,-0.0476725809276104,3.3333319909870625,21.293835077678754,0.10506564512856922,0.6192741588340519,0.04354383733716541,0.21870156666180146,1.0,0.9347211857679923,1.111174354983927,13.552083149409919,1.2499998807907104,-0.011025555763382081,-0.0002063639232892022,0.04155021657523577,0.009744962342365583,0.009744962342365583
human_eval_AgentChatLogprobs_20260311_161129_929,HumanEval_79,1,1,189,-0.04589978521757824,0.0,0.3182823832710237,-2.99575424194336,-1.6689314179529902e-06,0.0,0.979300639860953,1.0,0.04999890159259673,0.02140746169603449,-9.999062469692918e-11,0.6931841599004509,0.9629629629629629,0.021164021164021163,1.0469694838803736,-8.675059406122287,-0.48194739377922563,-0.9624181061776148,-2.99575424194336,5,0,0,0.026455026455026454,0.0,0.0,0.3340195095599926,0.04999890159259673,-2.99575424194336,2.916667841374874,20.906681632427485,0.018121690779327553,0.3340195095599926,0.005290344790418538,0.04999890159259673,1.0,0.9522787284026037,1.1618451862597656,30.55208300899242,2.916667841374874,-0.004707716012514707,0.00041080569564369427,0.06497105669611497,0.02172946068988477,0.02172946068988477
human_eval_AgentChatLogprobs_20260311_161129_929,HumanEval_79,2,1,255,-0.05590951942541388,0.0,0.22965860010353426,-2.204348087310791,-0.08869244009256357,-0.0008780049101915,0.9622604575040635,1.0,0.11032242245370882,0.0741606879644913,1.41886650535822e-07,1.098152103438118,0.9058823529411765,0.027450980392156862,1.057501996019511,-14.25692745348054,-0.5236143907904625,-0.9045272916555405,-2.0248429775238037,14,1,0,0.054901960784313725,0.00392156862745098,0.0,0.3340195095599926,0.9239600903192183,-0.0790864005684852,2.916667841374874,20.906681632427485,0.09848595937411572,0.6107812416624604,0.029747487053112594,0.7633433819862626,1.0,0.9697323733355209,1.0333848789297837,12.385416995624752,1.2499998807907104,-0.011312240948421063,-0.00023938718074172498,0.06497105669611497,0.02172946068988477,0.02172946068988477
human_eval_AgentChatLogprobs_20260311_161129_929,HumanEval_8,0,1,255,-0.04880688871948681,0.0,0.22126920379272338,-2.578889846801758,-0.030329681932926116,-6.568647586391307e-05,0.96759580672262,1.0,0.07585817148650026,0.05987649418350826,-9.965997126601815e-11,1.2915033978177428,0.9254901960784314,0.027450980392156862,1.0500175609244065,-12.445756623469137,-0.4911743879318237,-0.8644208138187727,-1.800771415233612,13,2,0,0.050980392156862744,0.00784313725490196,0.0,0.036574948619966054,0.994694650010602,-0.0053194733336567,5.4166642455384135,26.9639730320725,0.16268847539994707,1.0813408300840857,0.09742782918255365,0.3760467650948149,1.0,0.93132251764335,1.0970706148081548,14.302082088569657,0.0,0.007525595026321723,2.0539642611487062e-07,0.005190604938490057,0.00023909450707426113,0.00023909450707426113
human_eval_AgentChatLogprobs_20260311_161129_929,HumanEval_8,1,1,250,-0.04973964921635644,0.0,0.1980753018653718,-1.5440788269042969,-0.052749318629503196,-3.710458804562222e-05,0.9653337269484671,1.0,0.21350845891142328,0.06585758929405426,-9.912662226313282e-11,1.0813402843291935,0.916,0.032,1.0509974327480764,-12.434912304089108,-0.48348149970173837,-0.8416812792420387,-1.533754050731659,15,1,0,0.06,0.004,0.0,0.036574948619966054,0.994694650010602,-0.0053194733336567,5.4166642455384135,26.9639730320725,0.1645237758461164,1.0813402843291935,0.0998141149377231,0.37604752717613815,1.0,0.9275584741683052,1.104248836298175,14.354165830969574,0.0,0.007450910168247943,-2.0657581701632706e-05,0.005190604938490057,0.00023909450707426113,0.00023909450707426113
human_eval_AgentChatLogprobs_20260311_161129_929,HumanEval_8,2,1,251,-0.05531048273210215,0.0,0.23580186080873103,-2.1663076877593994,-0.0545301772654056,-1.4066795756662032e-05,0.9641172779148344,1.0,0.11459997558356708,0.06705659000295823,-9.912027242176894e-11,1.0813408300840857,0.9163346613545816,0.035856573705179286,1.0568687032223942,-13.88293116575764,-0.5433543992042541,-0.9731980785727501,-1.8551931381225586,15,2,0,0.05976095617529881,0.00796812749003984,0.0,0.036574948619966054,0.994694650010602,-0.0053194733336567,5.4166642455384135,26.9639730320725,0.16268847539994707,1.0813408300840857,0.09742782918255365,0.3760467650948149,1.0,0.93132251764335,1.0970706148081548,14.302082088569657,0.0,0.007525595026321723,-3.42666555860877e-05,0.005190604938490057,0.00023909450707426113,0.00023909450707426113
human_eval_AgentChatLogprobs_20260311_161129_929,HumanEval_80,0,0,362,-0.061790858586292546,0.0,0.25619554940032097,-2.305701732635498,-0.0528387609869241,-0.0001044327873387,0.9606982367160125,1.0,0.09968882120382537,0.07123141109645037,-6.29522367718278e-11,1.4311815163891135,0.9116022099447514,0.03591160220994475,1.0637398494064298,-22.3682908082379,-0.6008252067905333,-1.0333511547909842,-2.017127593358358,25,3,0,0.06906077348066299,0.008287292817679558,0.0,0.003050022982770033,0.9996855259041045,-0.0003145235532429,8.33333225073875,27.60242116432888,0.08815256497483391,0.6719073082444269,0.029784059513953548,0.6026865904596598,1.0,0.965717149026125,1.041172066078619,14.61458360387464,0.4166718125343323,-0.006265927001915349,0.0001652560108900472,0.00031401318474016834,6.884542565452588e-05,6.884542565452588e-05
human_eval_AgentChatLogprobs_20260311_161129_929,HumanEval_80,1,1,307,-0.043365279510588425,0.0,0.20166864697546785,-2.3646206855773926,-0.05367176979780192,-1.0788501640490722e-05,0.9704063263393484,1.0,0.09398494345264342,0.058328937110806785,-8.979436143857296e-11,0.8227292925110026,0.9283387622149837,0.02280130293159609,1.044319293628267,-13.313140809750648,-0.4251734065512816,-0.7332806587219238,-1.693023443222046,17,0,0,0.05537459283387622,0.0,0.0,0.0038290815109921165,0.9995846152338532,-0.000415471062297,7.91666779233492,27.70008665488998,0.07870467129539402,0.6719080813477476,0.026612809308324582,0.6026846865478999,1.0,0.9689882403501133,1.037514147323781,14.791666740117572,0.4166640639305115,-0.006527996615516203,-7.396076004068148e-05,0.00041425354596335407,4.538105630488373e-05,4.538105630488373e-05
human_eval_AgentChatLogprobs_20260311_161129_929,HumanEval_80,2,1,416,-0.054296968826939254,0.0,0.2063986304014299,-2.20072078704834,-0.088414542376995,-9.208961046169861e-06,0.9617801668751517,1.0,0.11072332165695926,0.07275236910832429,-9.005152817030222e-11,1.1804791433136712,0.9014423076923077,0.03365384615384615,1.055798094725691,-22.58753903200673,-0.5294289429013322,-0.8522509008646011,-1.4974868297576904,30,4,0,0.07211538461538461,0.009615384615384616,0.0,0.0038290815109921165,0.9995846152338532,-0.000415471062297,7.91666779233492,27.70008665488998,0.10021511666843239,0.6719073082444269,0.0314902274044561,0.11072332165695926,1.0,0.9120810465140897,1.1853980438521015,12.739583872031185,0.4166718125343323,-0.008874868583096107,-4.422765848145466e-05,0.00041425354596335407,4.538105630488373e-05,4.538105630488373e-05
human_eval_AgentChatLogprobs_20260311_161129_929,HumanEval_81,0,0,659,-0.028878972596820977,0.0,0.1842226271116583,-2.794222831726074,-0.0003129021497442802,0.0,0.9815282184016997,1.0,0.06116238933516932,0.03456882803860683,-9.98941047347527e-11,1.1890172841727003,0.952959028831563,0.018209408194233688,1.0293000134287051,-19.031242941305024,-0.29274904660146256,-0.5822678764816374,-1.5210374891757965,26,4,0,0.03945371775417299,0.006069802731411229,0.0,0.5005029049992457,0.8716815140906068,-0.1373311579227447,2.499999850988388,13.62673229782223,0.2406340592861961,1.0862700314412317,0.1276763575896422,0.07562734815877133,1.0,0.8407686261382417,1.3272107428762387,12.000000360495951,0.0,-0.0014427142681082126,1.5495745888297497e-05,0.10198227880833118,0.047169916723439086,0.047169916723439086
human_eval_AgentChatLogprobs_20260311_161129_929,HumanEval_81,1,0,404,-0.0412373280007593,0.0,0.17949277351095907,-1.8396756649017332,-0.05270983688533301,-5.9604651880818e-08,0.9708003923470954,1.0,0.1588689445265878,0.06666739745920061,-9.651453747644521e-11,1.62599016424028,0.9306930693069307,0.024752475247524754,1.0420993955660378,-16.659880512306756,-0.4017987111583352,-0.6964892223477364,-1.410129964351654,20,6,1,0.04950495049504951,0.01485148514851485,0.0024752475247524753,0.4646973875564676,0.8840318352825857,-0.1232622042298317,2.499999962747097,13.647568184842019,0.15848783157647992,0.7174809750302571,0.04692888079842802,0.5979008583365555,1.0,0.9394433560607384,1.0750608155708756,9.739583232112432,0.416664183139801,-0.012036832202444813,-0.00034609930873184667,0.09351065732297177,0.031536987086800396,0.031536987086800396
human_eval_AgentChatLogprobs_20260311_161129_929,HumanEval_81,2,0,573,-0.046510252828114676,0.0,0.23982078872491605,-2.289318323135376,-0.007236856129020378,0.0,0.971909597830138,1.0,0.10133551639185795,0.047073308274005264,-9.998043874531453e-11,1.1706926092527927,0.9319371727748691,0.02268760907504363,1.047608819966634,-26.650374870509708,-0.46703830637495247,-0.8645368622882026,-2.059538722038269,28,1,0,0.04886561954624782,0.0017452006980802793,0.0,0.4646973875564676,0.8840318352825857,-0.1232622042298317,2.499999962747097,13.647568184842019,0.23321259442334918,1.1706926092527927,0.13442378822417592,0.14378617599930765,1.0,0.8569527305958827,1.2635858593874143,12.489582802838772,0.0,-0.004520125150878391,-0.00017172128404570114,0.09351065732297177,0.031536987086800396,0.031536987086800396
human_eval_AgentChatLogprobs_20260311_161129_929,HumanEval_82,0,1,415,-0.058950749069157864,0.0,0.25125008878067273,-2.200744867324829,-0.05270101800560948,-6.318112582448521e-06,0.9626715200070893,1.0,0.1107206554408617,0.06421454212018299,-9.193230646934148e-11,1.0632189927156104,0.9132530120481928,0.033734939759036145,1.060722997858654,-24.464560863700513,-0.5829043989864792,-1.0209527567029,-1.9534865617752075,23,3,0,0.05542168674698795,0.007228915662650603,0.0,0.043660043717565156,0.9935407042727925,-0.0064802472479641,5.416664093267173,18.70876399109854,0.09522514345983506,0.6719089836892568,0.029200673956730865,0.3973152666774582,1.0,0.9533321085082076,1.0654217937780885,15.927082221666158,0.4166640639305115,-0.010601360799974549,-0.0001512014809504448,0.00632642172854402,0.001917984820127536,0.001917984820127536
human_eval_AgentChatLogprobs_20260311_161129_929,HumanEval_82,1,1,348,-0.06738963999206321,0.0,0.2649551894239863,-2.969364643096924,-0.11739167049527165,-0.0001073537259799,0.9561513769000303,1.0,0.051335916601501524,0.07712596463178724,-6.291747009533412e-11,1.0703533097410334,0.896551724137931,0.03735632183908046,1.0697121996366308,-23.451594717237995,-0.6531651497763746,-1.0464624587227316,-2.1037227710088096,25,2,0,0.07183908045977011,0.005747126436781609,0.0,0.035145801278797406,0.9950483442260942,-0.0049639558419585,5.833331980742514,19.48132867141819,0.12349561202600363,0.6931481000511779,0.0373470275447607,0.051335916601501524,1.0,0.9033702484451049,1.232276674055569,15.072916272434611,0.0,-0.008216375775749053,-4.478976903109624e-05,0.004878198260633445,0.001920895347498459,0.001920895347498459
human_eval_AgentChatLogprobs_20260311_161129_929,HumanEval_82,2,1,361,-0.060604478206210025,0.0,0.29550080334489554,-3.2227563858032227,-0.0527289882302284,-2.4318991563632156e-05,0.964202741231464,1.0,0.03984507834846412,0.06654644382784704,-6.58249009131883e-11,1.3528268419904268,0.9113573407202216,0.027700831024930747,1.0624785976296973,-21.87821663244182,-0.5936303078714344,-1.0230730258756213,-2.7560502688090005,24,2,0,0.0664819944598338,0.00554016620498615,0.0,0.035145801278797406,0.9950483442260942,-0.0049639558419585,5.833331980742514,19.48132867141819,0.10869355906538052,0.6931481000511779,0.03503810602870553,0.49999999904767284,1.0,0.9532302290617849,1.0592794710449749,15.729167189416392,0.0,-0.010438931530173194,-0.00012153406803844102,0.004878198260633445,0.001920895347498459,0.001920895347498459
human_eval_AgentChatLogprobs_20260311_161129_929,HumanEval_83,0,0,422,-0.044371015317098875,0.0,0.20634342340962855,-1.6111807823181152,-0.0350522622466087,-3.0547847018169705e-05,0.9705970127073106,1.0,0.19965172960634603,0.05545133455285405,-7.876257129727452e-11,1.1973540095289579,0.9218009478672986,0.02132701421800948,1.0453701312792476,-18.724568463815725,-0.43568100389980136,-0.7574034198409035,-1.567550003528595,23,1,0,0.054502369668246446,0.002369668246445498,0.0,0.02074116691448448,0.9970165490665636,-0.0029879102949053,5.833332013105974,24.792102289744406,0.05724023325006168,0.3500754049122827,0.011293780217744877,0.8890756991597265,1.0,0.9845901252335605,1.016255830488556,15.302083599178328,2.083331950008869,-5.114176976374231e-05,-0.00012604995409639053,0.0029293783119672717,0.0029195671108501347,0.0029195671108501347
human_eval_AgentChatLogprobs_20260311_161129_929,HumanEval_83,1,0,376,-0.07370574037647651,0.0,0.3203250156713418,-2.8248794078826904,-0.0533234383910894,-0.000838631298393,0.9574483811254203,1.0,0.05931580941720477,0.07620910498664174,2.3050658129724283e-10,1.5187989988398392,0.9095744680851063,0.034574468085106384,1.0764899913461194,-27.713358381555167,-0.7226450239887109,-1.2787238425678678,-2.6803199450174966,26,4,1,0.06914893617021277,0.010638297872340425,0.0026595744680851063,0.02056751351971573,0.9970319270347986,-0.0029724864289164,5.8333321781829,25.707029195785914,0.05723155058032324,0.3500754049122827,0.011294415468808706,0.8890756991597265,1.0,0.9845908941319722,1.0162550467591713,15.302083607432175,2.083331950008869,-4.866100698133185e-05,0.0002705633361817103,0.0029138766705470442,0.002919611660248717,0.002919611660248717
human_eval_AgentChatLogprobs_20260311_161129_929,HumanEval_83,2,0,419,-0.09092671087517405,0.0,0.37371882935835005,-3.0037782192230225,-0.11735188961029046,-0.0007360023446381,0.9502351849575829,1.0,0.04959931681570544,0.0884591432956926,2.370376654705175e-10,1.2359907629584777,0.8902147971360382,0.03818615751789976,1.0951887368930562,-38.09829185669793,-0.8829229523132487,-1.5341895431280137,-2.728273868560791,34,6,0,0.081145584725537,0.014319809069212411,0.0,0.02056751351971573,0.9970319270347986,-0.0029724864289164,5.8333321781829,25.707029195785914,0.05723155058032324,0.3500754049122827,0.011294415468808706,0.8890756991597265,1.0,0.9845908941319722,1.0162550467591713,15.302083607432175,2.083331950008869,-4.866100698133185e-05,-0.00012737536622975582,0.0029138766705470442,0.002919611660248717,0.002919611660248717
human_eval_AgentChatLogprobs_20260311_161129_929,HumanEval_84,0,0,370,-0.08913537032841394,0.0,0.34753465943068534,-2.882081985473633,-0.1174244172871112,-0.0008462670957669,0.9493002447103537,1.0,0.056018012651611986,0.07895540271022886,5.457014337903075e-10,1.0673195760824836,0.8972972972972973,0.04864864864864865,1.0932286370296322,-32.98008702151316,-0.8576379980187159,-1.476707547903061,-2.5142575899759927,23,3,0,0.062162162162162166,0.008108108108108109,0.0,0.07099234272623078,0.9879356621201398,-0.012137702666223,4.583332248963416,23.86675098158868,0.0627836676362141,0.48351422473941463,0.01831519531520228,0.10720545490995313,1.0,0.944607019640139,1.1310269332277696,14.510417430208312,1.6666679084300995,-0.006758795282208271,-0.00019130168907965898,0.01152741849730101,0.0019071641282534647,0.0019071641282534647
human_eval_AgentChatLogprobs_20260311_161129_929,HumanEval_84,1,0,340,-0.05624990243409717,0.0,0.23273337474308853,-1.8396955728530884,-0.10284250900149343,-0.000553135032532725,0.9627525876310604,1.0,0.1588657818028501,0.07248804539830467,3.537066199363705e-11,1.101775456631359,0.9,0.023529411764705882,1.05786201299896,-19.12496682759304,-0.5264061899746165,-0.8942256587393144,-1.7731133699417114,18,2,0,0.052941176470588235,0.0058823529411764705,0.0,0.05794217399769193,0.9904677268127248,-0.009577996097505,4.791667693294585,23.940962347385263,0.06394740606181934,0.48351422473941463,0.01837819555021644,0.841131090609876,1.0,0.9819903342011976,1.0194582895452693,14.177083575778667,1.6666679084300995,-0.006172540768109107,-0.000170021187483135,0.009166641169534449,0.0012605008131577008,0.0012605008131577008
human_eval_AgentChatLogprobs_20260311_161129_929,HumanEval_84,2,0,314,-0.04573709518421296,0.0,0.20086559219616693,-1.8397235870361328,-0.03505945987999437,-5.453975245472975e-05,0.968602275211269,1.0,0.1588613313700971,0.06374799333755672,-9.255457115235341e-11,1.0785507167364405,0.9140127388535032,0.022292993630573247,1.046799166234976,-14.361447887842871,-0.447937639009568,-0.7652578473091125,-1.6456858317057292,17,2,0,0.054140127388535034,0.006369426751592357,0.0,0.0686973220637211,0.9882932302130878,-0.0117758335545659,4.583332198671997,24.26388928838552,0.05292483489893988,0.3724267883289777,0.011221380994522637,0.8892725702291933,1.0,0.9868051050876468,1.0138852418944801,14.343749404166918,2.0833321064710617,-0.005549408599758752,-0.00018849196378136016,0.01117417172920221,0.0015490583756619315,0.0015490583756619315
human_eval_AgentChatLogprobs_20260311_161129_929,HumanEval_85,0,1,198,-0.10086828300538724,0.0,0.3724413643050949,-2.970644950866699,-0.1405679956078528,-0.001855776179581875,0.9424384969779235,1.0,0.05127023288526653,0.08876673712595724,6.831041012873732e-08,1.540037325211268,0.8838383838383839,0.05555555555555555,1.1061309359251383,-19.971920035066674,-0.9852932973911888,-1.5962438318464491,-2.970644950866699,16,1,1,0.08080808080808081,0.005050505050505051,0.005050505050505051,0.8094766012331889,0.7058728293325254,-0.3483201861381531,1.2500000596046448,21.017355281943747,0.1974519039426609,0.8094766012331889,0.07742429270600985,0.1099698178993878,1.0,0.8512487456386,1.2940710199439076,12.010416398159313,0.0,-0.016252021188911305,-0.0002934401891952319,0.13222188310590174,0.08789115349332641,0.08789115349332641
human_eval_AgentChatLogprobs_20260311_161129_929,HumanEval_85,1,1,220,-0.03540614038837468,0.0,0.14920025167540613,-1.5019291639328003,-0.05270018205046651,-6.896495142427739e-05,0.9733392766180764,1.0,0.22270012043307807,0.05630689238539771,-7.248100452809077e-11,0.8784857974483363,0.9227272727272727,0.01818181818181818,1.0360404012146713,-7.789350885442429,-0.34246993911537255,-0.568307638168335,-1.2124771773815155,13,0,0,0.05909090909090909,0.0,0.0,0.8784857974483363,0.6742870793894578,-0.3940993249416351,1.2499999105930328,21.67056813699615,0.21717559486600874,0.8784857974483363,0.0828253825039205,0.3973152666774582,1.0,0.8963850975856097,1.1451403093632795,11.166667162649173,0.0,-0.021133750397470476,-0.000728586233635818,0.13765004624990426,0.12735622804988955,0.12735622804988955
human_eval_AgentChatLogprobs_20260311_161129_929,HumanEval_85,2,1,95,-0.026552573847836033,0.0,0.18157794065664037,-1.644099235534668,-4.506125287662142e-06,0.0,0.9843736702539837,1.0,0.19318649997814574,0.023747474290377255,-9.990582262385741e-11,0.8784857974483363,0.968421052631579,0.021052631578947368,1.0269082343597697,-2.522494515544423,-0.2802761882258993,-0.6234953831881285,-1.644099235534668,2,0,0,0.021052631578947368,0.0,0.0,0.8784857974483363,0.19318649997814574,-1.644099235534668,1.2499999105930328,21.67056813699615,0.048213803570394814,0.8784857974483363,0.03657662556426938,0.19318649997814574,1.0,0.9588539977091795,1.0865594039543969,30.916665083751987,1.2499999105930328,-0.011555508516982371,-0.000264255390327149,0.13765004624990426,0.12735622804988955,0.12735622804988955
human_eval_AgentChatLogprobs_20260311_161129_929,HumanEval_86,0,1,315,-0.05465758360599575,0.0,0.23929229762704082,-2.205390930175781,-0.05964386314153665,-0.00016028973914215,0.9643976290105023,1.0,0.11020743347074588,0.06680461686023931,2.746177253169685e-10,1.095498429342656,0.9206349206349206,0.022222222222222223,1.0561788997801873,-17.21713883588866,-0.5348908468600242,-0.9229038735230763,-2.08191712697347,17,2,0,0.05396825396825397,0.006349206349206349,0.0,0.01266691269273819,0.9984394907894102,-0.001561728073284,6.666667851852253,20.981337625760666,0.19502114790251673,1.095498429342656,0.09585181234250043,0.15886928542272571,1.0,0.8711475206108071,1.235703289322321,9.60416679829359,0.0,0.011057785093200547,-0.0003629461212800246,0.001548855461657991,0.0012706463386184912,0.0012706463386184912
human_eval_AgentChatLogprobs_20260311_161129_929,HumanEval_86,1,0,324,-0.07283340735413883,0.0,0.28834717884250144,-2.7911198139190674,-0.17300812751054762,-0.000426579761551675,0.9539331373172052,1.0,0.06135247208094682,0.08949386194347016,9.086707266657597e-10,1.4401649896779731,0.8858024691358025,0.030864197530864196,1.0755513430449302,-23.598023982740983,-0.6897786548361182,-1.107322659343481,-2.2963526248931885,29,4,0,0.08950617283950617,0.012345679012345678,0.0,0.014870614276317272,0.998187601581058,-0.0018140428001061,6.666663969284855,18.368052280069143,0.16252393152486685,1.095498429342656,0.08904461776804526,0.48654348245118867,1.0,0.9319508488432915,1.0899814347967653,11.552083217068503,0.0,-0.0007771807563854718,-0.00027406225467879676,0.001800154006729484,0.0012703307084126945,0.0012703307084126945
human_eval_AgentChatLogprobs_20260311_161129_929,HumanEval_86,2,1,358,-0.04442187594737904,0.0,0.2147444405042765,-2.414478063583374,-0.035909964516758854,-1.8358402712692623e-05,0.9709476641360699,1.0,0.08941399516513049,0.05787778559837,-9.336370877463653e-13,1.3351186405890565,0.9301675977653632,0.01675977653631285,1.045423300815107,-15.903031589161698,-0.44393110647797585,-0.803789429804858,-1.8622945149739583,16,4,0,0.0446927374301676,0.0111731843575419,0.0,0.014870614276317272,0.998187601581058,-0.0018140428001061,6.666663969284855,18.368052280069143,0.1965952645155558,1.120200203406435,0.1122629071393175,0.2526571890572427,1.0,0.9162071808226274,1.1309476269922751,10.812499437691804,0.8333320617675781,0.013077169410904116,-0.00013986284045719186,0.001800154006729484,0.0012703307084126945,0.0012703307084126945
human_eval_AgentChatLogprobs_20260311_161129_929,HumanEval_87,0,0,443,-0.05754345366878119,0.0,0.2467327617304178,-2.5788915157318115,-0.08179158270359031,-0.00015885900211285,0.9624547347959733,1.0,0.0758580448846237,0.07406857922176514,-7.393405425654106e-11,1.15363275019126,0.9051918735891648,0.02708803611738149,1.0592312971406637,-25.491749975270068,-0.5480019370601936,-0.9174029529094696,-2.0953380465507507,28,3,0,0.06320541760722348,0.006772009029345372,0.0,0.002535084534452009,0.9997362494560834,-0.0002637853322084,8.333332444221014,32.11847884840908,0.087227282203932,0.8350364810627872,0.03927887369402729,0.725650606433585,1.0,0.9741372703837328,1.0291331616789854,15.239582030904055,1.2499999403953552,-0.0042793080101916035,0.00018679118884437407,0.00026336399580642475,0.00024030629249855765,0.00024030629249855765
human_eval_AgentChatLogprobs_20260311_161129_929,HumanEval_87,1,1,443,-0.05001166879030408,0.0,0.22734712848527638,-2.20068359375,-0.01307270321995015,0.0,0.9680776588244325,1.0,0.11072743989907986,0.05833434246116294,-9.98975171418828e-11,1.3690933817269129,0.9300225733634312,0.029345372460496615,1.0512833635095715,-22.155169274104708,-0.5012900949117135,-0.9083405164155093,-1.7650138437747955,26,7,0,0.05869074492099323,0.01580135440180587,0.0,0.0035664698964141483,0.9996100067989481,-0.0003900692681781,7.916667921759654,32.029508517769166,0.20332363438854398,1.1016611310435411,0.10248646958672805,0.11072743989907986,1.0,0.8476601859280727,1.3146644075324496,9.84374928167252,0.0,0.017128735736716184,-0.00010483746733366543,0.0003889015414256283,0.000364473033642836,0.000364473033642836
human_eval_AgentChatLogprobs_20260311_161129_929,HumanEval_87,2,0,505,-0.07676237279004242,0.0,0.294782851533597,-2.687819480895996,-0.12118492722511284,-7.748904317850247e-05,0.9523637677235465,1.0,0.06802911654973191,0.08091348519848057,-9.877844211126497e-11,1.068328020131258,0.8891089108910891,0.039603960396039604,1.0797854594981362,-38.76499825897142,-0.736469814479351,-1.1887660074234008,-2.1134143590927126,40,2,0,0.07920792079207921,0.0039603960396039604,0.0,0.0035664698964141483,0.9996100067989481,-0.0003900692681781,7.916667921759654,32.029508517769166,0.10684270114031065,0.8508938651651764,0.04180844135339375,0.20667240159409234,1.0,0.9424918313692631,1.1025658243115786,11.104166622888428,1.2500000298023224,0.004660882971387852,0.00028128593414901773,0.0003889015414256283,0.000364473033642836,0.000364473033642836
human_eval_AgentChatLogprobs_20260311_161129_929,HumanEval_88,0,0,408,-0.028264644671803098,0.0,0.15315855228664624,-1.8396790027618408,-0.0153849367052316,-5.364419592979175e-07,0.9801045046485003,1.0,0.15886841424516052,0.04139813565012351,-9.969464268827677e-11,1.4156716293754066,0.9485294117647058,0.014705882352941176,1.0286678798757622,-11.531975026095663,-0.2855820045340806,-0.5160353414714336,-1.3376729041337967,13,1,0,0.031862745098039214,0.0024509803921568627,0.0,0.00013219251218150822,0.9999898672107935,-1.0132840543519706e-05,11.666668295809359,34.60285328065005,0.068995951805968,0.6540614578303015,0.024790580095203105,0.7969000383764557,1.0,0.9804178150822066,1.0213856384802251,16.82291667351999,1.6666640788316727,-0.007150720061831109,-5.557355672570892e-05,1.0104886093962156e-05,7.038655855389657e-07,7.038655855389657e-07
human_eval_AgentChatLogprobs_20260311_161129_929,HumanEval_88,1,0,437,-0.04106373177993689,0.0,0.18544360538515756,-1.8400676250457764,-0.035052409768104496,-2.5033982637978625e-06,0.9716503652157606,1.0,0.15880668643434964,0.05262197209130835,-9.899928747206272e-11,1.0421624680466963,0.9267734553775744,0.02517162471395881,1.041918506750508,-17.944850787832422,-0.41107765316616657,-0.7380372392279761,-1.4789477586746216,19,2,0,0.043478260869565216,0.004576659038901602,0.0,0.00013219251218150822,0.9999898672107935,-1.0132840543519706e-05,11.666668295809359,34.60285328065005,0.068995951805968,0.6540614578303015,0.024790580095203105,0.7969000383764557,1.0,0.9804178150822066,1.0213856384802251,16.82291667351999,1.6666640788316727,-0.007150720061831109,-7.327734790229142e-05,1.0104886093962156e-05,7.038655855389657e-07,7.038655855389657e-07
human_eval_AgentChatLogprobs_20260311_161129_929,HumanEval_88,2,1,423,-0.056807198501436285,0.0,0.29544850038505704,-3.1436901092529297,-0.024806025624275137,-2.9802326650951727e-07,0.9682119784218434,1.0,0.04312337397569292,0.05500554965231019,-9.970845682986011e-11,1.1901710431456511,0.933806146572104,0.026004728132387706,1.0584517196439263,-24.029444966107548,-0.5649432621541477,-1.043716393765949,-2.5611752569675446,20,5,0,0.04728132387706856,0.01182033096926714,0.0,0.00026006039544853,0.9999785423270884,-2.1457903130794875e-05,10.83333635307099,35.03472304936416,0.07895001171585783,0.6540614578303015,0.02456224648109733,0.04312337397569292,1.0,0.9407622401760751,1.1841019015605463,13.322916248841562,1.6666640788316727,-0.006072039196501018,0.00013545406955011731,2.147800651638138e-05,5.714860581446691e-07,5.714860581446691e-07
human_eval_AgentChatLogprobs_20260311_161129_929,HumanEval_89,0,0,294,-0.12965996013194497,0.0,0.4602790171359743,-3.511634111404419,-0.26444482207298275,-0.0019014971912837998,0.9306604582936727,1.0,0.02984809944351935,0.12057823548724018,7.168654887499181e-10,1.4839747246864148,0.8503401360544217,0.05442176870748299,1.1384412021036752,-38.12002827879182,-1.1876135982316116,-1.9172898530960083,-3.3284205198287964,35,9,0,0.11904761904761904,0.030612244897959183,0.0,0.029303124033273863,0.9959930181908194,-0.0040150312706828,5.833331999368966,25.60979875304695,0.20977653111041264,0.7968472969214987,0.06706415845700028,0.2226525250936374,1.0,0.8812575263481428,1.188754995062692,10.354166172984696,0.0,0.009409505440946993,0.0005426942142924678,0.003950532251686362,0.0008356112787059526,0.0008356112787059526
human_eval_AgentChatLogprobs_20260311_161129_929,HumanEval_89,1,0,329,-0.09505009306165807,0.0,0.3343223968049237,-2.588441610336304,-0.17511431276798242,-0.0015927713830024,0.9418892791791527,1.0,0.07513704168372781,0.10345558004065392,1.3608002027220402e-09,1.4808198045930165,0.8693009118541033,0.05167173252279635,1.0997139417846538,-31.271480617285505,-0.8920213994570076,-1.3660113327205181,-2.4573208491007485,30,6,0,0.0911854103343465,0.0182370820668693,0.0,0.040390390565370714,0.9941492081055529,-0.0058679748326539,5.41666410677135,24.920133178211692,0.1290721537431204,0.8527786308707987,0.048883429145905266,0.11029120531083969,1.0,0.9084787251684514,1.1851380807465566,11.968749383069554,0.0,0.004807418532424042,-7.045747976635325e-05,0.005732328867182876,0.00102725204641954,0.00102725204641954
human_eval_AgentChatLogprobs_20260311_161129_929,HumanEval_89,2,1,368,-0.09016539879383269,0.0,0.31885823430076227,-2.824589490890503,-0.16178561002016062,-0.0032697073183953,0.9440329717790672,1.0,0.05933300857130321,0.10353197015161478,5.1922082318562e-08,1.49649470452035,0.8777173913043478,0.05434782608695652,1.0943552737793354,-33.18086675613043,-0.8452309332787991,-1.3072325852182176,-2.4166164000829062,32,9,0,0.08695652173913043,0.024456521739130436,0.0,0.03493142322643889,0.995186388328758,-0.0048252344131469,5.833331942558289,25.11327368865554,0.14394202024452324,0.9403609655052436,0.06233273120828944,0.5405262145805114,1.0,0.9435024298659316,1.0700121424354452,12.531249413033539,0.4166640639305115,-0.001495990648387823,0.00013899881284297217,0.004747868660625906,0.0015598631639705037,0.0015598631639705037
human_eval_AgentChatLogprobs_20260311_161129_929,HumanEval_9,0,1,407,-0.07838475774114058,0.0,0.29154828679181677,-2.580672264099121,-0.1432276278734206,-0.000838631298393,0.9504347355537555,1.0,0.07572308099907246,0.09292273911300589,8.635187787421648e-09,1.5302915802230488,0.8943488943488943,0.04176904176904177,1.081538709016292,-31.902596400644214,-0.7537984866648912,-1.1717708379030227,-2.2481769323349,35,7,1,0.085995085995086,0.0171990171990172,0.002457002457002457,0.0029188093918533155,0.9997176527929285,-0.0002823870745487,8.958331962290686,28.263889655143522,0.07485588456147597,0.617912167077753,0.029618872434102106,0.6966523991746575,1.0,0.9701549878140288,1.0348557477466367,13.75000062027998,0.8333358466625214,-0.01567464374969305,0.00033995476587601165,0.0002820630607873733,0.0001044345262658384,0.0001044345262658384
human_eval_AgentChatLogprobs_20260311_161129_929,HumanEval_9,1,0,317,-0.08719223508496368,0.0,0.3341223365599571,-2.578969240188598,-0.1567822307348251,-0.0008416140335611,0.9487693077355498,1.0,0.07585214908841889,0.08670906713609701,5.678187477970567e-09,1.528070367741826,0.889589905362776,0.04100946372239748,1.0911064084921585,-27.639938521933487,-0.8464551096962344,-1.4135169386863708,-2.3494009971618652,28,4,1,0.08832807570977919,0.012618296529968454,0.0031545741324921135,0.0029188093918533155,0.9997176527929285,-0.0002823870745487,8.958331962290686,28.263889655143522,0.07485588456147597,0.617912167077753,0.029618872434102106,0.6966523991746575,1.0,0.9701549878140288,1.0348557477466367,13.75000062027998,0.8333358466625214,-0.01567464374969305,0.0004177176846227708,0.0002820630607873733,0.0001044345262658384,0.0001044345262658384
human_eval_AgentChatLogprobs_20260311_161129_929,HumanEval_9,2,0,328,-0.07050582916003781,0.0,0.2771143035777125,-2.636162042617798,-0.15479589700698837,-0.0005536121461773,0.9548459422731356,1.0,0.07163567731348833,0.0908511724279195,3.7083358859710362e-09,1.4232195912694805,0.8902439024390244,0.03353658536585366,1.0730508243974664,-23.125911964492403,-0.6835838356055319,-1.0596951022744179,-2.244479258855184,32,6,0,0.0975609756097561,0.018292682926829267,0.0,0.0029188093918533155,0.9997176527929285,-0.0002823870745487,8.958331962290686,28.263889655143522,0.07485588456147597,0.617912167077753,0.029618872434102106,0.6966523991746575,1.0,0.9701549878140288,1.0348557477466367,13.75000062027998,0.8333358466625214,-0.01567464374969305,0.0002776108749399482,0.0002820630607873733,0.0001044345262658384,0.0001044345262658384
human_eval_AgentChatLogprobs_20260311_161129_929,HumanEval_90,0,0,253,-0.05223838850312195,0.0,0.27351769631829576,-2.9721498489379883,-0.03170874416828147,-2.062341991404537e-05,0.9694780584552588,1.0,0.051193134437885854,0.05065872186361174,-6.842327088693557e-11,1.0484413390675984,0.924901185770751,0.019762845849802372,1.0536268851134123,-13.216312291289853,-0.5213322116434574,-0.9630684132377306,-2.5864150524139404,12,1,0,0.04743083003952569,0.003952569169960474,0.0,0.0017012939447663348,0.9998292923031135,-0.0001707222691038,8.749999985433533,32.92360443699219,0.06217109519596207,0.6133363127203042,0.021861142765708323,0.11072780949240112,1.0,0.9380998594935092,1.1392616368854391,11.822915550694887,0.8333282172679901,-0.008955855663580215,-4.966744847906386e-05,0.0001704208141326863,1.3147883823714418e-06,1.3147883823714418e-06
human_eval_AgentChatLogprobs_20260311_161129_929,HumanEval_90,1,0,268,-0.03985710034395272,0.0,0.2105439581889779,-2.200753927230835,-0.011733697168528996,-8.046630597391413e-07,0.9746852467186283,1.0,0.11071965232667456,0.04449765605355713,-9.804734776168819e-11,1.0506210385910202,0.9440298507462687,0.022388059701492536,1.0406620533170798,-10.68170289217933,-0.40739236915340793,-0.7569264700779548,-2.020217180252075,10,1,0,0.03731343283582089,0.0037313432835820895,0.0,0.002472449120133251,0.999741137040031,-0.0002588964707683,8.333332564710872,32.33332716231545,0.04653150534754104,0.6133349858884265,0.018194934001213307,0.3029402075840351,1.0,0.9620539079055893,1.0648580480466792,13.645833459269863,0.8333357572555542,-0.007784125020267465,2.569223222980039e-05,0.0002583261226302274,1.994218236667421e-06,1.994218236667421e-06
human_eval_AgentChatLogprobs_20260311_161129_929,HumanEval_90,2,0,337,-0.040985665736786504,0.0,0.1769490200502332,-1.8483200073242188,-0.042439720034599275,-0.0001584417041158,0.9706838930669808,1.0,0.15750154561686017,0.0639031848367744,6.589069381308752e-10,1.3731653870524576,0.9258160237388724,0.01483679525222552,1.041837171470204,-13.812169353297051,-0.4061939734401125,-0.7031573951244354,-1.4826487302780151,16,4,0,0.04747774480712166,0.011869436201780416,0.0,0.0011237483765503989,0.9998911619193044,-0.0001088440039893,9.166663998403237,34.824636402723364,0.10266663320026714,0.6133349858884284,0.03842416644437084,0.6970598036496322,1.0,0.9601164478159184,1.045963070668078,15.11458314450233,0.8333357572555542,-0.003050773957877623,-1.5993491475091555e-05,0.00010871047324089735,1.0675920093014494e-06,1.0675920093014494e-06
human_eval_AgentChatLogprobs_20260311_161129_929,HumanEval_91,0,0,249,-0.08309764380142982,0.0,0.3414093196973797,-2.5882909297943115,-0.1173526272177696,-0.0002965770836453,0.9523824862249416,1.0,0.07514836422691448,0.07383596673265579,5.285701761007888e-10,1.1906516796328737,0.8955823293172691,0.03614457831325301,1.08664790780072,-20.691313306556026,-0.8165912109737595,-1.3605977843205135,-2.5835903882980347,16,1,0,0.0642570281124498,0.004016064257028112,0.0,0.0003961104303986779,0.9999670982353001,-3.290230597485788e-05,10.6250004762951,33.77820161490507,0.10073713776942876,0.7621329412744693,0.040678868948040445,0.5898427371038919,1.0,0.9618356972339155,1.0461731061633401,16.99999906066033,0.4166678786277771,-0.006156412805641979,-0.00014769557867367459,3.285092051951316e-05,6.962072335374439e-06,6.962072335374439e-06
human_eval_AgentChatLogprobs_20260311_161129_929,HumanEval_91,1,0,342,-0.04672492330908897,0.0,0.21467115644927687,-1.9067649841308596,-0.023385009728372062,-1.4990680938353762e-05,0.9697409176839017,1.0,0.14856020468712325,0.05188077702443012,3.7571193001694025e-10,1.2800549309547702,0.9327485380116959,0.029239766081871343,1.0478337347963127,-15.979923771708428,-0.4645230163655737,-0.8489009063033497,-1.6507471799850464,16,2,0,0.04678362573099415,0.005847953216374269,0.0,0.0003961104303986779,0.9999670982353001,-3.290230597485788e-05,10.6250004762951,33.77820161490507,0.13917930303805348,0.7935850022772261,0.05506851185837329,0.3029402075840351,1.0,0.9141734579215648,1.1376454900976283,13.781249973519696,0.4166678190231323,0.0005571573390336985,-0.00028554877285543237,3.285092051951316e-05,6.962072335374439e-06,6.962072335374439e-06
human_eval_AgentChatLogprobs_20260311_161129_929,HumanEval_91,2,0,325,-0.05359510123395834,0.0,0.25364970829645794,-2.9990763664245605,-0.051735656708478885,-6.9141628955549095e-06,0.9665165815628477,1.0,0.04983307461901967,0.05970152936013966,1.1970506835995322e-10,1.2228163592339074,0.916923076923077,0.024615384615384615,1.0550573242500771,-17.41840790103646,-0.5318080101860687,-0.925063019618392,-2.0458505153656006,18,1,0,0.055384615384615386,0.003076923076923077,0.0,0.0003961104303986779,0.9999670982353001,-3.290230597485788e-05,10.6250004762951,33.77820161490507,0.15632361025285385,0.7350374405470718,0.063803932109706,0.04983307461901967,1.0,0.868217773364246,1.324483234479682,14.927082825525948,0.4166679382324219,-0.0038992907392403765,-0.00029037529527717174,3.285092051951316e-05,6.962072335374439e-06,6.962072335374439e-06
human_eval_AgentChatLogprobs_20260311_161129_929,HumanEval_92,0,0,268,-0.009582437650825327,0.0,0.11638644377153226,-1.839672565460205,-9.97786983134573e-06,0.0,0.9945759926721381,1.0,0.15886943693235508,0.02401525758704513,-9.999361845829246e-11,1.9425842548994892,0.9925373134328358,0.0037313432835820895,1.009628496206684,-2.5680932904211877,-0.09877147087466323,-0.19737445536660603,-1.1730152666568756,4,1,1,0.014925373134328358,0.0037313432835820895,0.0037313432835820895,0.28061420455356273,0.9227373585136213,-0.0804106369614601,2.5000000819563866,16.990014688164415,0.035958795764662155,0.43779041901946897,0.012227230863737119,0.15886943693235508,1.0,0.9540767456123114,1.1007675997531472,33.0312488401983,1.6666640937328339,-0.0016990460056634845,-0.0001225458824999323,0.05694946837030552,0.0011743054427305305,0.0011743054427305305
human_eval_AgentChatLogprobs_20260311_161129_929,HumanEval_92,1,0,266,-0.00463451313030117,0.0,0.057652897981527465,-0.9230251908302308,-8.404290383623447e-06,0.0,0.9966375220390521,1.0,0.3973152666774582,0.03161212935879885,-9.999582912749717e-11,1.5292532639741356,0.9924812030075187,0.0037593984962406013,1.0046452690960808,-1.2327804926601111,-0.04741353393620345,-0.09469022672587574,-0.548016831278801,7,3,2,0.02631578947368421,0.011278195488721804,0.007518796992481203,0.28061420455356273,0.9227373585136213,-0.0804106369614601,2.5000000819563866,16.990014688164415,0.03592231559760602,0.43779041901946897,0.012229826467257492,0.8411304889862528,1.0,0.9881932433633764,1.0127517230392404,33.666665264591344,1.6666640937328339,-0.0017050803190102432,-0.00016406547538830378,0.05694946837030552,0.0011743054427305305,0.0011743054427305305
human_eval_AgentChatLogprobs_20260311_161129_929,HumanEval_92,2,0,266,-0.01173973559354417,0.0,0.14121908863027507,-2.2006869316101074,-8.165869985532481e-06,0.0,0.9939491970622543,1.0,0.11072707030699225,0.024375173254902533,-9.999279090596249e-11,1.9629613059661075,0.9887218045112782,0.007518796992481203,1.0118089167472064,-3.122769667882749,-0.12010539319607441,-0.24003486653180933,-1.4469170570373535,4,1,1,0.015037593984962405,0.0037593984962406013,0.0037593984962406013,0.16215066733655045,0.9640748515818586,-0.0365863405168056,3.3333320058882236,16.624995721008595,0.02554737147401928,0.348032759324739,0.00671834052468546,0.11072707030699225,1.0,0.9537365257763157,1.118364370072513,33.11458206667796,2.0833359137177467,-0.0004790362915396672,-0.00010593529316706156,0.031064178617568657,0.0012269174319123242,0.0012269174319123242
human_eval_AgentChatLogprobs_20260311_161129_929,HumanEval_93,0,0,489,-0.06486915436550064,0.0,0.28226743180253344,-2.830937385559082,-0.10568167865276328,-0.0002959808625746,0.9596494364578508,1.0,0.05895756179157052,0.08227648634747757,8.699982432130874e-09,1.843393367119975,0.8997955010224948,0.026584867075664622,1.0670194004193276,-31.721016484729812,-0.6302884942851961,-1.0434196516871452,-2.5741119980812073,38,7,1,0.07770961145194274,0.014314928425357873,0.002044989775051125,0.049961012545352124,0.9921294453954486,-0.0079016909003257,4.999999977648258,21.088970644451784,0.1541417943508136,1.0854176109439697,0.08658023796108774,0.11070816995646406,1.0,0.9018626979738112,1.1976855781307147,11.031249384883779,0.0,0.01046299811811134,-1.7285122057542186e-05,0.00762069408180397,0.0010251650360741306,0.0010251650360741306
human_eval_AgentChatLogprobs_20260311_161129_929,HumanEval_93,1,0,412,-0.08018231760457857,0.0,0.28813668331435943,-2.65222430229187,-0.12016095593571657,-0.0037086348747834,0.9489437270834146,1.0,0.0704942380499534,0.0964811837043373,7.26318159065377e-07,1.4432907153007284,0.8810679611650486,0.04854368932038835,1.0834845879833757,-33.03511485308637,-0.7440037894539717,-1.2431549280881882,-1.9344661235809326,34,7,0,0.0825242718446602,0.01699029126213592,0.0,0.05164393739916681,0.9918864374007064,-0.0081466566771268,5.0000001061707735,21.259108112218957,0.1324870693050288,0.7878842210163625,0.040389192234744034,0.6690208936763464,1.0,0.9604058775181603,1.0451114918289046,7.989583172054016,0.8333320617675781,0.0025625273352340963,-0.0001467522316814803,0.007861591234664277,0.0012623064681997309,0.0012623064681997309
human_eval_AgentChatLogprobs_20260311_161129_929,HumanEval_93,2,0,410,-0.07046111425900829,0.0,0.28783360649316425,-2.9693737030029297,-0.0892160959541797,-0.00042159824079127496,0.9562533789121003,1.0,0.05133545150502926,0.07719046784909264,3.817745811128544e-09,1.1961531961347518,0.9024390243902439,0.036585365853658534,1.0730028441087789,-28.889056846193398,-0.677916461919866,-1.1383554831147193,-2.230832427740097,28,5,0,0.06829268292682927,0.012195121951219513,0.0,0.05164393739916681,0.9918864374007064,-0.0081466566771268,5.0000001061707735,21.259108112218957,0.13425725760090387,0.7721003280840042,0.04056676978446033,0.6727406917032699,1.0,0.9592505482909075,1.0463934677375135,7.98958285029339,0.8333320617675781,0.0009088130440576407,0.000124641364223531,0.007861591234664277,0.0012623064681997309,0.0012623064681997309
human_eval_AgentChatLogprobs_20260311_161129_929,HumanEval_94,0,1,622,-0.03752461477334031,0.0,0.20334808503414323,-2.5792267322540283,-0.01026476360857482,0.0,0.9757196487833777,1.0,0.07583262027624778,0.04702632524185528,-9.999801399906448e-11,1.2018417778823056,0.9405144694533762,0.017684887459807074,1.0382375527493346,-23.340310389017674,-0.37536114527873937,-0.6863241647520373,-1.7779901027679443,26,3,0,0.04180064308681672,0.00482315112540193,0.0,0.0027599609029278064,0.9996998310159083,-0.0003002140438184,8.12500019336585,39.835049348356684,0.1786315061964596,0.8241796581719327,0.06849680440519221,0.14887401606011288,1.0,0.9014877183284611,1.1758126803219313,9.302082991526186,0.41666412353515625,0.016430503565143167,5.6572577827224165e-05,0.00029948883617629334,0.00029595580938323647,0.00029595580938323647
human_eval_AgentChatLogprobs_20260311_161129_929,HumanEval_94,1,1,651,-0.050838814387096594,0.0,0.2684375528604403,-3.1546547412872314,-0.0232458114624023,0.0,0.9705403002955163,1.0,0.042653124813711724,0.049541263938463816,-9.999681511884234e-11,1.2661512738393836,0.9400921658986175,0.026113671274961597,1.0521532876420396,-33.09606816599988,-0.504752010307633,-0.9553471426479518,-2.364193936189016,29,4,0,0.0445468509984639,0.006144393241167435,0.0,0.0027599609029278064,0.9996998310159083,-0.0003002140438184,8.12500019336585,39.835049348356684,0.13583140058396787,0.6920382012680443,0.043676162221679894,0.042653124813711724,1.0,0.86592178423392,1.3756740024353973,11.322916232259013,0.8333357870578766,0.0074299056871370605,0.00014015324089027456,0.00029948883617629334,0.00029595580938323647,0.00029595580938323647
human_eval_AgentChatLogprobs_20260311_161129_929,HumanEval_94,2,0,559,-0.0213938182824016,0.0,0.12596165632546444,-1.3209617137908936,-0.0006756644928826978,0.0,0.984660678852041,1.0,0.2668785177581637,0.030529165726438403,-9.999998571383183e-11,1.083088997589314,0.9660107334525939,0.01073345259391771,1.0216243067543658,-11.959144419862495,-0.21739129963627254,-0.428712852023266,-1.1270552158355713,17,1,0,0.03041144901610018,0.0017889087656529517,0.0,0.0027599609029278064,0.9996998310159083,-0.0003002140438184,8.12500019336585,39.835049348356684,0.08702001347175566,0.6920382012680443,0.026670352201859572,0.788209968789078,1.0,0.9789170917595792,1.0228775194631792,14.26041642536875,1.6666640937328339,0.0011924637029350545,-6.985669946141514e-05,0.00029948883617629334,0.00029595580938323647,0.00029595580938323647
human_eval_AgentChatLogprobs_20260311_161129_929,HumanEval_95,0,1,541,-0.06060590849214988,0.0,0.26369659008605767,-2.233616828918457,-0.038074791431427,-2.5033982637978625e-06,0.9627229798084667,1.0,0.1071402206669354,0.05999284806841407,-8.80631016830739e-11,1.1989795524540978,0.9260628465804066,0.033271719038817,1.0624801172789837,-32.78779649425309,-0.5981844658101046,-1.0474779197463282,-2.0337173700332642,32,4,0,0.059149722735674676,0.0073937153419593345,0.0,0.7102561927954025,0.7418502645067403,-0.2986078560352325,1.2500000894069672,16.7899253447036,0.2102789533662516,0.7102561927954025,0.07157912180682915,0.3029402075840351,1.0,0.8893909380508995,1.1621715177197545,10.208333957805825,0.41666412353515625,0.0038697838500226425,-0.00017192489491142524,0.1143221960796138,0.04014441507464697,0.04014441507464697
human_eval_AgentChatLogprobs_20260311_161129_929,HumanEval_95,1,1,276,-0.014886040521994314,0.0,0.12861133945014133,-1.888028621673584,-4.947326669935137e-05,0.0,0.990453907472411,1.0,0.15136992227668353,0.017481462528490442,-9.980608759334695e-11,0.6931474670863389,0.9782608695652174,0.010869565217391304,1.0149973894520243,-4.108547184070431,-0.15216266997945407,-0.3147603946093183,-1.2905879020690918,3,0,0,0.010869565217391304,0.0,0.0,0.6219791280700188,0.15136992227668353,-1.888028621673584,1.6666679084300995,16.90277206310134,0.03109976772394226,0.6219791280700188,0.018375706247666004,0.15136992227668353,1.0,0.9575684424696542,1.0990008894280974,32.07291602343318,1.6666679084300995,-0.008885593439135161,0.0001508492856498678,0.11788580877789485,0.04336820883262398,0.04336820883262398
human_eval_AgentChatLogprobs_20260311_161129_929,HumanEval_95,2,1,388,-0.0738442829715976,0.0,0.2958836722662833,-2.969368457794189,-0.1173510178923606,-0.0002402951940894,0.9539538549393959,1.0,0.05133572077089438,0.08842491205723393,1.4450654931730685e-11,1.421299167062278,0.8943298969072165,0.03608247422680412,1.0766391413947212,-28.65158179297987,-0.7014067055363404,-1.1502930145514638,-2.5514535109202066,30,7,0,0.07731958762886598,0.01804123711340206,0.0,0.6219791280700188,0.8014275426171212,-0.2213607132434845,1.6666679084300995,16.90277206310134,0.2196196523164891,0.6719109950562092,0.06705660092708615,0.6026846147022908,1.0,0.9079453538843072,1.1153596506001036,8.854166594577327,0.4166640639305115,0.002934396473907792,6.0372078661501206e-05,0.11788580877789485,0.04336820883262398,0.04336820883262398
human_eval_AgentChatLogprobs_20260311_161129_929,HumanEval_96,0,0,622,-0.06377474818931118,0.0,0.29274793251411113,-2.6710047721862797,-0.024583560787141308,-1.3411054169409908e-06,0.9630847685401916,1.0,0.06918267754519779,0.06222526880837261,-9.969399389615948e-11,1.3020938272464546,0.9292604501607717,0.03536977491961415,1.0658522865621918,-39.667893373751554,-0.6341181652199838,-1.1372848864524596,-2.3340770602226257,40,7,0,0.06430868167202572,0.011254019292604502,0.0,0.00824822629678652,0.9990593790929899,-0.0009410635684616,7.500000212981831,21.94270177742174,0.16007438155181136,1.0388956113524046,0.08685826870523519,0.2227001469810028,1.0,0.8991559012773696,1.1667259527626028,12.062500003437867,0.4166640639305115,-0.0074484489669591905,-0.00012991222820004622,0.0009372648178161429,0.0005525640097398248,0.0005525640097398248
human_eval_AgentChatLogprobs_20260311_161129_929,HumanEval_96,1,1,498,-0.04979498100670945,0.0,0.2487589752993436,-3.0154104232788086,-0.02986713312566274,-1.1622973261182779e-05,0.9693709089040995,1.0,0.04902571006465767,0.05475715235821927,-5.6331622067696184e-11,1.3636109437061152,0.929718875502008,0.02610441767068273,1.051055587926587,-24.797900541341306,-0.4992923087307385,-0.9105042678614458,-2.2851110994815826,23,3,0,0.04618473895582329,0.006024096385542169,0.0,0.00824822629678652,0.9990593790929899,-0.0009410635684616,7.500000212981831,21.94270177742174,0.08563645860404615,0.7191520139941884,0.039302725622273556,0.3935990065015547,1.0,0.9510286853289205,1.07058643111989,14.114583005285727,0.4166678190231323,-0.005419096926074593,-0.00018182216182089606,0.0009372648178161429,0.0005525640097398248,0.0005525640097398248
human_eval_AgentChatLogprobs_20260311_161129_929,HumanEval_96,2,0,540,-0.06037078830597314,0.0,0.26798699564491046,-2.579036235809326,-0.04895488992333408,-0.0001584417041158,0.962759941030897,1.0,0.07584706749683125,0.07003432411313554,-9.501422421502931e-11,1.6816950392462022,0.9148148148148149,0.025925925925925925,1.062230336121447,-32.600225685225496,-0.5897567792347184,-1.0108107604362346,-2.2182939291000365,38,5,1,0.07037037037037037,0.009259259259259259,0.001851851851851852,0.00824822629678652,0.9990593790929899,-0.0009410635684616,7.500000212981831,21.94270177742174,0.1553153808108464,0.9279923979781844,0.08501925925649483,0.11581623638690641,1.0,0.9025614556147105,1.1897688580120551,11.135416639716231,0.41666412353515625,0.0009291718843121422,-0.00017063469815649588,0.0009372648178161429,0.0005525640097398248,0.0005525640097398248
human_eval_AgentChatLogprobs_20260311_161129_929,HumanEval_97,0,1,254,-0.08903981834556061,0.0,0.34682405226364177,-2.6148436069488525,-0.1992313250899314,-0.000178159283677775,0.9479220674875838,1.0,0.07317923252454642,0.08776382784693904,-9.942880806176017e-11,1.3523684265123697,0.8818897637795275,0.047244094488188976,1.093124181856181,-22.616113859772398,-0.8561170595884323,-1.3954075276851654,-2.5969324111938477,22,2,0,0.08661417322834646,0.007874015748031496,0.0,0.6745442377248974,0.6894362543957873,-0.3718810379505157,0.8333358466625214,23.292100048521586,0.1931882617220308,0.9727766193621311,0.08325634141009984,0.25207199139281794,1.0,0.906230810151585,1.1428166181023527,12.958334177714537,0.8333358466625214,-0.02163665981330517,-0.00019897705074299415,0.06575397162516998,0.0013309251086283452,0.0013309251086283452
human_eval_AgentChatLogprobs_20260311_161129_929,HumanEval_97,1,1,307,-0.03563179745984353,0.0,0.13079890826287127,-1.1942198276519775,-0.056111319363117154,-0.00049296772340305,0.9717103449511145,1.0,0.3029402075840351,0.06822514076022868,-9.90328200665718e-11,1.082607045894184,0.9120521172638436,0.016286644951140065,1.0362742174376827,-10.938961820171965,-0.3421094489594301,-0.5359563529491425,-0.9289227525393168,22,2,0,0.07166123778501629,0.006514657980456026,0.0,0.6745442377248974,0.6894362543957873,-0.3718810379505157,0.8333358466625214,23.292100048521586,0.16928791886789005,0.9727766193621311,0.08258778674886423,0.580013050011806,1.0,0.9335357431055588,1.0820750165724917,18.114583793597816,0.8333358466625214,-0.02419415921214524,3.593223981281444e-06,0.06575397162516998,0.0013309251086283452,0.0013309251086283452
human_eval_AgentChatLogprobs_20260311_161129_929,HumanEval_97,2,1,169,-0.01453724887397105,0.0,0.10951047649349531,-1.205800175666809,-2.7418175704951854e-06,0.0,0.9899445365351848,1.0,0.29945228918567424,0.017198523409302946,-9.99981561396007e-11,0.7084378006530976,0.9763313609467456,0.011834319526627219,1.0146434285727057,-2.4567950597011072,-0.1535490877335519,-0.30686580826295534,-1.205800175666809,4,0,0,0.023668639053254437,0.0,0.0,0.6782657746128608,0.29945228918567424,-1.205800175666809,0.8333358466625214,22.17230628203287,0.03448513653311993,0.6782657746128608,0.021818975210328755,0.29945228918567424,1.0,0.9649069092799802,1.062214366578474,32.43749924597866,0.8333358466625214,-0.009664677505624445,0.00016814776197202164,0.06632244461119895,0.0016382410909251354,0.0016382410909251354
human_eval_AgentChatLogprobs_20260311_161129_929,HumanEval_98,0,1,248,-0.06682627318579161,0.0,0.2977034413085057,-2.2143971920013428,-0.039742114394903105,-2.8014223971695174e-06,0.9617556991918048,1.0,0.10921933269588477,0.05838339882641301,-9.684943306112817e-11,1.0092386478472393,0.9233870967741935,0.03225806451612903,1.0691097290130016,-16.57291575007632,-0.6747389524243772,-1.2133263523379962,-2.0337607860565186,13,1,0,0.05241935483870968,0.004032258064516129,0.0,0.8995547701045127,0.6351323261885468,-0.453921914100647,0.8333319425582886,12.560764026311295,0.16833231584110825,0.8995547701045127,0.07685221678203565,0.3029181070586323,1.0,0.9172486359619805,1.1234858204136284,14.92708341254713,0.8333319425582886,-0.007245562223438558,-0.00040053220901762135,0.10992220665456927,0.07908327587941329,0.07908327587941329
human_eval_AgentChatLogprobs_20260311_161129_929,HumanEval_98,1,1,333,-0.05270037781696893,0.0,0.2143474451413182,-2.628074884414673,-0.11667684018611907,-0.001335558714345,0.9629673093826399,1.0,0.07221735525945217,0.08461915416388119,3.86267734663753e-09,1.1488619393206223,0.8948948948948949,0.021021021021021023,1.0541137619324008,-17.549225813050654,-0.48401204361156985,-0.7921304684132338,-1.7644469738006592,24,2,0,0.07207207207207207,0.006006006006006006,0.0,0.8995547701045127,0.6351323261885468,-0.453921914100647,0.8333319425582886,12.560764026311295,0.16050865777343115,0.8995547701045127,0.06723521605962605,0.07221735525945217,1.0,0.9004247112439323,1.2137471660698576,13.041666542088276,0.8333319425582886,-0.028865284686491535,-0.0004700498738639015,0.10992220665456927,0.07908327587941329,0.07908327587941329
human_eval_AgentChatLogprobs_20260311_161129_929,HumanEval_98,2,1,157,-0.03328122826198518,0.0,0.19725072158552853,-1.8398746252059937,-0.0048621119931339584,-1.1920930376163597e-07,0.9797750539054633,1.0,0.1588373390572684,0.03227837965383963,-9.902281564648956e-11,0.9761080815198655,0.9617834394904459,0.01910828025477707,1.0338412437383744,-5.225152837131673,-0.3473985220926503,-0.7236673523272786,-1.8398746252059937,4,0,0,0.025477707006369428,0.0,0.0,0.8995547701045127,0.27602775501872207,-1.2872538566589355,0.8333319425582886,12.560764026311295,0.044978043198823994,0.8995547701045127,0.03843691485266478,0.27602775501872207,1.0,0.9638013698695431,1.0664791520325532,34.78124883174896,0.8333319425582886,-0.012850849690826435,2.6966518751281137e-05,0.10992220665456927,0.07908327587941329,0.07908327587941329
human_eval_AgentChatLogprobs_20260311_161129_929,HumanEval_99,0,0,376,-0.041999728081474626,0.0,0.20747624232555717,-2.5679636001586914,-0.02327427268028255,-9.536748706295839e-07,0.9723297135536998,1.0,0.07669156119780035,0.054128811920715524,-7.198762403702199e-11,1.52744441952894,0.9308510638297872,0.02127659574468085,1.042894195168473,-15.791897758634459,-0.421310857592805,-0.7654882926079962,-1.7728923956553142,19,1,1,0.05053191489361702,0.0026595744680851063,0.0026595744680851063,0.03050857544888706,0.9959679842216151,-0.0040401662699878,6.250000074971467,26.60763116372258,0.12158928779660254,0.8802977482741643,0.060792533749382004,0.5604782569592747,1.0,0.9517068855242126,1.0608699203827638,13.395832632187668,0.4166640043258667,0.00016145585440408044,5.8455820225749464e-05,0.0039949789789238055,0.0008355901610959022,0.0008355901610959022
human_eval_AgentChatLogprobs_20260311_161129_929,HumanEval_99,1,1,419,-0.055502771115142784,0.0,0.23321376565283805,-2.001666784286499,-0.02566088736057275,-3.093528903264087e-05,0.964063613634118,1.0,0.13510989640090332,0.06537754650573578,2.3188507052603915e-10,1.4961261041453253,0.9260143198090692,0.0405727923627685,1.0570719463364417,-23.255661097244825,-0.5602390035623457,-0.9929839342832565,-1.751786231994629,24,6,0,0.057279236276849645,0.014319809069212411,0.0,0.03050857544888706,0.9959679842216151,-0.0040401662699878,6.250000074971467,26.60763116372258,0.12160415851667827,0.8802977482741643,0.060788923076911895,0.36949102304119485,1.0,0.942156194644731,1.0832045033086046,11.802082828860687,0.4166640043258667,0.00016566947356736213,-0.00023865002282187956,0.0039949789789238055,0.0008355901610959022,0.0008355901610959022
human_eval_AgentChatLogprobs_20260311_161129_929,HumanEval_99,2,0,374,-0.03543484252761092,0.0,0.18993118932249378,-2.57984471321106,-0.01538547547534105,-4.768372718899627e-07,0.9762291891754561,1.0,0.07578577163826927,0.04865834408019823,-7.43628526398375e-11,1.5068873748963205,0.9385026737967914,0.0106951871657754,1.036070138217277,-13.252631105326484,-0.35479995296210853,-0.6526616406109598,-1.7674208482106526,18,1,1,0.0481283422459893,0.00267379679144385,0.00267379679144385,0.10814943047123703,0.9806599022305214,-0.0195295643061399,4.166667716577649,26.406677379085142,0.1273863203505175,0.8802978017878321,0.06528706617651622,0.5604782569592747,1.0,0.947054227168082,1.068919822028133,13.270832592126416,0.4166640043258667,-0.0014174629268364485,1.2542383559482369e-05,0.018216694338448643,0.0012480190337849592,0.0012480190337849592
