setup,task_id,repetition,success,time
two-turn-0.6nt-4t,HumanEval_0,0,True,1.32
two-turn-0.6nt-4t,HumanEval_0,1,True,0.81
two-turn-0.6nt-4t,HumanEval_0,2,True,0.9
two-turn-0.6nt-4t,HumanEval_0,3,True,0.77
two-turn-0.6nt-4t,HumanEval_0,4,True,0.75
two-turn-0.6nt-4t,HumanEval_1,0,True,110.1
two-turn-0.6nt-4t,HumanEval_1,1,False,50.52
two-turn-0.6nt-4t,HumanEval_1,2,True,173.69
two-turn-0.6nt-4t,HumanEval_1,3,True,125.68
two-turn-0.6nt-4t,HumanEval_1,4,True,29.78
two-turn-0.6nt-4t,HumanEval_10,0,True,82.81
two-turn-0.6nt-4t,HumanEval_10,1,True,39.1
two-turn-0.6nt-4t,HumanEval_10,2,False,55.02
two-turn-0.6nt-4t,HumanEval_10,3,True,22.98
two-turn-0.6nt-4t,HumanEval_10,4,False,204.73
two-turn-0.6nt-4t,HumanEval_100,0,True,33.03
two-turn-0.6nt-4t,HumanEval_100,1,True,24.85
two-turn-0.6nt-4t,HumanEval_100,2,True,27.37
two-turn-0.6nt-4t,HumanEval_100,3,True,22.03
two-turn-0.6nt-4t,HumanEval_100,4,True,14.31
two-turn-0.6nt-4t,HumanEval_101,0,True,18.84
two-turn-0.6nt-4t,HumanEval_101,1,True,11.72
two-turn-0.6nt-4t,HumanEval_101,2,True,18.79
two-turn-0.6nt-4t,HumanEval_101,3,True,8.27
two-turn-0.6nt-4t,HumanEval_101,4,True,18.36
two-turn-0.6nt-4t,HumanEval_102,0,False,90.95
two-turn-0.6nt-4t,HumanEval_102,1,True,40.71
two-turn-0.6nt-4t,HumanEval_102,2,True,66.43
two-turn-0.6nt-4t,HumanEval_102,3,True,0.73
two-turn-0.6nt-4t,HumanEval_102,4,True,83.76
two-turn-0.6nt-4t,HumanEval_103,0,False,547.25
two-turn-0.6nt-4t,HumanEval_103,1,True,54.13
two-turn-0.6nt-4t,HumanEval_103,2,True,36.39
two-turn-0.6nt-4t,HumanEval_103,3,False,25.84
two-turn-0.6nt-4t,HumanEval_103,4,False,90.39
two-turn-0.6nt-4t,HumanEval_104,0,True,0.89
two-turn-0.6nt-4t,HumanEval_104,1,True,8.74
two-turn-0.6nt-4t,HumanEval_104,2,True,0.7
two-turn-0.6nt-4t,HumanEval_104,3,True,0.82
two-turn-0.6nt-4t,HumanEval_104,4,True,27.1
two-turn-0.6nt-4t,HumanEval_105,0,False,65.01
two-turn-0.6nt-4t,HumanEval_105,1,True,43.82
two-turn-0.6nt-4t,HumanEval_105,2,True,34.64
two-turn-0.6nt-4t,HumanEval_105,3,False,54.78
two-turn-0.6nt-4t,HumanEval_105,4,True,1.58
two-turn-0.6nt-4t,HumanEval_106,0,True,22.6
two-turn-0.6nt-4t,HumanEval_106,1,True,24.47
two-turn-0.6nt-4t,HumanEval_106,2,True,14.61
two-turn-0.6nt-4t,HumanEval_106,3,True,17.76
two-turn-0.6nt-4t,HumanEval_106,4,True,18.73
two-turn-0.6nt-4t,HumanEval_107,0,True,1.2
two-turn-0.6nt-4t,HumanEval_107,1,False,22.03
two-turn-0.6nt-4t,HumanEval_107,2,True,1.4
two-turn-0.6nt-4t,HumanEval_107,3,True,1.1
two-turn-0.6nt-4t,HumanEval_107,4,True,0.95
two-turn-0.6nt-4t,HumanEval_108,0,True,32.14
two-turn-0.6nt-4t,HumanEval_108,1,True,31.54
two-turn-0.6nt-4t,HumanEval_108,2,True,38.64
two-turn-0.6nt-4t,HumanEval_108,3,True,24.61
two-turn-0.6nt-4t,HumanEval_108,4,True,23.25
two-turn-0.6nt-4t,HumanEval_109,0,True,48.58
two-turn-0.6nt-4t,HumanEval_109,1,True,103.89
two-turn-0.6nt-4t,HumanEval_109,2,True,109.76
two-turn-0.6nt-4t,HumanEval_109,3,True,29.6
two-turn-0.6nt-4t,HumanEval_109,4,True,61.16
two-turn-0.6nt-4t,HumanEval_11,0,True,0.65
two-turn-0.6nt-4t,HumanEval_11,1,True,0.72
two-turn-0.6nt-4t,HumanEval_11,2,True,22.41
two-turn-0.6nt-4t,HumanEval_11,3,True,18.04
two-turn-0.6nt-4t,HumanEval_11,4,True,0.75
two-turn-0.6nt-4t,HumanEval_110,0,True,16.52
two-turn-0.6nt-4t,HumanEval_110,1,True,23.35
two-turn-0.6nt-4t,HumanEval_110,2,True,23.8
two-turn-0.6nt-4t,HumanEval_110,3,True,32.58
two-turn-0.6nt-4t,HumanEval_110,4,True,20.86
two-turn-0.6nt-4t,HumanEval_111,0,False,8.31
two-turn-0.6nt-4t,HumanEval_111,1,True,21.67
two-turn-0.6nt-4t,HumanEval_111,2,True,16.18
two-turn-0.6nt-4t,HumanEval_111,3,False,9.43
two-turn-0.6nt-4t,HumanEval_111,4,True,15.95
two-turn-0.6nt-4t,HumanEval_112,0,True,12.84
two-turn-0.6nt-4t,HumanEval_112,1,True,13.64
two-turn-0.6nt-4t,HumanEval_112,2,True,12.99
two-turn-0.6nt-4t,HumanEval_112,3,True,0.81
two-turn-0.6nt-4t,HumanEval_112,4,True,13.48
two-turn-0.6nt-4t,HumanEval_113,0,True,12.02
two-turn-0.6nt-4t,HumanEval_113,1,True,20.73
two-turn-0.6nt-4t,HumanEval_113,2,True,39.15
two-turn-0.6nt-4t,HumanEval_113,3,True,28.44
two-turn-0.6nt-4t,HumanEval_113,4,True,52.5
two-turn-0.6nt-4t,HumanEval_114,0,False,43.98
two-turn-0.6nt-4t,HumanEval_114,1,True,19.04
two-turn-0.6nt-4t,HumanEval_114,2,True,40.89
two-turn-0.6nt-4t,HumanEval_114,3,True,16.11
two-turn-0.6nt-4t,HumanEval_114,4,True,93.0
two-turn-0.6nt-4t,HumanEval_115,0,False,24.0
two-turn-0.6nt-4t,HumanEval_115,1,True,12.9
two-turn-0.6nt-4t,HumanEval_115,2,False,13.62
two-turn-0.6nt-4t,HumanEval_115,3,False,11.18
two-turn-0.6nt-4t,HumanEval_115,4,False,11.99
two-turn-0.6nt-4t,HumanEval_116,0,True,0.63
two-turn-0.6nt-4t,HumanEval_116,1,True,0.8
two-turn-0.6nt-4t,HumanEval_116,2,True,0.54
two-turn-0.6nt-4t,HumanEval_116,3,True,0.78
two-turn-0.6nt-4t,HumanEval_116,4,True,0.78
two-turn-0.6nt-4t,HumanEval_117,0,True,82.97
two-turn-0.6nt-4t,HumanEval_117,1,False,45.63
two-turn-0.6nt-4t,HumanEval_117,2,True,13.74
two-turn-0.6nt-4t,HumanEval_117,3,True,28.21
two-turn-0.6nt-4t,HumanEval_117,4,False,16.46
two-turn-0.6nt-4t,HumanEval_118,0,True,62.58
two-turn-0.6nt-4t,HumanEval_118,1,True,59.24
two-turn-0.6nt-4t,HumanEval_118,2,True,48.24
two-turn-0.6nt-4t,HumanEval_118,3,True,83.55
two-turn-0.6nt-4t,HumanEval_118,4,True,52.35
two-turn-0.6nt-4t,HumanEval_119,0,True,1.63
two-turn-0.6nt-4t,HumanEval_119,1,True,92.43
two-turn-0.6nt-4t,HumanEval_119,2,True,1.03
two-turn-0.6nt-4t,HumanEval_119,3,True,75.45
two-turn-0.6nt-4t,HumanEval_119,4,True,0.89
two-turn-0.6nt-4t,HumanEval_12,0,True,0.7
two-turn-0.6nt-4t,HumanEval_12,1,True,0.54
two-turn-0.6nt-4t,HumanEval_12,2,True,0.72
two-turn-0.6nt-4t,HumanEval_12,3,True,0.63
two-turn-0.6nt-4t,HumanEval_12,4,True,0.66
two-turn-0.6nt-4t,HumanEval_120,0,False,15.56
two-turn-0.6nt-4t,HumanEval_120,1,True,25.98
two-turn-0.6nt-4t,HumanEval_120,2,True,17.05
two-turn-0.6nt-4t,HumanEval_120,3,True,18.82
two-turn-0.6nt-4t,HumanEval_120,4,True,16.03
two-turn-0.6nt-4t,HumanEval_121,0,True,0.49
two-turn-0.6nt-4t,HumanEval_121,1,True,0.65
two-turn-0.6nt-4t,HumanEval_121,2,True,0.54
two-turn-0.6nt-4t,HumanEval_121,3,True,0.5
two-turn-0.6nt-4t,HumanEval_121,4,True,0.64
two-turn-0.6nt-4t,HumanEval_122,0,True,0.68
two-turn-0.6nt-4t,HumanEval_122,1,True,0.67
two-turn-0.6nt-4t,HumanEval_122,2,True,0.68
two-turn-0.6nt-4t,HumanEval_122,3,True,0.69
two-turn-0.6nt-4t,HumanEval_122,4,True,0.66
two-turn-0.6nt-4t,HumanEval_123,0,True,21.4
two-turn-0.6nt-4t,HumanEval_123,1,True,39.29
two-turn-0.6nt-4t,HumanEval_123,2,True,31.13
two-turn-0.6nt-4t,HumanEval_123,3,True,28.81
two-turn-0.6nt-4t,HumanEval_123,4,True,36.23
two-turn-0.6nt-4t,HumanEval_124,0,True,42.22
two-turn-0.6nt-4t,HumanEval_124,1,True,53.72
two-turn-0.6nt-4t,HumanEval_124,2,True,53.8
two-turn-0.6nt-4t,HumanEval_124,3,True,75.53
two-turn-0.6nt-4t,HumanEval_124,4,True,68.14
two-turn-0.6nt-4t,HumanEval_125,0,True,21.54
two-turn-0.6nt-4t,HumanEval_125,1,False,20.92
two-turn-0.6nt-4t,HumanEval_125,2,True,25.44
two-turn-0.6nt-4t,HumanEval_125,3,True,12.08
two-turn-0.6nt-4t,HumanEval_125,4,True,14.92
two-turn-0.6nt-4t,HumanEval_126,0,True,54.1
two-turn-0.6nt-4t,HumanEval_126,1,True,45.51
two-turn-0.6nt-4t,HumanEval_126,2,False,129.57
two-turn-0.6nt-4t,HumanEval_126,3,True,47.84
two-turn-0.6nt-4t,HumanEval_126,4,False,87.63
two-turn-0.6nt-4t,HumanEval_127,0,True,1.14
two-turn-0.6nt-4t,HumanEval_127,1,False,20.33
two-turn-0.6nt-4t,HumanEval_127,2,True,1.31
two-turn-0.6nt-4t,HumanEval_127,3,True,13.83
two-turn-0.6nt-4t,HumanEval_127,4,True,1.77
two-turn-0.6nt-4t,HumanEval_128,0,True,33.54
two-turn-0.6nt-4t,HumanEval_128,1,True,17.2
two-turn-0.6nt-4t,HumanEval_128,2,True,52.22
two-turn-0.6nt-4t,HumanEval_128,3,True,25.17
two-turn-0.6nt-4t,HumanEval_128,4,True,24.88
two-turn-0.6nt-4t,HumanEval_129,0,True,45.26
two-turn-0.6nt-4t,HumanEval_129,1,False,195.99247121810913
two-turn-0.6nt-4t,HumanEval_129,2,False,196.0334541797638
two-turn-0.6nt-4t,HumanEval_129,3,False,23.32
two-turn-0.6nt-4t,HumanEval_129,4,True,51.24
two-turn-0.6nt-4t,HumanEval_13,0,True,0.66
two-turn-0.6nt-4t,HumanEval_13,1,True,0.53
two-turn-0.6nt-4t,HumanEval_13,2,True,0.53
two-turn-0.6nt-4t,HumanEval_13,3,True,0.47
two-turn-0.6nt-4t,HumanEval_13,4,True,0.63
two-turn-0.6nt-4t,HumanEval_130,0,False,138.53
two-turn-0.6nt-4t,HumanEval_130,1,False,138.4
two-turn-0.6nt-4t,HumanEval_130,2,True,113.46
two-turn-0.6nt-4t,HumanEval_130,3,False,546.79
two-turn-0.6nt-4t,HumanEval_130,4,False,129.36
two-turn-0.6nt-4t,HumanEval_131,0,True,15.98
two-turn-0.6nt-4t,HumanEval_131,1,True,9.72
two-turn-0.6nt-4t,HumanEval_131,2,True,14.01
two-turn-0.6nt-4t,HumanEval_131,3,True,16.44
two-turn-0.6nt-4t,HumanEval_131,4,True,15.74
two-turn-0.6nt-4t,HumanEval_132,0,False,51.91
two-turn-0.6nt-4t,HumanEval_132,1,False,65.37
two-turn-0.6nt-4t,HumanEval_132,2,False,31.36
two-turn-0.6nt-4t,HumanEval_132,3,False,108.63
two-turn-0.6nt-4t,HumanEval_132,4,False,35.55
two-turn-0.6nt-4t,HumanEval_133,0,True,30.77
two-turn-0.6nt-4t,HumanEval_133,1,True,11.03
two-turn-0.6nt-4t,HumanEval_133,2,True,14.55
two-turn-0.6nt-4t,HumanEval_133,3,True,38.86
two-turn-0.6nt-4t,HumanEval_133,4,True,11.11
two-turn-0.6nt-4t,HumanEval_134,0,False,548.73
two-turn-0.6nt-4t,HumanEval_134,1,False,145.08
two-turn-0.6nt-4t,HumanEval_134,2,False,47.22
two-turn-0.6nt-4t,HumanEval_134,3,False,125.1
two-turn-0.6nt-4t,HumanEval_134,4,False,160.43
two-turn-0.6nt-4t,HumanEval_135,0,True,0.76
two-turn-0.6nt-4t,HumanEval_135,1,True,12.9
two-turn-0.6nt-4t,HumanEval_135,2,True,18.28
two-turn-0.6nt-4t,HumanEval_135,3,True,1.35
two-turn-0.6nt-4t,HumanEval_135,4,True,16.74
two-turn-0.6nt-4t,HumanEval_136,0,True,1.19
two-turn-0.6nt-4t,HumanEval_136,1,True,13.09
two-turn-0.6nt-4t,HumanEval_136,2,True,0.86
two-turn-0.6nt-4t,HumanEval_136,3,True,35.93
two-turn-0.6nt-4t,HumanEval_136,4,True,0.88
two-turn-0.6nt-4t,HumanEval_137,0,True,29.02
two-turn-0.6nt-4t,HumanEval_137,1,True,25.33
two-turn-0.6nt-4t,HumanEval_137,2,True,26.87
two-turn-0.6nt-4t,HumanEval_137,3,True,28.73
two-turn-0.6nt-4t,HumanEval_137,4,False,35.05
two-turn-0.6nt-4t,HumanEval_138,0,False,46.23
two-turn-0.6nt-4t,HumanEval_138,1,True,0.67
two-turn-0.6nt-4t,HumanEval_138,2,True,14.42
two-turn-0.6nt-4t,HumanEval_138,3,True,0.94
two-turn-0.6nt-4t,HumanEval_138,4,True,16.2
two-turn-0.6nt-4t,HumanEval_139,0,True,14.63
two-turn-0.6nt-4t,HumanEval_139,1,True,18.06
two-turn-0.6nt-4t,HumanEval_139,2,True,13.27
two-turn-0.6nt-4t,HumanEval_139,3,True,15.65
two-turn-0.6nt-4t,HumanEval_139,4,True,28.74
two-turn-0.6nt-4t,HumanEval_14,0,True,0.55
two-turn-0.6nt-4t,HumanEval_14,1,True,6.23
two-turn-0.6nt-4t,HumanEval_14,2,True,8.16
two-turn-0.6nt-4t,HumanEval_14,3,True,6.82
two-turn-0.6nt-4t,HumanEval_14,4,True,0.49
two-turn-0.6nt-4t,HumanEval_140,0,False,22.99
two-turn-0.6nt-4t,HumanEval_140,1,False,5.47
two-turn-0.6nt-4t,HumanEval_140,2,True,33.13
two-turn-0.6nt-4t,HumanEval_140,3,False,30.51
two-turn-0.6nt-4t,HumanEval_140,4,False,6.8
two-turn-0.6nt-4t,HumanEval_141,0,True,38.96
two-turn-0.6nt-4t,HumanEval_141,1,True,40.21
two-turn-0.6nt-4t,HumanEval_141,2,True,36.16
two-turn-0.6nt-4t,HumanEval_141,3,True,25.8
two-turn-0.6nt-4t,HumanEval_141,4,True,37.05
two-turn-0.6nt-4t,HumanEval_142,0,True,68.35
two-turn-0.6nt-4t,HumanEval_142,1,True,94.86
two-turn-0.6nt-4t,HumanEval_142,2,False,80.49
two-turn-0.6nt-4t,HumanEval_142,3,True,83.3
two-turn-0.6nt-4t,HumanEval_142,4,False,102.16
two-turn-0.6nt-4t,HumanEval_143,0,True,0.77
two-turn-0.6nt-4t,HumanEval_143,1,True,0.86
two-turn-0.6nt-4t,HumanEval_143,2,True,16.4
two-turn-0.6nt-4t,HumanEval_143,3,True,0.8
two-turn-0.6nt-4t,HumanEval_143,4,True,0.93
two-turn-0.6nt-4t,HumanEval_144,0,True,26.17
two-turn-0.6nt-4t,HumanEval_144,1,True,16.41
two-turn-0.6nt-4t,HumanEval_144,2,True,41.77
two-turn-0.6nt-4t,HumanEval_144,3,True,14.78
two-turn-0.6nt-4t,HumanEval_144,4,True,22.21
two-turn-0.6nt-4t,HumanEval_145,0,False,127.04
two-turn-0.6nt-4t,HumanEval_145,1,False,88.66
two-turn-0.6nt-4t,HumanEval_145,2,False,53.26
two-turn-0.6nt-4t,HumanEval_145,3,False,142.55
two-turn-0.6nt-4t,HumanEval_145,4,False,74.65
two-turn-0.6nt-4t,HumanEval_146,0,True,21.01
two-turn-0.6nt-4t,HumanEval_146,1,True,0.81
two-turn-0.6nt-4t,HumanEval_146,2,True,23.57
two-turn-0.6nt-4t,HumanEval_146,3,True,21.41
two-turn-0.6nt-4t,HumanEval_146,4,True,0.68
two-turn-0.6nt-4t,HumanEval_147,0,True,0.77
two-turn-0.6nt-4t,HumanEval_147,1,True,30.02
two-turn-0.6nt-4t,HumanEval_147,2,True,0.79
two-turn-0.6nt-4t,HumanEval_147,3,True,0.79
two-turn-0.6nt-4t,HumanEval_147,4,False,57.71
two-turn-0.6nt-4t,HumanEval_148,0,True,27.23
two-turn-0.6nt-4t,HumanEval_148,1,True,33.73
two-turn-0.6nt-4t,HumanEval_148,2,True,29.68
two-turn-0.6nt-4t,HumanEval_148,3,True,42.99
two-turn-0.6nt-4t,HumanEval_148,4,True,38.93
two-turn-0.6nt-4t,HumanEval_149,0,True,0.85
two-turn-0.6nt-4t,HumanEval_149,1,True,14.06
two-turn-0.6nt-4t,HumanEval_149,2,True,83.1
two-turn-0.6nt-4t,HumanEval_149,3,True,18.73
two-turn-0.6nt-4t,HumanEval_149,4,True,56.15
two-turn-0.6nt-4t,HumanEval_15,0,True,0.54
two-turn-0.6nt-4t,HumanEval_15,1,True,0.49
two-turn-0.6nt-4t,HumanEval_15,2,True,0.49
two-turn-0.6nt-4t,HumanEval_15,3,True,7.02
two-turn-0.6nt-4t,HumanEval_15,4,True,0.61
two-turn-0.6nt-4t,HumanEval_150,0,True,0.75
two-turn-0.6nt-4t,HumanEval_150,1,True,0.75
two-turn-0.6nt-4t,HumanEval_150,2,True,0.77
two-turn-0.6nt-4t,HumanEval_150,3,True,0.75
two-turn-0.6nt-4t,HumanEval_150,4,True,0.61
two-turn-0.6nt-4t,HumanEval_151,0,True,0.65
two-turn-0.6nt-4t,HumanEval_151,1,True,35.59
two-turn-0.6nt-4t,HumanEval_151,2,True,0.76
two-turn-0.6nt-4t,HumanEval_151,3,True,0.68
two-turn-0.6nt-4t,HumanEval_151,4,True,0.59
two-turn-0.6nt-4t,HumanEval_152,0,True,0.87
two-turn-0.6nt-4t,HumanEval_152,1,True,0.88
two-turn-0.6nt-4t,HumanEval_152,2,True,15.97
two-turn-0.6nt-4t,HumanEval_152,3,True,0.87
two-turn-0.6nt-4t,HumanEval_152,4,True,22.48
two-turn-0.6nt-4t,HumanEval_153,0,False,52.68
two-turn-0.6nt-4t,HumanEval_153,1,True,51.27
two-turn-0.6nt-4t,HumanEval_153,2,True,48.93
two-turn-0.6nt-4t,HumanEval_153,3,True,45.54
two-turn-0.6nt-4t,HumanEval_153,4,True,38.72
two-turn-0.6nt-4t,HumanEval_154,0,True,0.75
two-turn-0.6nt-4t,HumanEval_154,1,True,25.5
two-turn-0.6nt-4t,HumanEval_154,2,True,0.75
two-turn-0.6nt-4t,HumanEval_154,3,True,0.76
two-turn-0.6nt-4t,HumanEval_154,4,True,0.76
two-turn-0.6nt-4t,HumanEval_155,0,True,7.28
two-turn-0.6nt-4t,HumanEval_155,1,True,7.44
two-turn-0.6nt-4t,HumanEval_155,2,True,8.36
two-turn-0.6nt-4t,HumanEval_155,3,True,7.14
two-turn-0.6nt-4t,HumanEval_155,4,True,9.02
two-turn-0.6nt-4t,HumanEval_156,0,False,41.68
two-turn-0.6nt-4t,HumanEval_156,1,True,12.56
two-turn-0.6nt-4t,HumanEval_156,2,True,17.32
two-turn-0.6nt-4t,HumanEval_156,3,True,45.54
two-turn-0.6nt-4t,HumanEval_156,4,False,40.77
two-turn-0.6nt-4t,HumanEval_157,0,True,25.97
two-turn-0.6nt-4t,HumanEval_157,1,True,8.56
two-turn-0.6nt-4t,HumanEval_157,2,True,0.76
two-turn-0.6nt-4t,HumanEval_157,3,True,0.77
two-turn-0.6nt-4t,HumanEval_157,4,True,7.66
two-turn-0.6nt-4t,HumanEval_158,0,True,0.77
two-turn-0.6nt-4t,HumanEval_158,1,True,32.14
two-turn-0.6nt-4t,HumanEval_158,2,True,0.82
two-turn-0.6nt-4t,HumanEval_158,3,True,0.74
two-turn-0.6nt-4t,HumanEval_158,4,True,0.69
two-turn-0.6nt-4t,HumanEval_159,0,True,19.72
two-turn-0.6nt-4t,HumanEval_159,1,True,17.21
two-turn-0.6nt-4t,HumanEval_159,2,True,19.11
two-turn-0.6nt-4t,HumanEval_159,3,True,20.9
two-turn-0.6nt-4t,HumanEval_159,4,True,21.38
two-turn-0.6nt-4t,HumanEval_16,0,True,0.6
two-turn-0.6nt-4t,HumanEval_16,1,True,0.59
two-turn-0.6nt-4t,HumanEval_16,2,True,0.58
two-turn-0.6nt-4t,HumanEval_16,3,True,0.6
two-turn-0.6nt-4t,HumanEval_16,4,True,0.59
two-turn-0.6nt-4t,HumanEval_160,0,False,44.44
two-turn-0.6nt-4t,HumanEval_160,1,False,63.04
two-turn-0.6nt-4t,HumanEval_160,2,False,15.56
two-turn-0.6nt-4t,HumanEval_160,3,True,37.45
two-turn-0.6nt-4t,HumanEval_160,4,False,542.77
two-turn-0.6nt-4t,HumanEval_161,0,True,10.64
two-turn-0.6nt-4t,HumanEval_161,1,True,11.66
two-turn-0.6nt-4t,HumanEval_161,2,True,11.47
two-turn-0.6nt-4t,HumanEval_161,3,True,10.89
two-turn-0.6nt-4t,HumanEval_161,4,True,11.43
two-turn-0.6nt-4t,HumanEval_162,0,True,7.8
two-turn-0.6nt-4t,HumanEval_162,1,True,0.57
two-turn-0.6nt-4t,HumanEval_162,2,True,8.01
two-turn-0.6nt-4t,HumanEval_162,3,True,0.68
two-turn-0.6nt-4t,HumanEval_162,4,True,0.67
two-turn-0.6nt-4t,HumanEval_163,0,False,62.09
two-turn-0.6nt-4t,HumanEval_163,1,False,88.26
two-turn-0.6nt-4t,HumanEval_163,2,False,73.97
two-turn-0.6nt-4t,HumanEval_163,3,False,66.05
two-turn-0.6nt-4t,HumanEval_163,4,False,72.09
two-turn-0.6nt-4t,HumanEval_17,0,True,26.0
two-turn-0.6nt-4t,HumanEval_17,1,True,17.03
two-turn-0.6nt-4t,HumanEval_17,2,True,19.35
two-turn-0.6nt-4t,HumanEval_17,3,True,10.52
two-turn-0.6nt-4t,HumanEval_17,4,True,18.54
two-turn-0.6nt-4t,HumanEval_18,0,True,91.72
two-turn-0.6nt-4t,HumanEval_18,1,True,0.75
two-turn-0.6nt-4t,HumanEval_18,2,True,0.81
two-turn-0.6nt-4t,HumanEval_18,3,True,0.79
two-turn-0.6nt-4t,HumanEval_18,4,True,34.56
two-turn-0.6nt-4t,HumanEval_19,0,True,10.76
two-turn-0.6nt-4t,HumanEval_19,1,True,22.18
two-turn-0.6nt-4t,HumanEval_19,2,True,22.14
two-turn-0.6nt-4t,HumanEval_19,3,True,8.75
two-turn-0.6nt-4t,HumanEval_19,4,True,24.21
two-turn-0.6nt-4t,HumanEval_2,0,True,0.63
two-turn-0.6nt-4t,HumanEval_2,1,True,0.6
two-turn-0.6nt-4t,HumanEval_2,2,True,0.69
two-turn-0.6nt-4t,HumanEval_2,3,True,0.51
two-turn-0.6nt-4t,HumanEval_2,4,True,12.08
two-turn-0.6nt-4t,HumanEval_20,0,True,28.97
two-turn-0.6nt-4t,HumanEval_20,1,True,26.08
two-turn-0.6nt-4t,HumanEval_20,2,True,18.34
two-turn-0.6nt-4t,HumanEval_20,3,False,42.83
two-turn-0.6nt-4t,HumanEval_20,4,True,13.57
two-turn-0.6nt-4t,HumanEval_21,0,True,14.33
two-turn-0.6nt-4t,HumanEval_21,1,True,24.31
two-turn-0.6nt-4t,HumanEval_21,2,True,15.03
two-turn-0.6nt-4t,HumanEval_21,3,True,9.45
two-turn-0.6nt-4t,HumanEval_21,4,True,15.48
two-turn-0.6nt-4t,HumanEval_22,0,True,0.63
two-turn-0.6nt-4t,HumanEval_22,1,True,0.63
two-turn-0.6nt-4t,HumanEval_22,2,True,0.61
two-turn-0.6nt-4t,HumanEval_22,3,True,0.64
two-turn-0.6nt-4t,HumanEval_22,4,True,0.43
two-turn-0.6nt-4t,HumanEval_23,0,True,0.49
two-turn-0.6nt-4t,HumanEval_23,1,True,0.41
two-turn-0.6nt-4t,HumanEval_23,2,True,0.41
two-turn-0.6nt-4t,HumanEval_23,3,True,0.42
two-turn-0.6nt-4t,HumanEval_23,4,True,0.4
two-turn-0.6nt-4t,HumanEval_24,0,True,15.04
two-turn-0.6nt-4t,HumanEval_24,1,True,10.02
two-turn-0.6nt-4t,HumanEval_24,2,True,21.98
two-turn-0.6nt-4t,HumanEval_24,3,True,16.13
two-turn-0.6nt-4t,HumanEval_24,4,True,0.61
two-turn-0.6nt-4t,HumanEval_25,0,False,7.81
two-turn-0.6nt-4t,HumanEval_25,1,False,44.49
two-turn-0.6nt-4t,HumanEval_25,2,True,0.87
two-turn-0.6nt-4t,HumanEval_25,3,True,0.92
two-turn-0.6nt-4t,HumanEval_25,4,True,0.87
two-turn-0.6nt-4t,HumanEval_26,0,True,18.03
two-turn-0.6nt-4t,HumanEval_26,1,True,19.84
two-turn-0.6nt-4t,HumanEval_26,2,True,19.04
two-turn-0.6nt-4t,HumanEval_26,3,True,17.26
two-turn-0.6nt-4t,HumanEval_26,4,True,15.3
two-turn-0.6nt-4t,HumanEval_27,0,True,0.47
two-turn-0.6nt-4t,HumanEval_27,1,True,8.07
two-turn-0.6nt-4t,HumanEval_27,2,True,0.47
two-turn-0.6nt-4t,HumanEval_27,3,True,0.43
two-turn-0.6nt-4t,HumanEval_27,4,True,0.44
two-turn-0.6nt-4t,HumanEval_28,0,True,0.54
two-turn-0.6nt-4t,HumanEval_28,1,True,0.48
two-turn-0.6nt-4t,HumanEval_28,2,True,0.47
two-turn-0.6nt-4t,HumanEval_28,3,True,0.5
two-turn-0.6nt-4t,HumanEval_28,4,True,0.44
two-turn-0.6nt-4t,HumanEval_29,0,True,0.69
two-turn-0.6nt-4t,HumanEval_29,1,True,0.53
two-turn-0.6nt-4t,HumanEval_29,2,True,0.61
two-turn-0.6nt-4t,HumanEval_29,3,True,0.57
two-turn-0.6nt-4t,HumanEval_29,4,True,0.52
two-turn-0.6nt-4t,HumanEval_3,0,True,0.65
two-turn-0.6nt-4t,HumanEval_3,1,True,19.8
two-turn-0.6nt-4t,HumanEval_3,2,True,0.63
two-turn-0.6nt-4t,HumanEval_3,3,True,0.64
two-turn-0.6nt-4t,HumanEval_3,4,True,17.06
two-turn-0.6nt-4t,HumanEval_30,0,True,0.66
two-turn-0.6nt-4t,HumanEval_30,1,True,0.6
two-turn-0.6nt-4t,HumanEval_30,2,True,0.39
two-turn-0.6nt-4t,HumanEval_30,3,True,0.39
two-turn-0.6nt-4t,HumanEval_30,4,True,0.63
two-turn-0.6nt-4t,HumanEval_31,0,True,0.78
two-turn-0.6nt-4t,HumanEval_31,1,True,0.71
two-turn-0.6nt-4t,HumanEval_31,2,True,0.75
two-turn-0.6nt-4t,HumanEval_31,3,True,31.88
two-turn-0.6nt-4t,HumanEval_31,4,True,0.6
two-turn-0.6nt-4t,HumanEval_32,0,False,164.59
two-turn-0.6nt-4t,HumanEval_32,1,False,544.88
two-turn-0.6nt-4t,HumanEval_32,2,False,142.78
two-turn-0.6nt-4t,HumanEval_32,3,False,116.67
two-turn-0.6nt-4t,HumanEval_32,4,False,120.64
two-turn-0.6nt-4t,HumanEval_33,0,True,14.92
two-turn-0.6nt-4t,HumanEval_33,1,True,21.75
two-turn-0.6nt-4t,HumanEval_33,2,True,22.16
two-turn-0.6nt-4t,HumanEval_33,3,True,23.4
two-turn-0.6nt-4t,HumanEval_33,4,True,20.2
two-turn-0.6nt-4t,HumanEval_34,0,True,0.58
two-turn-0.6nt-4t,HumanEval_34,1,True,0.52
two-turn-0.6nt-4t,HumanEval_34,2,True,0.56
two-turn-0.6nt-4t,HumanEval_34,3,True,0.58
two-turn-0.6nt-4t,HumanEval_34,4,True,0.54
two-turn-0.6nt-4t,HumanEval_35,0,True,0.56
two-turn-0.6nt-4t,HumanEval_35,1,True,0.53
two-turn-0.6nt-4t,HumanEval_35,2,True,0.49
two-turn-0.6nt-4t,HumanEval_35,3,True,0.52
two-turn-0.6nt-4t,HumanEval_35,4,True,0.69
two-turn-0.6nt-4t,HumanEval_36,0,False,58.18
two-turn-0.6nt-4t,HumanEval_36,1,True,19.11
two-turn-0.6nt-4t,HumanEval_36,2,True,20.87
two-turn-0.6nt-4t,HumanEval_36,3,True,0.6
two-turn-0.6nt-4t,HumanEval_36,4,False,28.41
two-turn-0.6nt-4t,HumanEval_37,0,True,14.61
two-turn-0.6nt-4t,HumanEval_37,1,True,16.96
two-turn-0.6nt-4t,HumanEval_37,2,True,11.53
two-turn-0.6nt-4t,HumanEval_37,3,True,15.39
two-turn-0.6nt-4t,HumanEval_37,4,True,17.69
two-turn-0.6nt-4t,HumanEval_38,0,False,35.31
two-turn-0.6nt-4t,HumanEval_38,1,False,24.4
two-turn-0.6nt-4t,HumanEval_38,2,False,31.37
two-turn-0.6nt-4t,HumanEval_38,3,False,10.02
two-turn-0.6nt-4t,HumanEval_38,4,True,14.04
two-turn-0.6nt-4t,HumanEval_39,0,True,26.13
two-turn-0.6nt-4t,HumanEval_39,1,True,28.3
two-turn-0.6nt-4t,HumanEval_39,2,True,26.56
two-turn-0.6nt-4t,HumanEval_39,3,True,28.06
two-turn-0.6nt-4t,HumanEval_39,4,True,18.49
two-turn-0.6nt-4t,HumanEval_4,0,True,0.67
two-turn-0.6nt-4t,HumanEval_4,1,True,0.71
two-turn-0.6nt-4t,HumanEval_4,2,True,0.72
two-turn-0.6nt-4t,HumanEval_4,3,True,0.74
two-turn-0.6nt-4t,HumanEval_4,4,True,9.88
two-turn-0.6nt-4t,HumanEval_40,0,True,0.89
two-turn-0.6nt-4t,HumanEval_40,1,True,47.61
two-turn-0.6nt-4t,HumanEval_40,2,True,0.98
two-turn-0.6nt-4t,HumanEval_40,3,True,43.07
two-turn-0.6nt-4t,HumanEval_40,4,True,51.71
two-turn-0.6nt-4t,HumanEval_41,0,True,16.59
two-turn-0.6nt-4t,HumanEval_41,1,True,17.66
two-turn-0.6nt-4t,HumanEval_41,2,True,8.49
two-turn-0.6nt-4t,HumanEval_41,3,True,12.4
two-turn-0.6nt-4t,HumanEval_41,4,True,10.99
two-turn-0.6nt-4t,HumanEval_42,0,True,0.67
two-turn-0.6nt-4t,HumanEval_42,1,True,0.6
two-turn-0.6nt-4t,HumanEval_42,2,True,0.38
two-turn-0.6nt-4t,HumanEval_42,3,True,0.4
two-turn-0.6nt-4t,HumanEval_42,4,True,0.59
two-turn-0.6nt-4t,HumanEval_43,0,True,0.81
two-turn-0.6nt-4t,HumanEval_43,1,True,0.56
two-turn-0.6nt-4t,HumanEval_43,2,True,61.2
two-turn-0.6nt-4t,HumanEval_43,3,True,41.38
two-turn-0.6nt-4t,HumanEval_43,4,True,0.64
two-turn-0.6nt-4t,HumanEval_44,0,True,0.73
two-turn-0.6nt-4t,HumanEval_44,1,True,0.74
two-turn-0.6nt-4t,HumanEval_44,2,True,42.55
two-turn-0.6nt-4t,HumanEval_44,3,True,0.76
two-turn-0.6nt-4t,HumanEval_44,4,True,19.57
two-turn-0.6nt-4t,HumanEval_45,0,True,0.53
two-turn-0.6nt-4t,HumanEval_45,1,True,0.42
two-turn-0.6nt-4t,HumanEval_45,2,True,0.43
two-turn-0.6nt-4t,HumanEval_45,3,True,0.42
two-turn-0.6nt-4t,HumanEval_45,4,True,0.44
two-turn-0.6nt-4t,HumanEval_46,0,True,0.9
two-turn-0.6nt-4t,HumanEval_46,1,True,0.89
two-turn-0.6nt-4t,HumanEval_46,2,False,12.35
two-turn-0.6nt-4t,HumanEval_46,3,True,33.24
two-turn-0.6nt-4t,HumanEval_46,4,True,18.88
two-turn-0.6nt-4t,HumanEval_47,0,True,0.68
two-turn-0.6nt-4t,HumanEval_47,1,True,0.6
two-turn-0.6nt-4t,HumanEval_47,2,True,58.5
two-turn-0.6nt-4t,HumanEval_47,3,True,0.64
two-turn-0.6nt-4t,HumanEval_47,4,True,0.7
two-turn-0.6nt-4t,HumanEval_48,0,True,0.57
two-turn-0.6nt-4t,HumanEval_48,1,True,0.51
two-turn-0.6nt-4t,HumanEval_48,2,True,0.54
two-turn-0.6nt-4t,HumanEval_48,3,True,0.47
two-turn-0.6nt-4t,HumanEval_48,4,True,0.61
two-turn-0.6nt-4t,HumanEval_49,0,True,0.62
two-turn-0.6nt-4t,HumanEval_49,1,True,0.58
two-turn-0.6nt-4t,HumanEval_49,2,True,0.58
two-turn-0.6nt-4t,HumanEval_49,3,True,0.61
two-turn-0.6nt-4t,HumanEval_49,4,True,0.57
two-turn-0.6nt-4t,HumanEval_5,0,True,10.85
two-turn-0.6nt-4t,HumanEval_5,1,True,11.84
two-turn-0.6nt-4t,HumanEval_5,2,True,19.96
two-turn-0.6nt-4t,HumanEval_5,3,True,13.94
two-turn-0.6nt-4t,HumanEval_5,4,True,0.51
two-turn-0.6nt-4t,HumanEval_50,0,True,0.61
two-turn-0.6nt-4t,HumanEval_50,1,True,0.57
two-turn-0.6nt-4t,HumanEval_50,2,True,0.57
two-turn-0.6nt-4t,HumanEval_50,3,True,0.58
two-turn-0.6nt-4t,HumanEval_50,4,True,0.58
two-turn-0.6nt-4t,HumanEval_51,0,True,26.13
two-turn-0.6nt-4t,HumanEval_51,1,False,19.02
two-turn-0.6nt-4t,HumanEval_51,2,False,16.63
two-turn-0.6nt-4t,HumanEval_51,3,False,10.61
two-turn-0.6nt-4t,HumanEval_51,4,False,16.55
two-turn-0.6nt-4t,HumanEval_52,0,True,0.61
two-turn-0.6nt-4t,HumanEval_52,1,True,0.55
two-turn-0.6nt-4t,HumanEval_52,2,True,0.43
two-turn-0.6nt-4t,HumanEval_52,3,True,0.47
two-turn-0.6nt-4t,HumanEval_52,4,True,0.46
two-turn-0.6nt-4t,HumanEval_53,0,True,0.51
two-turn-0.6nt-4t,HumanEval_53,1,True,0.44
two-turn-0.6nt-4t,HumanEval_53,2,True,0.43
two-turn-0.6nt-4t,HumanEval_53,3,True,0.44
two-turn-0.6nt-4t,HumanEval_53,4,True,0.52
two-turn-0.6nt-4t,HumanEval_54,0,True,48.49
two-turn-0.6nt-4t,HumanEval_54,1,False,48.5
two-turn-0.6nt-4t,HumanEval_54,2,True,31.42
two-turn-0.6nt-4t,HumanEval_54,3,True,38.31
two-turn-0.6nt-4t,HumanEval_54,4,True,36.13
two-turn-0.6nt-4t,HumanEval_55,0,True,0.57
two-turn-0.6nt-4t,HumanEval_55,1,True,0.56
two-turn-0.6nt-4t,HumanEval_55,2,True,0.54
two-turn-0.6nt-4t,HumanEval_55,3,True,0.54
two-turn-0.6nt-4t,HumanEval_55,4,True,0.57
two-turn-0.6nt-4t,HumanEval_56,0,True,0.67
two-turn-0.6nt-4t,HumanEval_56,1,True,9.05
two-turn-0.6nt-4t,HumanEval_56,2,True,0.66
two-turn-0.6nt-4t,HumanEval_56,3,True,5.67
two-turn-0.6nt-4t,HumanEval_56,4,True,0.62
two-turn-0.6nt-4t,HumanEval_57,0,True,24.84
two-turn-0.6nt-4t,HumanEval_57,1,False,23.3
two-turn-0.6nt-4t,HumanEval_57,2,True,19.54
two-turn-0.6nt-4t,HumanEval_57,3,True,53.67
two-turn-0.6nt-4t,HumanEval_57,4,True,40.4
two-turn-0.6nt-4t,HumanEval_58,0,True,1.03
two-turn-0.6nt-4t,HumanEval_58,1,True,0.64
two-turn-0.6nt-4t,HumanEval_58,2,True,0.61
two-turn-0.6nt-4t,HumanEval_58,3,True,0.75
two-turn-0.6nt-4t,HumanEval_58,4,True,0.67
two-turn-0.6nt-4t,HumanEval_59,0,False,45.43
two-turn-0.6nt-4t,HumanEval_59,1,True,63.41
two-turn-0.6nt-4t,HumanEval_59,2,True,36.28
two-turn-0.6nt-4t,HumanEval_59,3,False,24.79
two-turn-0.6nt-4t,HumanEval_59,4,True,42.2
two-turn-0.6nt-4t,HumanEval_6,0,True,9.99
two-turn-0.6nt-4t,HumanEval_6,1,True,10.59
two-turn-0.6nt-4t,HumanEval_6,2,True,16.74
two-turn-0.6nt-4t,HumanEval_6,3,True,11.36
two-turn-0.6nt-4t,HumanEval_6,4,True,11.11
two-turn-0.6nt-4t,HumanEval_60,0,True,0.64
two-turn-0.6nt-4t,HumanEval_60,1,True,0.63
two-turn-0.6nt-4t,HumanEval_60,2,True,0.79
two-turn-0.6nt-4t,HumanEval_60,3,True,0.6
two-turn-0.6nt-4t,HumanEval_60,4,True,0.59
two-turn-0.6nt-4t,HumanEval_61,0,True,21.0
two-turn-0.6nt-4t,HumanEval_61,1,True,16.7
two-turn-0.6nt-4t,HumanEval_61,2,True,18.95
two-turn-0.6nt-4t,HumanEval_61,3,True,8.27
two-turn-0.6nt-4t,HumanEval_61,4,True,6.26
two-turn-0.6nt-4t,HumanEval_62,0,False,30.39
two-turn-0.6nt-4t,HumanEval_62,1,True,14.74
two-turn-0.6nt-4t,HumanEval_62,2,True,14.5
two-turn-0.6nt-4t,HumanEval_62,3,True,12.45
two-turn-0.6nt-4t,HumanEval_62,4,True,23.88
two-turn-0.6nt-4t,HumanEval_63,0,False,99.75
two-turn-0.6nt-4t,HumanEval_63,1,True,35.06
two-turn-0.6nt-4t,HumanEval_63,2,True,0.81
two-turn-0.6nt-4t,HumanEval_63,3,True,0.97
two-turn-0.6nt-4t,HumanEval_63,4,True,19.37
two-turn-0.6nt-4t,HumanEval_64,0,True,35.44
two-turn-0.6nt-4t,HumanEval_64,1,True,25.7
two-turn-0.6nt-4t,HumanEval_64,2,False,16.51
two-turn-0.6nt-4t,HumanEval_64,3,False,9.44
two-turn-0.6nt-4t,HumanEval_64,4,False,17.51
two-turn-0.6nt-4t,HumanEval_65,0,False,57.21
two-turn-0.6nt-4t,HumanEval_65,1,False,90.24
two-turn-0.6nt-4t,HumanEval_65,2,False,83.96
two-turn-0.6nt-4t,HumanEval_65,3,False,22.79
two-turn-0.6nt-4t,HumanEval_65,4,False,37.14
two-turn-0.6nt-4t,HumanEval_66,0,True,0.83
two-turn-0.6nt-4t,HumanEval_66,1,True,0.78
two-turn-0.6nt-4t,HumanEval_66,2,True,24.01
two-turn-0.6nt-4t,HumanEval_66,3,True,0.65
two-turn-0.6nt-4t,HumanEval_66,4,True,0.65
two-turn-0.6nt-4t,HumanEval_67,0,True,10.97
two-turn-0.6nt-4t,HumanEval_67,1,True,10.57
two-turn-0.6nt-4t,HumanEval_67,2,True,11.24
two-turn-0.6nt-4t,HumanEval_67,3,True,14.07
two-turn-0.6nt-4t,HumanEval_67,4,True,15.43
two-turn-0.6nt-4t,HumanEval_68,0,True,21.49
two-turn-0.6nt-4t,HumanEval_68,1,True,23.48
two-turn-0.6nt-4t,HumanEval_68,2,True,38.39
two-turn-0.6nt-4t,HumanEval_68,3,True,0.99
two-turn-0.6nt-4t,HumanEval_68,4,True,19.45
two-turn-0.6nt-4t,HumanEval_69,0,True,18.88
two-turn-0.6nt-4t,HumanEval_69,1,True,15.43
two-turn-0.6nt-4t,HumanEval_69,2,True,15.62
two-turn-0.6nt-4t,HumanEval_69,3,True,12.32
two-turn-0.6nt-4t,HumanEval_69,4,True,15.07
two-turn-0.6nt-4t,HumanEval_7,0,True,0.52
two-turn-0.6nt-4t,HumanEval_7,1,True,0.44
two-turn-0.6nt-4t,HumanEval_7,2,True,0.66
two-turn-0.6nt-4t,HumanEval_7,3,True,0.46
two-turn-0.6nt-4t,HumanEval_7,4,True,0.56
two-turn-0.6nt-4t,HumanEval_70,0,True,19.69
two-turn-0.6nt-4t,HumanEval_70,1,True,18.04
two-turn-0.6nt-4t,HumanEval_70,2,True,23.67
two-turn-0.6nt-4t,HumanEval_70,3,True,25.39
two-turn-0.6nt-4t,HumanEval_70,4,True,28.22
two-turn-0.6nt-4t,HumanEval_71,0,True,12.89
two-turn-0.6nt-4t,HumanEval_71,1,True,11.71
two-turn-0.6nt-4t,HumanEval_71,2,True,6.76
two-turn-0.6nt-4t,HumanEval_71,3,True,7.43
two-turn-0.6nt-4t,HumanEval_71,4,True,12.4
two-turn-0.6nt-4t,HumanEval_72,0,True,0.9
two-turn-0.6nt-4t,HumanEval_72,1,True,0.93
two-turn-0.6nt-4t,HumanEval_72,2,True,0.98
two-turn-0.6nt-4t,HumanEval_72,3,True,0.69
two-turn-0.6nt-4t,HumanEval_72,4,True,0.94
two-turn-0.6nt-4t,HumanEval_73,0,True,0.8
two-turn-0.6nt-4t,HumanEval_73,1,True,0.74
two-turn-0.6nt-4t,HumanEval_73,2,True,0.9
two-turn-0.6nt-4t,HumanEval_73,3,True,0.73
two-turn-0.6nt-4t,HumanEval_73,4,True,0.78
two-turn-0.6nt-4t,HumanEval_74,0,True,0.98
two-turn-0.6nt-4t,HumanEval_74,1,True,0.96
two-turn-0.6nt-4t,HumanEval_74,2,True,0.94
two-turn-0.6nt-4t,HumanEval_74,3,True,0.92
two-turn-0.6nt-4t,HumanEval_74,4,True,0.97
two-turn-0.6nt-4t,HumanEval_75,0,True,47.25
two-turn-0.6nt-4t,HumanEval_75,1,False,42.39
two-turn-0.6nt-4t,HumanEval_75,2,True,35.17
two-turn-0.6nt-4t,HumanEval_75,3,True,40.94
two-turn-0.6nt-4t,HumanEval_75,4,True,32.45
two-turn-0.6nt-4t,HumanEval_76,0,True,39.75
two-turn-0.6nt-4t,HumanEval_76,1,True,5.97
two-turn-0.6nt-4t,HumanEval_76,2,False,13.73
two-turn-0.6nt-4t,HumanEval_76,3,True,48.97
two-turn-0.6nt-4t,HumanEval_76,4,False,16.42
two-turn-0.6nt-4t,HumanEval_77,0,True,29.84
two-turn-0.6nt-4t,HumanEval_77,1,True,44.62
two-turn-0.6nt-4t,HumanEval_77,2,False,196.38649940490723
two-turn-0.6nt-4t,HumanEval_77,3,True,57.53
two-turn-0.6nt-4t,HumanEval_77,4,True,19.82
two-turn-0.6nt-4t,HumanEval_78,0,True,1.34
two-turn-0.6nt-4t,HumanEval_78,1,True,1.17
two-turn-0.6nt-4t,HumanEval_78,2,True,22.51
two-turn-0.6nt-4t,HumanEval_78,3,True,1.27
two-turn-0.6nt-4t,HumanEval_78,4,True,27.98
two-turn-0.6nt-4t,HumanEval_79,0,True,0.76
two-turn-0.6nt-4t,HumanEval_79,1,True,0.69
two-turn-0.6nt-4t,HumanEval_79,2,True,55.3
two-turn-0.6nt-4t,HumanEval_79,3,True,0.84
two-turn-0.6nt-4t,HumanEval_79,4,True,0.76
two-turn-0.6nt-4t,HumanEval_8,0,True,0.69
two-turn-0.6nt-4t,HumanEval_8,1,True,0.66
two-turn-0.6nt-4t,HumanEval_8,2,True,0.66
two-turn-0.6nt-4t,HumanEval_8,3,True,0.65
two-turn-0.6nt-4t,HumanEval_8,4,True,0.65
two-turn-0.6nt-4t,HumanEval_80,0,True,20.53
two-turn-0.6nt-4t,HumanEval_80,1,True,20.5
two-turn-0.6nt-4t,HumanEval_80,2,True,0.78
two-turn-0.6nt-4t,HumanEval_80,3,True,0.73
two-turn-0.6nt-4t,HumanEval_80,4,True,17.9
two-turn-0.6nt-4t,HumanEval_81,0,True,81.33
two-turn-0.6nt-4t,HumanEval_81,1,True,50.75
two-turn-0.6nt-4t,HumanEval_81,2,False,32.81
two-turn-0.6nt-4t,HumanEval_81,3,True,94.27
two-turn-0.6nt-4t,HumanEval_81,4,False,88.53
two-turn-0.6nt-4t,HumanEval_82,0,True,0.67
two-turn-0.6nt-4t,HumanEval_82,1,True,0.64
two-turn-0.6nt-4t,HumanEval_82,2,True,0.77
two-turn-0.6nt-4t,HumanEval_82,3,True,0.65
two-turn-0.6nt-4t,HumanEval_82,4,True,0.74
two-turn-0.6nt-4t,HumanEval_83,0,True,31.58
two-turn-0.6nt-4t,HumanEval_83,1,True,24.62
two-turn-0.6nt-4t,HumanEval_83,2,True,27.77
two-turn-0.6nt-4t,HumanEval_83,3,True,27.38
two-turn-0.6nt-4t,HumanEval_83,4,True,30.76
two-turn-0.6nt-4t,HumanEval_84,0,True,14.75
two-turn-0.6nt-4t,HumanEval_84,1,True,15.45
two-turn-0.6nt-4t,HumanEval_84,2,True,14.85
two-turn-0.6nt-4t,HumanEval_84,3,True,16.36
two-turn-0.6nt-4t,HumanEval_84,4,True,15.84
two-turn-0.6nt-4t,HumanEval_85,0,True,8.48
two-turn-0.6nt-4t,HumanEval_85,1,True,7.53
two-turn-0.6nt-4t,HumanEval_85,2,True,7.57
two-turn-0.6nt-4t,HumanEval_85,3,True,7.92
two-turn-0.6nt-4t,HumanEval_85,4,True,7.77
two-turn-0.6nt-4t,HumanEval_86,0,True,48.37
two-turn-0.6nt-4t,HumanEval_86,1,True,52.58
two-turn-0.6nt-4t,HumanEval_86,2,True,31.49
two-turn-0.6nt-4t,HumanEval_86,3,True,26.21
two-turn-0.6nt-4t,HumanEval_86,4,True,42.68
two-turn-0.6nt-4t,HumanEval_87,0,True,18.81
two-turn-0.6nt-4t,HumanEval_87,1,True,30.49
two-turn-0.6nt-4t,HumanEval_87,2,True,1.04
two-turn-0.6nt-4t,HumanEval_87,3,True,1.18
two-turn-0.6nt-4t,HumanEval_87,4,True,1.05
two-turn-0.6nt-4t,HumanEval_88,0,True,15.59
two-turn-0.6nt-4t,HumanEval_88,1,True,19.63
two-turn-0.6nt-4t,HumanEval_88,2,True,9.6
two-turn-0.6nt-4t,HumanEval_88,3,True,23.07
two-turn-0.6nt-4t,HumanEval_88,4,True,1.01
two-turn-0.6nt-4t,HumanEval_89,0,True,24.53
two-turn-0.6nt-4t,HumanEval_89,1,False,20.8
two-turn-0.6nt-4t,HumanEval_89,2,False,21.52
two-turn-0.6nt-4t,HumanEval_89,3,True,18.08
two-turn-0.6nt-4t,HumanEval_89,4,True,16.62
two-turn-0.6nt-4t,HumanEval_9,0,True,0.64
two-turn-0.6nt-4t,HumanEval_9,1,True,13.29
two-turn-0.6nt-4t,HumanEval_9,2,True,17.57
two-turn-0.6nt-4t,HumanEval_9,3,True,13.9
two-turn-0.6nt-4t,HumanEval_9,4,True,0.68
two-turn-0.6nt-4t,HumanEval_90,0,True,69.38
two-turn-0.6nt-4t,HumanEval_90,1,True,22.19
two-turn-0.6nt-4t,HumanEval_90,2,True,28.32
two-turn-0.6nt-4t,HumanEval_90,3,True,43.0
two-turn-0.6nt-4t,HumanEval_90,4,True,34.89
two-turn-0.6nt-4t,HumanEval_91,0,False,34.86
two-turn-0.6nt-4t,HumanEval_91,1,False,20.97
two-turn-0.6nt-4t,HumanEval_91,2,False,34.69
two-turn-0.6nt-4t,HumanEval_91,3,True,72.65
two-turn-0.6nt-4t,HumanEval_91,4,False,130.5
two-turn-0.6nt-4t,HumanEval_92,0,True,0.84
two-turn-0.6nt-4t,HumanEval_92,1,True,0.79
two-turn-0.6nt-4t,HumanEval_92,2,True,15.2
two-turn-0.6nt-4t,HumanEval_92,3,True,24.9
two-turn-0.6nt-4t,HumanEval_92,4,True,0.79
two-turn-0.6nt-4t,HumanEval_93,0,True,72.99
two-turn-0.6nt-4t,HumanEval_93,1,False,42.3
two-turn-0.6nt-4t,HumanEval_93,2,True,61.92
two-turn-0.6nt-4t,HumanEval_93,3,False,49.64
two-turn-0.6nt-4t,HumanEval_93,4,False,71.22
two-turn-0.6nt-4t,HumanEval_94,0,True,1.8
two-turn-0.6nt-4t,HumanEval_94,1,True,1.29
two-turn-0.6nt-4t,HumanEval_94,2,True,1.25
two-turn-0.6nt-4t,HumanEval_94,3,True,17.96
two-turn-0.6nt-4t,HumanEval_94,4,True,25.49
two-turn-0.6nt-4t,HumanEval_95,0,False,51.58
two-turn-0.6nt-4t,HumanEval_95,1,False,59.55
two-turn-0.6nt-4t,HumanEval_95,2,False,95.09
two-turn-0.6nt-4t,HumanEval_95,3,True,43.48
two-turn-0.6nt-4t,HumanEval_95,4,True,25.56
two-turn-0.6nt-4t,HumanEval_96,0,True,0.99
two-turn-0.6nt-4t,HumanEval_96,1,True,0.84
two-turn-0.6nt-4t,HumanEval_96,2,True,1.02
two-turn-0.6nt-4t,HumanEval_96,3,True,0.9
two-turn-0.6nt-4t,HumanEval_96,4,True,73.07
two-turn-0.6nt-4t,HumanEval_97,0,True,0.63
two-turn-0.6nt-4t,HumanEval_97,1,True,23.95
two-turn-0.6nt-4t,HumanEval_97,2,True,0.59
two-turn-0.6nt-4t,HumanEval_97,3,True,0.41
two-turn-0.6nt-4t,HumanEval_97,4,True,0.62
two-turn-0.6nt-4t,HumanEval_98,0,True,0.65
two-turn-0.6nt-4t,HumanEval_98,1,True,0.58
two-turn-0.6nt-4t,HumanEval_98,2,True,13.91
two-turn-0.6nt-4t,HumanEval_98,3,True,21.38
two-turn-0.6nt-4t,HumanEval_98,4,True,10.19
two-turn-0.6nt-4t,HumanEval_99,0,True,40.57
two-turn-0.6nt-4t,HumanEval_99,1,False,53.55
two-turn-0.6nt-4t,HumanEval_99,2,True,45.93
two-turn-0.6nt-4t,HumanEval_99,3,False,40.38
two-turn-0.6nt-4t,HumanEval_99,4,True,20.93
two-turn-0.6nt-8t,HumanEval_0,0,True,1.04
two-turn-0.6nt-8t,HumanEval_0,1,True,0.94
two-turn-0.6nt-8t,HumanEval_0,2,True,0.84
two-turn-0.6nt-8t,HumanEval_0,3,True,0.91
two-turn-0.6nt-8t,HumanEval_0,4,True,0.76
two-turn-0.6nt-8t,HumanEval_1,0,False,128.96
two-turn-0.6nt-8t,HumanEval_1,1,True,38.78
two-turn-0.6nt-8t,HumanEval_1,2,False,247.41
two-turn-0.6nt-8t,HumanEval_1,3,True,662.89
two-turn-0.6nt-8t,HumanEval_1,4,True,210.83
two-turn-0.6nt-8t,HumanEval_10,0,True,64.27
two-turn-0.6nt-8t,HumanEval_10,1,True,150.1
two-turn-0.6nt-8t,HumanEval_10,2,True,202.74
two-turn-0.6nt-8t,HumanEval_10,3,True,139.43
two-turn-0.6nt-8t,HumanEval_10,4,True,72.37
two-turn-0.6nt-8t,HumanEval_100,0,True,52.54
two-turn-0.6nt-8t,HumanEval_100,1,True,127.85
two-turn-0.6nt-8t,HumanEval_100,2,True,34.65
two-turn-0.6nt-8t,HumanEval_100,3,True,42.32
two-turn-0.6nt-8t,HumanEval_100,4,True,53.32
two-turn-0.6nt-8t,HumanEval_101,0,True,23.23
two-turn-0.6nt-8t,HumanEval_101,1,True,22.78
two-turn-0.6nt-8t,HumanEval_101,2,True,38.29
two-turn-0.6nt-8t,HumanEval_101,3,True,18.1
two-turn-0.6nt-8t,HumanEval_101,4,True,29.45
two-turn-0.6nt-8t,HumanEval_102,0,True,94.89
two-turn-0.6nt-8t,HumanEval_102,1,True,0.91
two-turn-0.6nt-8t,HumanEval_102,2,True,35.28
two-turn-0.6nt-8t,HumanEval_102,3,True,74.78
two-turn-0.6nt-8t,HumanEval_102,4,False,80.05
two-turn-0.6nt-8t,HumanEval_103,0,False,76.07
two-turn-0.6nt-8t,HumanEval_103,1,False,23.04
two-turn-0.6nt-8t,HumanEval_103,2,True,65.13
two-turn-0.6nt-8t,HumanEval_103,3,False,106.5
two-turn-0.6nt-8t,HumanEval_103,4,True,76.67
two-turn-0.6nt-8t,HumanEval_104,0,True,39.98
two-turn-0.6nt-8t,HumanEval_104,1,True,18.88
two-turn-0.6nt-8t,HumanEval_104,2,True,0.75
two-turn-0.6nt-8t,HumanEval_104,3,True,18.62
two-turn-0.6nt-8t,HumanEval_104,4,True,16.57
two-turn-0.6nt-8t,HumanEval_105,0,True,25.01
two-turn-0.6nt-8t,HumanEval_105,1,True,53.64
two-turn-0.6nt-8t,HumanEval_105,2,True,44.35
two-turn-0.6nt-8t,HumanEval_105,3,True,22.39
two-turn-0.6nt-8t,HumanEval_105,4,True,55.54
two-turn-0.6nt-8t,HumanEval_106,0,True,36.9
two-turn-0.6nt-8t,HumanEval_106,1,True,41.53
two-turn-0.6nt-8t,HumanEval_106,2,True,40.54
two-turn-0.6nt-8t,HumanEval_106,3,True,49.63
two-turn-0.6nt-8t,HumanEval_106,4,True,37.18
two-turn-0.6nt-8t,HumanEval_107,0,True,1.1
two-turn-0.6nt-8t,HumanEval_107,1,True,1.12
two-turn-0.6nt-8t,HumanEval_107,2,True,1.15
two-turn-0.6nt-8t,HumanEval_107,3,True,1.28
two-turn-0.6nt-8t,HumanEval_107,4,True,54.63
two-turn-0.6nt-8t,HumanEval_108,0,True,56.45
two-turn-0.6nt-8t,HumanEval_108,1,True,52.1
two-turn-0.6nt-8t,HumanEval_108,2,False,44.78
two-turn-0.6nt-8t,HumanEval_108,3,True,56.02
two-turn-0.6nt-8t,HumanEval_108,4,True,57.36
two-turn-0.6nt-8t,HumanEval_109,0,True,49.93
two-turn-0.6nt-8t,HumanEval_109,1,True,52.51
two-turn-0.6nt-8t,HumanEval_109,2,True,123.93
two-turn-0.6nt-8t,HumanEval_109,3,True,71.27
two-turn-0.6nt-8t,HumanEval_109,4,True,79.89
two-turn-0.6nt-8t,HumanEval_11,0,True,0.73
two-turn-0.6nt-8t,HumanEval_11,1,True,43.8
two-turn-0.6nt-8t,HumanEval_11,2,True,0.7
two-turn-0.6nt-8t,HumanEval_11,3,True,0.86
two-turn-0.6nt-8t,HumanEval_11,4,True,0.71
two-turn-0.6nt-8t,HumanEval_110,0,True,42.44
two-turn-0.6nt-8t,HumanEval_110,1,True,59.19
two-turn-0.6nt-8t,HumanEval_110,2,True,43.0
two-turn-0.6nt-8t,HumanEval_110,3,True,44.15
two-turn-0.6nt-8t,HumanEval_110,4,True,41.12
two-turn-0.6nt-8t,HumanEval_111,0,True,21.37
two-turn-0.6nt-8t,HumanEval_111,1,True,17.65
two-turn-0.6nt-8t,HumanEval_111,2,True,36.17
two-turn-0.6nt-8t,HumanEval_111,3,True,16.57
two-turn-0.6nt-8t,HumanEval_111,4,True,40.41
two-turn-0.6nt-8t,HumanEval_112,0,True,24.81
two-turn-0.6nt-8t,HumanEval_112,1,True,23.0
two-turn-0.6nt-8t,HumanEval_112,2,True,26.22
two-turn-0.6nt-8t,HumanEval_112,3,True,21.6
two-turn-0.6nt-8t,HumanEval_112,4,True,40.07
two-turn-0.6nt-8t,HumanEval_113,0,False,171.8
two-turn-0.6nt-8t,HumanEval_113,1,True,154.84
two-turn-0.6nt-8t,HumanEval_113,2,True,94.06
two-turn-0.6nt-8t,HumanEval_113,3,True,129.29
two-turn-0.6nt-8t,HumanEval_113,4,True,105.22
two-turn-0.6nt-8t,HumanEval_114,0,True,141.72
two-turn-0.6nt-8t,HumanEval_114,1,True,149.54
two-turn-0.6nt-8t,HumanEval_114,2,True,32.47
two-turn-0.6nt-8t,HumanEval_114,3,True,109.73
two-turn-0.6nt-8t,HumanEval_114,4,True,86.89
two-turn-0.6nt-8t,HumanEval_115,0,True,38.62
two-turn-0.6nt-8t,HumanEval_115,1,True,26.04
two-turn-0.6nt-8t,HumanEval_115,2,False,25.26
two-turn-0.6nt-8t,HumanEval_115,3,False,29.04
two-turn-0.6nt-8t,HumanEval_115,4,True,50.54
two-turn-0.6nt-8t,HumanEval_116,0,True,1.0
two-turn-0.6nt-8t,HumanEval_116,1,True,0.91
two-turn-0.6nt-8t,HumanEval_116,2,True,0.92
two-turn-0.6nt-8t,HumanEval_116,3,True,0.9
two-turn-0.6nt-8t,HumanEval_116,4,True,0.91
two-turn-0.6nt-8t,HumanEval_117,0,True,43.14
two-turn-0.6nt-8t,HumanEval_117,1,True,0.75
two-turn-0.6nt-8t,HumanEval_117,2,True,0.91
two-turn-0.6nt-8t,HumanEval_117,3,True,105.44
two-turn-0.6nt-8t,HumanEval_117,4,True,42.96
two-turn-0.6nt-8t,HumanEval_118,0,True,87.33
two-turn-0.6nt-8t,HumanEval_118,1,True,63.33
two-turn-0.6nt-8t,HumanEval_118,2,True,79.73
two-turn-0.6nt-8t,HumanEval_118,3,True,97.67
two-turn-0.6nt-8t,HumanEval_118,4,False,145.85
two-turn-0.6nt-8t,HumanEval_119,0,True,19.13
two-turn-0.6nt-8t,HumanEval_119,1,True,53.57
two-turn-0.6nt-8t,HumanEval_119,2,True,1.23
two-turn-0.6nt-8t,HumanEval_119,3,True,77.05
two-turn-0.6nt-8t,HumanEval_119,4,True,1.18
two-turn-0.6nt-8t,HumanEval_12,0,True,0.68
two-turn-0.6nt-8t,HumanEval_12,1,True,0.89
two-turn-0.6nt-8t,HumanEval_12,2,True,0.74
two-turn-0.6nt-8t,HumanEval_12,3,True,0.76
two-turn-0.6nt-8t,HumanEval_12,4,True,0.75
two-turn-0.6nt-8t,HumanEval_120,0,True,67.62
two-turn-0.6nt-8t,HumanEval_120,1,True,53.75
two-turn-0.6nt-8t,HumanEval_120,2,True,44.84
two-turn-0.6nt-8t,HumanEval_120,3,True,53.7
two-turn-0.6nt-8t,HumanEval_120,4,True,61.82
two-turn-0.6nt-8t,HumanEval_121,0,True,0.58
two-turn-0.6nt-8t,HumanEval_121,1,True,0.73
two-turn-0.6nt-8t,HumanEval_121,2,True,0.72
two-turn-0.6nt-8t,HumanEval_121,3,True,0.73
two-turn-0.6nt-8t,HumanEval_121,4,True,0.77
two-turn-0.6nt-8t,HumanEval_122,0,True,19.0
two-turn-0.6nt-8t,HumanEval_122,1,True,0.78
two-turn-0.6nt-8t,HumanEval_122,2,True,0.77
two-turn-0.6nt-8t,HumanEval_122,3,True,0.78
two-turn-0.6nt-8t,HumanEval_122,4,True,0.79
two-turn-0.6nt-8t,HumanEval_123,0,True,113.95
two-turn-0.6nt-8t,HumanEval_123,1,True,61.85
two-turn-0.6nt-8t,HumanEval_123,2,True,63.9
two-turn-0.6nt-8t,HumanEval_123,3,True,78.46
two-turn-0.6nt-8t,HumanEval_123,4,True,75.75
two-turn-0.6nt-8t,HumanEval_124,0,True,1.84
two-turn-0.6nt-8t,HumanEval_124,1,True,86.82
two-turn-0.6nt-8t,HumanEval_124,2,True,80.82
two-turn-0.6nt-8t,HumanEval_124,3,True,69.02
two-turn-0.6nt-8t,HumanEval_124,4,True,55.46
two-turn-0.6nt-8t,HumanEval_125,0,True,77.27
two-turn-0.6nt-8t,HumanEval_125,1,True,53.42
two-turn-0.6nt-8t,HumanEval_125,2,True,72.28
two-turn-0.6nt-8t,HumanEval_125,3,True,60.97
two-turn-0.6nt-8t,HumanEval_125,4,False,39.55
two-turn-0.6nt-8t,HumanEval_126,0,True,88.37
two-turn-0.6nt-8t,HumanEval_126,1,True,101.64
two-turn-0.6nt-8t,HumanEval_126,2,True,148.0
two-turn-0.6nt-8t,HumanEval_126,3,True,123.57
two-turn-0.6nt-8t,HumanEval_126,4,True,125.17
two-turn-0.6nt-8t,HumanEval_127,0,True,14.18
two-turn-0.6nt-8t,HumanEval_127,1,True,1.63
two-turn-0.6nt-8t,HumanEval_127,2,False,55.0
two-turn-0.6nt-8t,HumanEval_127,3,True,1.08
two-turn-0.6nt-8t,HumanEval_127,4,True,1.46
two-turn-0.6nt-8t,HumanEval_128,0,True,65.75
two-turn-0.6nt-8t,HumanEval_128,1,True,74.7
two-turn-0.6nt-8t,HumanEval_128,2,True,113.7
two-turn-0.6nt-8t,HumanEval_128,3,True,61.74
two-turn-0.6nt-8t,HumanEval_128,4,True,0.92
two-turn-0.6nt-8t,HumanEval_129,0,True,99.69
two-turn-0.6nt-8t,HumanEval_129,1,True,82.54
two-turn-0.6nt-8t,HumanEval_129,2,False,213.37
two-turn-0.6nt-8t,HumanEval_129,3,True,77.07
two-turn-0.6nt-8t,HumanEval_129,4,True,99.16
two-turn-0.6nt-8t,HumanEval_13,0,True,0.68
two-turn-0.6nt-8t,HumanEval_13,1,True,0.65
two-turn-0.6nt-8t,HumanEval_13,2,True,0.68
two-turn-0.6nt-8t,HumanEval_13,3,True,0.64
two-turn-0.6nt-8t,HumanEval_13,4,True,0.65
two-turn-0.6nt-8t,HumanEval_130,0,True,154.24
two-turn-0.6nt-8t,HumanEval_130,1,False,209.71
two-turn-0.6nt-8t,HumanEval_130,2,True,123.45
two-turn-0.6nt-8t,HumanEval_130,3,True,143.96
two-turn-0.6nt-8t,HumanEval_130,4,True,145.54
two-turn-0.6nt-8t,HumanEval_131,0,True,30.59
two-turn-0.6nt-8t,HumanEval_131,1,True,48.31
two-turn-0.6nt-8t,HumanEval_131,2,True,42.17
two-turn-0.6nt-8t,HumanEval_131,3,True,32.47
two-turn-0.6nt-8t,HumanEval_131,4,True,26.79
two-turn-0.6nt-8t,HumanEval_132,0,True,138.72
two-turn-0.6nt-8t,HumanEval_132,1,True,130.32
two-turn-0.6nt-8t,HumanEval_132,2,False,736.08
two-turn-0.6nt-8t,HumanEval_132,3,False,245.8
two-turn-0.6nt-8t,HumanEval_132,4,False,145.78
two-turn-0.6nt-8t,HumanEval_133,0,True,54.56
two-turn-0.6nt-8t,HumanEval_133,1,True,44.18
two-turn-0.6nt-8t,HumanEval_133,2,True,55.35
two-turn-0.6nt-8t,HumanEval_133,3,True,44.16
two-turn-0.6nt-8t,HumanEval_133,4,True,72.51
two-turn-0.6nt-8t,HumanEval_134,0,True,137.58
two-turn-0.6nt-8t,HumanEval_134,1,True,80.36
two-turn-0.6nt-8t,HumanEval_134,2,True,75.02
two-turn-0.6nt-8t,HumanEval_134,3,True,131.55
two-turn-0.6nt-8t,HumanEval_134,4,True,59.87
two-turn-0.6nt-8t,HumanEval_135,0,True,0.74
two-turn-0.6nt-8t,HumanEval_135,1,True,30.46
two-turn-0.6nt-8t,HumanEval_135,2,True,39.88
two-turn-0.6nt-8t,HumanEval_135,3,True,88.18
two-turn-0.6nt-8t,HumanEval_135,4,True,0.71
two-turn-0.6nt-8t,HumanEval_136,0,True,0.93
two-turn-0.6nt-8t,HumanEval_136,1,True,27.27
two-turn-0.6nt-8t,HumanEval_136,2,True,0.98
two-turn-0.6nt-8t,HumanEval_136,3,True,1.01
two-turn-0.6nt-8t,HumanEval_136,4,True,36.09
two-turn-0.6nt-8t,HumanEval_137,0,True,41.02
two-turn-0.6nt-8t,HumanEval_137,1,True,42.19
two-turn-0.6nt-8t,HumanEval_137,2,True,57.45
two-turn-0.6nt-8t,HumanEval_137,3,True,58.09
two-turn-0.6nt-8t,HumanEval_137,4,True,40.19
two-turn-0.6nt-8t,HumanEval_138,0,True,0.78
two-turn-0.6nt-8t,HumanEval_138,1,True,0.81
two-turn-0.6nt-8t,HumanEval_138,2,True,31.1
two-turn-0.6nt-8t,HumanEval_138,3,True,0.97
two-turn-0.6nt-8t,HumanEval_138,4,True,49.75
two-turn-0.6nt-8t,HumanEval_139,0,True,48.05
two-turn-0.6nt-8t,HumanEval_139,1,True,42.81
two-turn-0.6nt-8t,HumanEval_139,2,True,29.07
two-turn-0.6nt-8t,HumanEval_139,3,True,60.35
two-turn-0.6nt-8t,HumanEval_139,4,True,41.19
two-turn-0.6nt-8t,HumanEval_14,0,True,12.66
two-turn-0.6nt-8t,HumanEval_14,1,True,0.55
two-turn-0.6nt-8t,HumanEval_14,2,True,0.55
two-turn-0.6nt-8t,HumanEval_14,3,True,0.59
two-turn-0.6nt-8t,HumanEval_14,4,True,12.38
two-turn-0.6nt-8t,HumanEval_140,0,True,55.67
two-turn-0.6nt-8t,HumanEval_140,1,True,95.1
two-turn-0.6nt-8t,HumanEval_140,2,True,64.64
two-turn-0.6nt-8t,HumanEval_140,3,True,38.61
two-turn-0.6nt-8t,HumanEval_140,4,False,45.69
two-turn-0.6nt-8t,HumanEval_141,0,True,43.49
two-turn-0.6nt-8t,HumanEval_141,1,True,34.66
two-turn-0.6nt-8t,HumanEval_141,2,True,37.35
two-turn-0.6nt-8t,HumanEval_141,3,True,41.53
two-turn-0.6nt-8t,HumanEval_141,4,True,41.48
two-turn-0.6nt-8t,HumanEval_142,0,True,71.63
two-turn-0.6nt-8t,HumanEval_142,1,True,65.26
two-turn-0.6nt-8t,HumanEval_142,2,True,134.82
two-turn-0.6nt-8t,HumanEval_142,3,True,111.27
two-turn-0.6nt-8t,HumanEval_142,4,True,177.82
two-turn-0.6nt-8t,HumanEval_143,0,True,1.02
two-turn-0.6nt-8t,HumanEval_143,1,True,0.89
two-turn-0.6nt-8t,HumanEval_143,2,True,0.86
two-turn-0.6nt-8t,HumanEval_143,3,True,0.93
two-turn-0.6nt-8t,HumanEval_143,4,True,0.99
two-turn-0.6nt-8t,HumanEval_144,0,True,30.61
two-turn-0.6nt-8t,HumanEval_144,1,True,48.32
two-turn-0.6nt-8t,HumanEval_144,2,True,31.76
two-turn-0.6nt-8t,HumanEval_144,3,True,0.58
two-turn-0.6nt-8t,HumanEval_144,4,True,151.29
two-turn-0.6nt-8t,HumanEval_145,0,False,94.3
two-turn-0.6nt-8t,HumanEval_145,1,False,78.56
two-turn-0.6nt-8t,HumanEval_145,2,False,77.42
two-turn-0.6nt-8t,HumanEval_145,3,False,213.32
two-turn-0.6nt-8t,HumanEval_145,4,False,97.03
two-turn-0.6nt-8t,HumanEval_146,0,True,44.52
two-turn-0.6nt-8t,HumanEval_146,1,True,31.43
two-turn-0.6nt-8t,HumanEval_146,2,True,0.94
two-turn-0.6nt-8t,HumanEval_146,3,True,0.99
two-turn-0.6nt-8t,HumanEval_146,4,True,49.74
two-turn-0.6nt-8t,HumanEval_147,0,True,0.99
two-turn-0.6nt-8t,HumanEval_147,1,True,0.88
two-turn-0.6nt-8t,HumanEval_147,2,True,0.88
two-turn-0.6nt-8t,HumanEval_147,3,True,52.17
two-turn-0.6nt-8t,HumanEval_147,4,True,62.76
two-turn-0.6nt-8t,HumanEval_148,0,True,56.97
two-turn-0.6nt-8t,HumanEval_148,1,True,75.43
two-turn-0.6nt-8t,HumanEval_148,2,True,65.37
two-turn-0.6nt-8t,HumanEval_148,3,True,79.68
two-turn-0.6nt-8t,HumanEval_148,4,True,49.87
two-turn-0.6nt-8t,HumanEval_149,0,True,63.54
two-turn-0.6nt-8t,HumanEval_149,1,True,36.37
two-turn-0.6nt-8t,HumanEval_149,2,False,101.81
two-turn-0.6nt-8t,HumanEval_149,3,True,30.05
two-turn-0.6nt-8t,HumanEval_149,4,True,53.2
two-turn-0.6nt-8t,HumanEval_15,0,True,0.61
two-turn-0.6nt-8t,HumanEval_15,1,True,12.88
two-turn-0.6nt-8t,HumanEval_15,2,True,0.66
two-turn-0.6nt-8t,HumanEval_15,3,True,0.68
two-turn-0.6nt-8t,HumanEval_15,4,True,0.65
two-turn-0.6nt-8t,HumanEval_150,0,True,15.79
two-turn-0.6nt-8t,HumanEval_150,1,True,0.78
two-turn-0.6nt-8t,HumanEval_150,2,True,43.48
two-turn-0.6nt-8t,HumanEval_150,3,True,0.87
two-turn-0.6nt-8t,HumanEval_150,4,True,0.89
two-turn-0.6nt-8t,HumanEval_151,0,True,52.5
two-turn-0.6nt-8t,HumanEval_151,1,True,50.32
two-turn-0.6nt-8t,HumanEval_151,2,True,0.86
two-turn-0.6nt-8t,HumanEval_151,3,True,0.84
two-turn-0.6nt-8t,HumanEval_151,4,True,0.76
two-turn-0.6nt-8t,HumanEval_152,0,True,1.04
two-turn-0.6nt-8t,HumanEval_152,1,True,0.96
two-turn-0.6nt-8t,HumanEval_152,2,True,0.97
two-turn-0.6nt-8t,HumanEval_152,3,True,0.94
two-turn-0.6nt-8t,HumanEval_152,4,True,0.95
two-turn-0.6nt-8t,HumanEval_153,0,True,103.05
two-turn-0.6nt-8t,HumanEval_153,1,True,39.71
two-turn-0.6nt-8t,HumanEval_153,2,True,104.57
two-turn-0.6nt-8t,HumanEval_153,3,True,107.71
two-turn-0.6nt-8t,HumanEval_153,4,True,43.9
two-turn-0.6nt-8t,HumanEval_154,0,True,77.61
two-turn-0.6nt-8t,HumanEval_154,1,True,0.85
two-turn-0.6nt-8t,HumanEval_154,2,True,0.88
two-turn-0.6nt-8t,HumanEval_154,3,True,0.88
two-turn-0.6nt-8t,HumanEval_154,4,True,0.82
two-turn-0.6nt-8t,HumanEval_155,0,True,24.6
two-turn-0.6nt-8t,HumanEval_155,1,True,21.8
two-turn-0.6nt-8t,HumanEval_155,2,True,18.28
two-turn-0.6nt-8t,HumanEval_155,3,True,24.69
two-turn-0.6nt-8t,HumanEval_155,4,True,0.69
two-turn-0.6nt-8t,HumanEval_156,0,True,116.58
two-turn-0.6nt-8t,HumanEval_156,1,False,65.74
two-turn-0.6nt-8t,HumanEval_156,2,False,64.53
two-turn-0.6nt-8t,HumanEval_156,3,True,84.13
two-turn-0.6nt-8t,HumanEval_156,4,True,76.87
two-turn-0.6nt-8t,HumanEval_157,0,True,27.46
two-turn-0.6nt-8t,HumanEval_157,1,True,0.88
two-turn-0.6nt-8t,HumanEval_157,2,True,0.8
two-turn-0.6nt-8t,HumanEval_157,3,True,29.3
two-turn-0.6nt-8t,HumanEval_157,4,True,1.05
two-turn-0.6nt-8t,HumanEval_158,0,True,0.88
two-turn-0.6nt-8t,HumanEval_158,1,True,1.02
two-turn-0.6nt-8t,HumanEval_158,2,True,0.81
two-turn-0.6nt-8t,HumanEval_158,3,True,0.79
two-turn-0.6nt-8t,HumanEval_158,4,True,0.85
two-turn-0.6nt-8t,HumanEval_159,0,True,33.67
two-turn-0.6nt-8t,HumanEval_159,1,True,35.17
two-turn-0.6nt-8t,HumanEval_159,2,True,35.57
two-turn-0.6nt-8t,HumanEval_159,3,True,37.32
two-turn-0.6nt-8t,HumanEval_159,4,True,27.6
two-turn-0.6nt-8t,HumanEval_16,0,True,0.69
two-turn-0.6nt-8t,HumanEval_16,1,True,0.69
two-turn-0.6nt-8t,HumanEval_16,2,True,0.7
two-turn-0.6nt-8t,HumanEval_16,3,True,0.7
two-turn-0.6nt-8t,HumanEval_16,4,True,9.43
two-turn-0.6nt-8t,HumanEval_160,0,True,60.54
two-turn-0.6nt-8t,HumanEval_160,1,True,50.24
two-turn-0.6nt-8t,HumanEval_160,2,False,83.37
two-turn-0.6nt-8t,HumanEval_160,3,False,53.1
two-turn-0.6nt-8t,HumanEval_160,4,True,75.67
two-turn-0.6nt-8t,HumanEval_161,0,True,19.5
two-turn-0.6nt-8t,HumanEval_161,1,True,23.73
two-turn-0.6nt-8t,HumanEval_161,2,True,23.7
two-turn-0.6nt-8t,HumanEval_161,3,True,23.87
two-turn-0.6nt-8t,HumanEval_161,4,True,17.49
two-turn-0.6nt-8t,HumanEval_162,0,True,0.66
two-turn-0.6nt-8t,HumanEval_162,1,True,19.36
two-turn-0.6nt-8t,HumanEval_162,2,True,20.13
two-turn-0.6nt-8t,HumanEval_162,3,True,0.65
two-turn-0.6nt-8t,HumanEval_162,4,True,18.83
two-turn-0.6nt-8t,HumanEval_163,0,False,45.05
two-turn-0.6nt-8t,HumanEval_163,1,False,41.71
two-turn-0.6nt-8t,HumanEval_163,2,False,74.02
two-turn-0.6nt-8t,HumanEval_163,3,False,30.77
two-turn-0.6nt-8t,HumanEval_163,4,False,49.83
two-turn-0.6nt-8t,HumanEval_17,0,True,22.93
two-turn-0.6nt-8t,HumanEval_17,1,False,35.05
two-turn-0.6nt-8t,HumanEval_17,2,True,33.89
two-turn-0.6nt-8t,HumanEval_17,3,True,23.68
two-turn-0.6nt-8t,HumanEval_17,4,False,23.16
two-turn-0.6nt-8t,HumanEval_18,0,True,60.56
two-turn-0.6nt-8t,HumanEval_18,1,True,0.81
two-turn-0.6nt-8t,HumanEval_18,2,True,153.03
two-turn-0.6nt-8t,HumanEval_18,3,True,0.93
two-turn-0.6nt-8t,HumanEval_18,4,True,0.87
two-turn-0.6nt-8t,HumanEval_19,0,True,40.24
two-turn-0.6nt-8t,HumanEval_19,1,True,25.97
two-turn-0.6nt-8t,HumanEval_19,2,True,28.93
two-turn-0.6nt-8t,HumanEval_19,3,True,29.48
two-turn-0.6nt-8t,HumanEval_19,4,True,33.13
two-turn-0.6nt-8t,HumanEval_2,0,True,0.61
two-turn-0.6nt-8t,HumanEval_2,1,True,0.6
two-turn-0.6nt-8t,HumanEval_2,2,True,0.71
two-turn-0.6nt-8t,HumanEval_2,3,True,0.78
two-turn-0.6nt-8t,HumanEval_2,4,True,0.71
two-turn-0.6nt-8t,HumanEval_20,0,False,43.6
two-turn-0.6nt-8t,HumanEval_20,1,True,48.85
two-turn-0.6nt-8t,HumanEval_20,2,True,113.49
two-turn-0.6nt-8t,HumanEval_20,3,True,43.07
two-turn-0.6nt-8t,HumanEval_20,4,True,54.14
two-turn-0.6nt-8t,HumanEval_21,0,True,32.34
two-turn-0.6nt-8t,HumanEval_21,1,True,25.76
two-turn-0.6nt-8t,HumanEval_21,2,True,50.17
two-turn-0.6nt-8t,HumanEval_21,3,True,16.42
two-turn-0.6nt-8t,HumanEval_21,4,True,18.43
two-turn-0.6nt-8t,HumanEval_22,0,True,0.71
two-turn-0.6nt-8t,HumanEval_22,1,True,0.61
two-turn-0.6nt-8t,HumanEval_22,2,True,0.75
two-turn-0.6nt-8t,HumanEval_22,3,True,0.77
two-turn-0.6nt-8t,HumanEval_22,4,True,0.65
two-turn-0.6nt-8t,HumanEval_23,0,True,0.49
two-turn-0.6nt-8t,HumanEval_23,1,True,0.5
two-turn-0.6nt-8t,HumanEval_23,2,True,0.52
two-turn-0.6nt-8t,HumanEval_23,3,True,0.51
two-turn-0.6nt-8t,HumanEval_23,4,True,0.5
two-turn-0.6nt-8t,HumanEval_24,0,True,51.92
two-turn-0.6nt-8t,HumanEval_24,1,True,20.93
two-turn-0.6nt-8t,HumanEval_24,2,True,44.64
two-turn-0.6nt-8t,HumanEval_24,3,True,0.84
two-turn-0.6nt-8t,HumanEval_24,4,True,62.09
two-turn-0.6nt-8t,HumanEval_25,0,True,48.11
two-turn-0.6nt-8t,HumanEval_25,1,True,0.92
two-turn-0.6nt-8t,HumanEval_25,2,True,127.89
two-turn-0.6nt-8t,HumanEval_25,3,True,0.87
two-turn-0.6nt-8t,HumanEval_25,4,True,1.03
two-turn-0.6nt-8t,HumanEval_26,0,True,0.66
two-turn-0.6nt-8t,HumanEval_26,1,True,32.0
two-turn-0.6nt-8t,HumanEval_26,2,False,31.97
two-turn-0.6nt-8t,HumanEval_26,3,True,0.63
two-turn-0.6nt-8t,HumanEval_26,4,True,33.33
two-turn-0.6nt-8t,HumanEval_27,0,True,0.53
two-turn-0.6nt-8t,HumanEval_27,1,True,29.85
two-turn-0.6nt-8t,HumanEval_27,2,True,0.55
two-turn-0.6nt-8t,HumanEval_27,3,True,0.51
two-turn-0.6nt-8t,HumanEval_27,4,True,0.5
two-turn-0.6nt-8t,HumanEval_28,0,True,0.56
two-turn-0.6nt-8t,HumanEval_28,1,True,0.6
two-turn-0.6nt-8t,HumanEval_28,2,True,0.56
two-turn-0.6nt-8t,HumanEval_28,3,True,0.54
two-turn-0.6nt-8t,HumanEval_28,4,True,0.53
two-turn-0.6nt-8t,HumanEval_29,0,True,0.61
two-turn-0.6nt-8t,HumanEval_29,1,True,0.65
two-turn-0.6nt-8t,HumanEval_29,2,True,0.72
two-turn-0.6nt-8t,HumanEval_29,3,True,0.61
two-turn-0.6nt-8t,HumanEval_29,4,True,0.7
two-turn-0.6nt-8t,HumanEval_3,0,True,18.7
two-turn-0.6nt-8t,HumanEval_3,1,True,36.09
two-turn-0.6nt-8t,HumanEval_3,2,True,0.73
two-turn-0.6nt-8t,HumanEval_3,3,True,51.3
two-turn-0.6nt-8t,HumanEval_3,4,False,74.3
two-turn-0.6nt-8t,HumanEval_30,0,True,0.71
two-turn-0.6nt-8t,HumanEval_30,1,True,0.68
two-turn-0.6nt-8t,HumanEval_30,2,True,0.68
two-turn-0.6nt-8t,HumanEval_30,3,True,0.71
two-turn-0.6nt-8t,HumanEval_30,4,True,0.67
two-turn-0.6nt-8t,HumanEval_31,0,True,0.73
two-turn-0.6nt-8t,HumanEval_31,1,True,42.84
two-turn-0.6nt-8t,HumanEval_31,2,True,0.71
two-turn-0.6nt-8t,HumanEval_31,3,True,89.33
two-turn-0.6nt-8t,HumanEval_31,4,True,0.88
two-turn-0.6nt-8t,HumanEval_32,0,True,161.85
two-turn-0.6nt-8t,HumanEval_32,1,False,138.02
two-turn-0.6nt-8t,HumanEval_32,2,False,222.71
two-turn-0.6nt-8t,HumanEval_32,3,False,112.33
two-turn-0.6nt-8t,HumanEval_32,4,False,232.5
two-turn-0.6nt-8t,HumanEval_33,0,True,30.21
two-turn-0.6nt-8t,HumanEval_33,1,True,33.87
two-turn-0.6nt-8t,HumanEval_33,2,True,29.6
two-turn-0.6nt-8t,HumanEval_33,3,True,64.09
two-turn-0.6nt-8t,HumanEval_33,4,True,47.0
two-turn-0.6nt-8t,HumanEval_34,0,True,0.59
two-turn-0.6nt-8t,HumanEval_34,1,True,0.61
two-turn-0.6nt-8t,HumanEval_34,2,True,0.59
two-turn-0.6nt-8t,HumanEval_34,3,True,0.66
two-turn-0.6nt-8t,HumanEval_34,4,True,0.65
two-turn-0.6nt-8t,HumanEval_35,0,True,0.66
two-turn-0.6nt-8t,HumanEval_35,1,True,0.59
two-turn-0.6nt-8t,HumanEval_35,2,True,0.65
two-turn-0.6nt-8t,HumanEval_35,3,True,0.63
two-turn-0.6nt-8t,HumanEval_35,4,True,0.62
two-turn-0.6nt-8t,HumanEval_36,0,True,40.95
two-turn-0.6nt-8t,HumanEval_36,1,True,79.83
two-turn-0.6nt-8t,HumanEval_36,2,True,61.3
two-turn-0.6nt-8t,HumanEval_36,3,True,65.29
two-turn-0.6nt-8t,HumanEval_36,4,True,40.38
two-turn-0.6nt-8t,HumanEval_37,0,True,57.74
two-turn-0.6nt-8t,HumanEval_37,1,True,40.26
two-turn-0.6nt-8t,HumanEval_37,2,True,39.59
two-turn-0.6nt-8t,HumanEval_37,3,True,24.13
two-turn-0.6nt-8t,HumanEval_37,4,True,52.27
two-turn-0.6nt-8t,HumanEval_38,0,False,20.46
two-turn-0.6nt-8t,HumanEval_38,1,False,58.95
two-turn-0.6nt-8t,HumanEval_38,2,False,29.75
two-turn-0.6nt-8t,HumanEval_38,3,False,45.21
two-turn-0.6nt-8t,HumanEval_38,4,True,40.51
two-turn-0.6nt-8t,HumanEval_39,0,False,195.47
two-turn-0.6nt-8t,HumanEval_39,1,True,134.5
two-turn-0.6nt-8t,HumanEval_39,2,True,43.9
two-turn-0.6nt-8t,HumanEval_39,3,True,75.57
two-turn-0.6nt-8t,HumanEval_39,4,True,80.02
two-turn-0.6nt-8t,HumanEval_4,0,True,0.72
two-turn-0.6nt-8t,HumanEval_4,1,True,0.86
two-turn-0.6nt-8t,HumanEval_4,2,True,25.9
two-turn-0.6nt-8t,HumanEval_4,3,True,24.07
two-turn-0.6nt-8t,HumanEval_4,4,True,0.78
two-turn-0.6nt-8t,HumanEval_40,0,True,66.11
two-turn-0.6nt-8t,HumanEval_40,1,True,50.8
two-turn-0.6nt-8t,HumanEval_40,2,True,71.69
two-turn-0.6nt-8t,HumanEval_40,3,True,109.03
two-turn-0.6nt-8t,HumanEval_40,4,True,93.36
two-turn-0.6nt-8t,HumanEval_41,0,True,30.37
two-turn-0.6nt-8t,HumanEval_41,1,True,57.78
two-turn-0.6nt-8t,HumanEval_41,2,True,30.1
two-turn-0.6nt-8t,HumanEval_41,3,True,47.57
two-turn-0.6nt-8t,HumanEval_41,4,True,25.93
two-turn-0.6nt-8t,HumanEval_42,0,True,0.69
two-turn-0.6nt-8t,HumanEval_42,1,True,0.7
two-turn-0.6nt-8t,HumanEval_42,2,True,0.73
two-turn-0.6nt-8t,HumanEval_42,3,True,0.69
two-turn-0.6nt-8t,HumanEval_42,4,True,0.66
two-turn-0.6nt-8t,HumanEval_43,0,True,0.92
two-turn-0.6nt-8t,HumanEval_43,1,True,74.86
two-turn-0.6nt-8t,HumanEval_43,2,True,57.36
two-turn-0.6nt-8t,HumanEval_43,3,True,87.88
two-turn-0.6nt-8t,HumanEval_43,4,True,0.87
two-turn-0.6nt-8t,HumanEval_44,0,True,0.9
two-turn-0.6nt-8t,HumanEval_44,1,True,49.98
two-turn-0.6nt-8t,HumanEval_44,2,True,0.76
two-turn-0.6nt-8t,HumanEval_44,3,True,0.93
two-turn-0.6nt-8t,HumanEval_44,4,True,0.77
two-turn-0.6nt-8t,HumanEval_45,0,True,0.56
two-turn-0.6nt-8t,HumanEval_45,1,True,0.54
two-turn-0.6nt-8t,HumanEval_45,2,True,0.53
two-turn-0.6nt-8t,HumanEval_45,3,True,0.53
two-turn-0.6nt-8t,HumanEval_45,4,True,0.5
two-turn-0.6nt-8t,HumanEval_46,0,True,54.42
two-turn-0.6nt-8t,HumanEval_46,1,True,40.96
two-turn-0.6nt-8t,HumanEval_46,2,True,0.93
two-turn-0.6nt-8t,HumanEval_46,3,True,1.06
two-turn-0.6nt-8t,HumanEval_46,4,True,0.96
two-turn-0.6nt-8t,HumanEval_47,0,True,62.54
two-turn-0.6nt-8t,HumanEval_47,1,True,0.79
two-turn-0.6nt-8t,HumanEval_47,2,True,0.75
two-turn-0.6nt-8t,HumanEval_47,3,True,0.69
two-turn-0.6nt-8t,HumanEval_47,4,True,0.69
two-turn-0.6nt-8t,HumanEval_48,0,True,0.69
two-turn-0.6nt-8t,HumanEval_48,1,True,0.55
two-turn-0.6nt-8t,HumanEval_48,2,True,0.62
two-turn-0.6nt-8t,HumanEval_48,3,True,0.58
two-turn-0.6nt-8t,HumanEval_48,4,True,0.67
two-turn-0.6nt-8t,HumanEval_49,0,True,0.68
two-turn-0.6nt-8t,HumanEval_49,1,True,0.67
two-turn-0.6nt-8t,HumanEval_49,2,True,0.65
two-turn-0.6nt-8t,HumanEval_49,3,True,0.74
two-turn-0.6nt-8t,HumanEval_49,4,True,0.65
two-turn-0.6nt-8t,HumanEval_5,0,True,12.01
two-turn-0.6nt-8t,HumanEval_5,1,True,0.7
two-turn-0.6nt-8t,HumanEval_5,2,True,13.62
two-turn-0.6nt-8t,HumanEval_5,3,True,0.64
two-turn-0.6nt-8t,HumanEval_5,4,True,39.17
two-turn-0.6nt-8t,HumanEval_50,0,True,0.68
two-turn-0.6nt-8t,HumanEval_50,1,True,0.68
two-turn-0.6nt-8t,HumanEval_50,2,True,0.68
two-turn-0.6nt-8t,HumanEval_50,3,True,0.67
two-turn-0.6nt-8t,HumanEval_50,4,True,0.67
two-turn-0.6nt-8t,HumanEval_51,0,False,43.35
two-turn-0.6nt-8t,HumanEval_51,1,True,78.21
two-turn-0.6nt-8t,HumanEval_51,2,False,49.64
two-turn-0.6nt-8t,HumanEval_51,3,False,68.2
two-turn-0.6nt-8t,HumanEval_51,4,True,38.7
two-turn-0.6nt-8t,HumanEval_52,0,True,0.53
two-turn-0.6nt-8t,HumanEval_52,1,False,22.04
two-turn-0.6nt-8t,HumanEval_52,2,True,0.65
two-turn-0.6nt-8t,HumanEval_52,3,True,0.62
two-turn-0.6nt-8t,HumanEval_52,4,True,0.56
two-turn-0.6nt-8t,HumanEval_53,0,True,0.53
two-turn-0.6nt-8t,HumanEval_53,1,True,0.54
two-turn-0.6nt-8t,HumanEval_53,2,True,0.51
two-turn-0.6nt-8t,HumanEval_53,3,True,0.54
two-turn-0.6nt-8t,HumanEval_53,4,True,0.54
two-turn-0.6nt-8t,HumanEval_54,0,False,184.65
two-turn-0.6nt-8t,HumanEval_54,1,True,77.7
two-turn-0.6nt-8t,HumanEval_54,2,True,67.05
two-turn-0.6nt-8t,HumanEval_54,3,True,72.88
two-turn-0.6nt-8t,HumanEval_54,4,True,0.6
two-turn-0.6nt-8t,HumanEval_55,0,True,0.64
two-turn-0.6nt-8t,HumanEval_55,1,True,0.61
two-turn-0.6nt-8t,HumanEval_55,2,True,0.6
two-turn-0.6nt-8t,HumanEval_55,3,True,0.68
two-turn-0.6nt-8t,HumanEval_55,4,True,0.65
two-turn-0.6nt-8t,HumanEval_56,0,True,11.52
two-turn-0.6nt-8t,HumanEval_56,1,True,19.06
two-turn-0.6nt-8t,HumanEval_56,2,True,67.1
two-turn-0.6nt-8t,HumanEval_56,3,True,26.19
two-turn-0.6nt-8t,HumanEval_56,4,True,18.68
two-turn-0.6nt-8t,HumanEval_57,0,True,40.03
two-turn-0.6nt-8t,HumanEval_57,1,True,56.92
two-turn-0.6nt-8t,HumanEval_57,2,False,104.71
two-turn-0.6nt-8t,HumanEval_57,3,True,38.26
two-turn-0.6nt-8t,HumanEval_57,4,True,34.9
two-turn-0.6nt-8t,HumanEval_58,0,True,0.82
two-turn-0.6nt-8t,HumanEval_58,1,True,0.8
two-turn-0.6nt-8t,HumanEval_58,2,True,0.94
two-turn-0.6nt-8t,HumanEval_58,3,True,0.86
two-turn-0.6nt-8t,HumanEval_58,4,True,14.86
two-turn-0.6nt-8t,HumanEval_59,0,True,53.56
two-turn-0.6nt-8t,HumanEval_59,1,True,0.79
two-turn-0.6nt-8t,HumanEval_59,2,True,71.16
two-turn-0.6nt-8t,HumanEval_59,3,True,75.41
two-turn-0.6nt-8t,HumanEval_59,4,False,95.78
two-turn-0.6nt-8t,HumanEval_6,0,True,37.82
two-turn-0.6nt-8t,HumanEval_6,1,True,29.54
two-turn-0.6nt-8t,HumanEval_6,2,True,27.61
two-turn-0.6nt-8t,HumanEval_6,3,True,115.12
two-turn-0.6nt-8t,HumanEval_6,4,True,29.58
two-turn-0.6nt-8t,HumanEval_60,0,True,0.65
two-turn-0.6nt-8t,HumanEval_60,1,True,0.67
two-turn-0.6nt-8t,HumanEval_60,2,True,0.67
two-turn-0.6nt-8t,HumanEval_60,3,True,0.91
two-turn-0.6nt-8t,HumanEval_60,4,True,0.76
two-turn-0.6nt-8t,HumanEval_61,0,True,0.73
two-turn-0.6nt-8t,HumanEval_61,1,True,27.43
two-turn-0.6nt-8t,HumanEval_61,2,True,10.21
two-turn-0.6nt-8t,HumanEval_61,3,True,29.82
two-turn-0.6nt-8t,HumanEval_61,4,True,13.24
two-turn-0.6nt-8t,HumanEval_62,0,True,0.91
two-turn-0.6nt-8t,HumanEval_62,1,True,30.99
two-turn-0.6nt-8t,HumanEval_62,2,True,32.15
two-turn-0.6nt-8t,HumanEval_62,3,True,48.41
two-turn-0.6nt-8t,HumanEval_62,4,True,54.35
two-turn-0.6nt-8t,HumanEval_63,0,True,0.91
two-turn-0.6nt-8t,HumanEval_63,1,True,0.94
two-turn-0.6nt-8t,HumanEval_63,2,True,67.58
two-turn-0.6nt-8t,HumanEval_63,3,True,0.93
two-turn-0.6nt-8t,HumanEval_63,4,False,66.59
two-turn-0.6nt-8t,HumanEval_64,0,True,49.86
two-turn-0.6nt-8t,HumanEval_64,1,False,33.02
two-turn-0.6nt-8t,HumanEval_64,2,True,69.17
two-turn-0.6nt-8t,HumanEval_64,3,False,42.15
two-turn-0.6nt-8t,HumanEval_64,4,True,70.46
two-turn-0.6nt-8t,HumanEval_65,0,False,97.05
two-turn-0.6nt-8t,HumanEval_65,1,True,0.76
two-turn-0.6nt-8t,HumanEval_65,2,False,57.77
two-turn-0.6nt-8t,HumanEval_65,3,False,87.31
two-turn-0.6nt-8t,HumanEval_65,4,True,64.65
two-turn-0.6nt-8t,HumanEval_66,0,True,0.86
two-turn-0.6nt-8t,HumanEval_66,1,True,0.71
two-turn-0.6nt-8t,HumanEval_66,2,True,0.76
two-turn-0.6nt-8t,HumanEval_66,3,True,0.87
two-turn-0.6nt-8t,HumanEval_66,4,True,0.76
two-turn-0.6nt-8t,HumanEval_67,0,True,25.77
two-turn-0.6nt-8t,HumanEval_67,1,True,15.47
two-turn-0.6nt-8t,HumanEval_67,2,True,26.28
two-turn-0.6nt-8t,HumanEval_67,3,True,23.23
two-turn-0.6nt-8t,HumanEval_67,4,True,23.08
two-turn-0.6nt-8t,HumanEval_68,0,True,1.24
two-turn-0.6nt-8t,HumanEval_68,1,True,49.59
two-turn-0.6nt-8t,HumanEval_68,2,True,55.91
two-turn-0.6nt-8t,HumanEval_68,3,True,29.71
two-turn-0.6nt-8t,HumanEval_68,4,True,39.49
two-turn-0.6nt-8t,HumanEval_69,0,True,22.69
two-turn-0.6nt-8t,HumanEval_69,1,True,33.88
two-turn-0.6nt-8t,HumanEval_69,2,True,623.74
two-turn-0.6nt-8t,HumanEval_69,3,True,29.43
two-turn-0.6nt-8t,HumanEval_69,4,True,26.91
two-turn-0.6nt-8t,HumanEval_7,0,True,0.82
two-turn-0.6nt-8t,HumanEval_7,1,True,0.65
two-turn-0.6nt-8t,HumanEval_7,2,True,0.79
two-turn-0.6nt-8t,HumanEval_7,3,True,0.68
two-turn-0.6nt-8t,HumanEval_7,4,True,0.8
two-turn-0.6nt-8t,HumanEval_70,0,True,134.0
two-turn-0.6nt-8t,HumanEval_70,1,True,78.23
two-turn-0.6nt-8t,HumanEval_70,2,True,37.48
two-turn-0.6nt-8t,HumanEval_70,3,True,31.6
two-turn-0.6nt-8t,HumanEval_70,4,True,34.02
two-turn-0.6nt-8t,HumanEval_71,0,True,41.11
two-turn-0.6nt-8t,HumanEval_71,1,True,25.68
two-turn-0.6nt-8t,HumanEval_71,2,True,16.5
two-turn-0.6nt-8t,HumanEval_71,3,True,22.59
two-turn-0.6nt-8t,HumanEval_71,4,True,32.85
two-turn-0.6nt-8t,HumanEval_72,0,True,1.13
two-turn-0.6nt-8t,HumanEval_72,1,True,1.08
two-turn-0.6nt-8t,HumanEval_72,2,True,1.05
two-turn-0.6nt-8t,HumanEval_72,3,True,0.95
two-turn-0.6nt-8t,HumanEval_72,4,True,1.04
two-turn-0.6nt-8t,HumanEval_73,0,True,58.7
two-turn-0.6nt-8t,HumanEval_73,1,True,100.57
two-turn-0.6nt-8t,HumanEval_73,2,True,81.66
two-turn-0.6nt-8t,HumanEval_73,3,True,0.89
two-turn-0.6nt-8t,HumanEval_73,4,True,0.82
two-turn-0.6nt-8t,HumanEval_74,0,True,1.04
two-turn-0.6nt-8t,HumanEval_74,1,True,1.07
two-turn-0.6nt-8t,HumanEval_74,2,True,33.11
two-turn-0.6nt-8t,HumanEval_74,3,True,15.01
two-turn-0.6nt-8t,HumanEval_74,4,True,1.0
two-turn-0.6nt-8t,HumanEval_75,0,True,67.15
two-turn-0.6nt-8t,HumanEval_75,1,True,111.76
two-turn-0.6nt-8t,HumanEval_75,2,True,79.42
two-turn-0.6nt-8t,HumanEval_75,3,True,1.11
two-turn-0.6nt-8t,HumanEval_75,4,True,74.26
two-turn-0.6nt-8t,HumanEval_76,0,True,54.66
two-turn-0.6nt-8t,HumanEval_76,1,True,92.98
two-turn-0.6nt-8t,HumanEval_76,2,True,99.34
two-turn-0.6nt-8t,HumanEval_76,3,True,92.77
two-turn-0.6nt-8t,HumanEval_76,4,True,64.55
two-turn-0.6nt-8t,HumanEval_77,0,True,79.32
two-turn-0.6nt-8t,HumanEval_77,1,True,72.05
two-turn-0.6nt-8t,HumanEval_77,2,False,144.21
two-turn-0.6nt-8t,HumanEval_77,3,True,82.78
two-turn-0.6nt-8t,HumanEval_77,4,True,64.53
two-turn-0.6nt-8t,HumanEval_78,0,True,26.94
two-turn-0.6nt-8t,HumanEval_78,1,True,1.39
two-turn-0.6nt-8t,HumanEval_78,2,True,88.48
two-turn-0.6nt-8t,HumanEval_78,3,True,1.34
two-turn-0.6nt-8t,HumanEval_78,4,True,33.81
two-turn-0.6nt-8t,HumanEval_79,0,True,47.55
two-turn-0.6nt-8t,HumanEval_79,1,True,17.34
two-turn-0.6nt-8t,HumanEval_79,2,True,12.89
two-turn-0.6nt-8t,HumanEval_79,3,True,0.82
two-turn-0.6nt-8t,HumanEval_79,4,True,0.81
two-turn-0.6nt-8t,HumanEval_8,0,True,0.77
two-turn-0.6nt-8t,HumanEval_8,1,True,0.82
two-turn-0.6nt-8t,HumanEval_8,2,True,0.76
two-turn-0.6nt-8t,HumanEval_8,3,True,0.76
two-turn-0.6nt-8t,HumanEval_8,4,True,0.73
two-turn-0.6nt-8t,HumanEval_80,0,True,0.9
two-turn-0.6nt-8t,HumanEval_80,1,True,28.74
two-turn-0.6nt-8t,HumanEval_80,2,True,29.42
two-turn-0.6nt-8t,HumanEval_80,3,True,0.77
two-turn-0.6nt-8t,HumanEval_80,4,True,0.81
two-turn-0.6nt-8t,HumanEval_81,0,True,95.9
two-turn-0.6nt-8t,HumanEval_81,1,True,132.08
two-turn-0.6nt-8t,HumanEval_81,2,False,92.2
two-turn-0.6nt-8t,HumanEval_81,3,True,165.7
two-turn-0.6nt-8t,HumanEval_81,4,True,180.38
two-turn-0.6nt-8t,HumanEval_82,0,True,0.88
two-turn-0.6nt-8t,HumanEval_82,1,True,0.74
two-turn-0.6nt-8t,HumanEval_82,2,True,0.89
two-turn-0.6nt-8t,HumanEval_82,3,True,0.81
two-turn-0.6nt-8t,HumanEval_82,4,False,197.782865524292
two-turn-0.6nt-8t,HumanEval_83,0,True,61.71
two-turn-0.6nt-8t,HumanEval_83,1,True,35.44
two-turn-0.6nt-8t,HumanEval_83,2,True,49.64
two-turn-0.6nt-8t,HumanEval_83,3,True,50.54
two-turn-0.6nt-8t,HumanEval_83,4,True,67.87
two-turn-0.6nt-8t,HumanEval_84,0,True,20.43
two-turn-0.6nt-8t,HumanEval_84,1,True,18.32
two-turn-0.6nt-8t,HumanEval_84,2,True,22.2
two-turn-0.6nt-8t,HumanEval_84,3,True,29.18
two-turn-0.6nt-8t,HumanEval_84,4,True,27.04
two-turn-0.6nt-8t,HumanEval_85,0,True,16.94
two-turn-0.6nt-8t,HumanEval_85,1,True,14.49
two-turn-0.6nt-8t,HumanEval_85,2,True,17.4
two-turn-0.6nt-8t,HumanEval_85,3,True,15.28
two-turn-0.6nt-8t,HumanEval_85,4,True,14.22
two-turn-0.6nt-8t,HumanEval_86,0,True,0.79
two-turn-0.6nt-8t,HumanEval_86,1,True,64.36
two-turn-0.6nt-8t,HumanEval_86,2,True,59.81
two-turn-0.6nt-8t,HumanEval_86,3,True,84.73
two-turn-0.6nt-8t,HumanEval_86,4,True,0.74
two-turn-0.6nt-8t,HumanEval_87,0,True,1.11
two-turn-0.6nt-8t,HumanEval_87,1,True,54.04
two-turn-0.6nt-8t,HumanEval_87,2,True,1.17
two-turn-0.6nt-8t,HumanEval_87,3,True,1.48
two-turn-0.6nt-8t,HumanEval_87,4,True,56.27
two-turn-0.6nt-8t,HumanEval_88,0,True,67.17
two-turn-0.6nt-8t,HumanEval_88,1,True,39.46
two-turn-0.6nt-8t,HumanEval_88,2,True,15.92
two-turn-0.6nt-8t,HumanEval_88,3,True,28.65
two-turn-0.6nt-8t,HumanEval_88,4,True,36.93
two-turn-0.6nt-8t,HumanEval_89,0,True,35.48
two-turn-0.6nt-8t,HumanEval_89,1,True,40.66
two-turn-0.6nt-8t,HumanEval_89,2,True,36.81
two-turn-0.6nt-8t,HumanEval_89,3,True,39.62
two-turn-0.6nt-8t,HumanEval_89,4,False,29.87
two-turn-0.6nt-8t,HumanEval_9,0,True,0.73
two-turn-0.6nt-8t,HumanEval_9,1,True,38.24
two-turn-0.6nt-8t,HumanEval_9,2,True,24.25
two-turn-0.6nt-8t,HumanEval_9,3,True,31.57
two-turn-0.6nt-8t,HumanEval_9,4,True,30.98
two-turn-0.6nt-8t,HumanEval_90,0,True,69.56
two-turn-0.6nt-8t,HumanEval_90,1,True,110.08
two-turn-0.6nt-8t,HumanEval_90,2,True,44.81
two-turn-0.6nt-8t,HumanEval_90,3,True,103.77
two-turn-0.6nt-8t,HumanEval_90,4,True,44.86
two-turn-0.6nt-8t,HumanEval_91,0,False,31.8
two-turn-0.6nt-8t,HumanEval_91,1,False,57.68
two-turn-0.6nt-8t,HumanEval_91,2,False,36.94
two-turn-0.6nt-8t,HumanEval_91,3,False,37.39
two-turn-0.6nt-8t,HumanEval_91,4,False,80.18
two-turn-0.6nt-8t,HumanEval_92,0,True,0.91
two-turn-0.6nt-8t,HumanEval_92,1,True,0.88
two-turn-0.6nt-8t,HumanEval_92,2,True,0.89
two-turn-0.6nt-8t,HumanEval_92,3,True,0.89
two-turn-0.6nt-8t,HumanEval_92,4,True,0.9
two-turn-0.6nt-8t,HumanEval_93,0,False,176.04
two-turn-0.6nt-8t,HumanEval_93,1,True,98.88
two-turn-0.6nt-8t,HumanEval_93,2,False,134.32
two-turn-0.6nt-8t,HumanEval_93,3,True,79.6
two-turn-0.6nt-8t,HumanEval_93,4,True,140.0
two-turn-0.6nt-8t,HumanEval_94,0,True,38.96
two-turn-0.6nt-8t,HumanEval_94,1,True,41.43
two-turn-0.6nt-8t,HumanEval_94,2,True,1.57
two-turn-0.6nt-8t,HumanEval_94,3,True,53.62
two-turn-0.6nt-8t,HumanEval_94,4,True,20.44
two-turn-0.6nt-8t,HumanEval_95,0,True,59.83
two-turn-0.6nt-8t,HumanEval_95,1,True,47.69
two-turn-0.6nt-8t,HumanEval_95,2,True,46.43
two-turn-0.6nt-8t,HumanEval_95,3,True,29.21
two-turn-0.6nt-8t,HumanEval_95,4,True,33.8
two-turn-0.6nt-8t,HumanEval_96,0,True,1.01
two-turn-0.6nt-8t,HumanEval_96,1,True,1.04
two-turn-0.6nt-8t,HumanEval_96,2,True,0.92
two-turn-0.6nt-8t,HumanEval_96,3,True,0.88
two-turn-0.6nt-8t,HumanEval_96,4,True,0.99
two-turn-0.6nt-8t,HumanEval_97,0,True,0.69
two-turn-0.6nt-8t,HumanEval_97,1,True,0.72
two-turn-0.6nt-8t,HumanEval_97,2,True,0.78
two-turn-0.6nt-8t,HumanEval_97,3,True,0.63
two-turn-0.6nt-8t,HumanEval_97,4,True,0.71
two-turn-0.6nt-8t,HumanEval_98,0,True,0.69
two-turn-0.6nt-8t,HumanEval_98,1,True,0.68
two-turn-0.6nt-8t,HumanEval_98,2,True,0.68
two-turn-0.6nt-8t,HumanEval_98,3,True,32.52
two-turn-0.6nt-8t,HumanEval_98,4,True,0.76
two-turn-0.6nt-8t,HumanEval_99,0,True,102.25
two-turn-0.6nt-8t,HumanEval_99,1,True,86.17
two-turn-0.6nt-8t,HumanEval_99,2,False,103.86
two-turn-0.6nt-8t,HumanEval_99,3,True,70.91
two-turn-0.6nt-8t,HumanEval_99,4,True,91.91
two-turn-1.7nt-8t,HumanEval_0,0,True,137.57
two-turn-1.7nt-8t,HumanEval_0,1,True,34.88
two-turn-1.7nt-8t,HumanEval_0,2,False,95.49
two-turn-1.7nt-8t,HumanEval_0,3,True,1.69
two-turn-1.7nt-8t,HumanEval_0,4,True,1.97
two-turn-1.7nt-8t,HumanEval_1,0,True,166.82
two-turn-1.7nt-8t,HumanEval_1,1,True,2.23
two-turn-1.7nt-8t,HumanEval_1,2,True,69.03
two-turn-1.7nt-8t,HumanEval_1,3,True,96.15
two-turn-1.7nt-8t,HumanEval_1,4,True,87.38
two-turn-1.7nt-8t,HumanEval_10,0,False,96.58
two-turn-1.7nt-8t,HumanEval_10,1,True,2.62
two-turn-1.7nt-8t,HumanEval_10,2,True,197.61
two-turn-1.7nt-8t,HumanEval_10,3,True,96.19
two-turn-1.7nt-8t,HumanEval_10,4,True,2.63
two-turn-1.7nt-8t,HumanEval_100,0,True,2.17
two-turn-1.7nt-8t,HumanEval_100,1,True,41.81
two-turn-1.7nt-8t,HumanEval_100,2,True,63.14
two-turn-1.7nt-8t,HumanEval_100,3,False,46.21
two-turn-1.7nt-8t,HumanEval_100,4,True,2.04
two-turn-1.7nt-8t,HumanEval_101,0,True,32.68
two-turn-1.7nt-8t,HumanEval_101,1,True,42.77
two-turn-1.7nt-8t,HumanEval_101,2,True,79.87
two-turn-1.7nt-8t,HumanEval_101,3,True,49.27
two-turn-1.7nt-8t,HumanEval_101,4,True,50.71
two-turn-1.7nt-8t,HumanEval_102,0,True,1.75
two-turn-1.7nt-8t,HumanEval_102,1,True,2.34
two-turn-1.7nt-8t,HumanEval_102,2,True,70.91
two-turn-1.7nt-8t,HumanEval_102,3,True,2.18
two-turn-1.7nt-8t,HumanEval_102,4,True,2.3
two-turn-1.7nt-8t,HumanEval_103,0,True,66.64
two-turn-1.7nt-8t,HumanEval_103,1,True,2.36
two-turn-1.7nt-8t,HumanEval_103,2,False,40.28
two-turn-1.7nt-8t,HumanEval_103,3,True,2.91
two-turn-1.7nt-8t,HumanEval_103,4,True,2.45
two-turn-1.7nt-8t,HumanEval_104,0,True,20.38
two-turn-1.7nt-8t,HumanEval_104,1,True,32.13
two-turn-1.7nt-8t,HumanEval_104,2,True,33.43
two-turn-1.7nt-8t,HumanEval_104,3,True,45.86
two-turn-1.7nt-8t,HumanEval_104,4,True,36.69
two-turn-1.7nt-8t,HumanEval_105,0,True,3.22
two-turn-1.7nt-8t,HumanEval_105,1,True,2.97
two-turn-1.7nt-8t,HumanEval_105,2,True,3.07
two-turn-1.7nt-8t,HumanEval_105,3,True,3.48
two-turn-1.7nt-8t,HumanEval_105,4,True,28.37
two-turn-1.7nt-8t,HumanEval_106,0,True,2.5
two-turn-1.7nt-8t,HumanEval_106,1,True,2.06
two-turn-1.7nt-8t,HumanEval_106,2,True,2.33
two-turn-1.7nt-8t,HumanEval_106,3,True,2.38
two-turn-1.7nt-8t,HumanEval_106,4,True,2.24
two-turn-1.7nt-8t,HumanEval_107,0,True,2.59
two-turn-1.7nt-8t,HumanEval_107,1,True,2.61
two-turn-1.7nt-8t,HumanEval_107,2,True,2.29
two-turn-1.7nt-8t,HumanEval_107,3,True,2.51
two-turn-1.7nt-8t,HumanEval_107,4,True,2.53
two-turn-1.7nt-8t,HumanEval_108,0,True,2.24
two-turn-1.7nt-8t,HumanEval_108,1,True,62.45
two-turn-1.7nt-8t,HumanEval_108,2,True,40.35
two-turn-1.7nt-8t,HumanEval_108,3,False,75.95
two-turn-1.7nt-8t,HumanEval_108,4,True,2.64
two-turn-1.7nt-8t,HumanEval_109,0,True,2.24
two-turn-1.7nt-8t,HumanEval_109,1,True,3.2
two-turn-1.7nt-8t,HumanEval_109,2,True,3.38
two-turn-1.7nt-8t,HumanEval_109,3,True,2.15
two-turn-1.7nt-8t,HumanEval_109,4,True,3.13
two-turn-1.7nt-8t,HumanEval_11,0,True,1.64
two-turn-1.7nt-8t,HumanEval_11,1,True,1.74
two-turn-1.7nt-8t,HumanEval_11,2,True,1.76
two-turn-1.7nt-8t,HumanEval_11,3,True,1.69
two-turn-1.7nt-8t,HumanEval_11,4,True,1.51
two-turn-1.7nt-8t,HumanEval_110,0,True,44.66
two-turn-1.7nt-8t,HumanEval_110,1,False,34.0
two-turn-1.7nt-8t,HumanEval_110,2,True,47.33
two-turn-1.7nt-8t,HumanEval_110,3,True,81.08
two-turn-1.7nt-8t,HumanEval_110,4,True,3.21
two-turn-1.7nt-8t,HumanEval_111,0,True,2.15
two-turn-1.7nt-8t,HumanEval_111,1,True,2.67
two-turn-1.7nt-8t,HumanEval_111,2,True,13.35
two-turn-1.7nt-8t,HumanEval_111,3,True,2.2
two-turn-1.7nt-8t,HumanEval_111,4,True,2.48
two-turn-1.7nt-8t,HumanEval_112,0,True,1.42
two-turn-1.7nt-8t,HumanEval_112,1,True,1.59
two-turn-1.7nt-8t,HumanEval_112,2,True,1.55
two-turn-1.7nt-8t,HumanEval_112,3,True,1.65
two-turn-1.7nt-8t,HumanEval_112,4,True,1.61
two-turn-1.7nt-8t,HumanEval_113,0,True,2.14
two-turn-1.7nt-8t,HumanEval_113,1,True,1.23
two-turn-1.7nt-8t,HumanEval_113,2,True,2.71
two-turn-1.7nt-8t,HumanEval_113,3,True,2.49
two-turn-1.7nt-8t,HumanEval_113,4,True,2.52
two-turn-1.7nt-8t,HumanEval_114,0,True,60.23
two-turn-1.7nt-8t,HumanEval_114,1,False,19.24
two-turn-1.7nt-8t,HumanEval_114,2,True,58.02
two-turn-1.7nt-8t,HumanEval_114,3,True,65.13
two-turn-1.7nt-8t,HumanEval_114,4,True,69.91
two-turn-1.7nt-8t,HumanEval_115,0,True,2.24
two-turn-1.7nt-8t,HumanEval_115,1,True,3.6
two-turn-1.7nt-8t,HumanEval_115,2,True,3.56
two-turn-1.7nt-8t,HumanEval_115,3,True,38.22
two-turn-1.7nt-8t,HumanEval_115,4,True,47.86
two-turn-1.7nt-8t,HumanEval_116,0,True,1.82
two-turn-1.7nt-8t,HumanEval_116,1,True,1.47
two-turn-1.7nt-8t,HumanEval_116,2,True,1.83
two-turn-1.7nt-8t,HumanEval_116,3,True,2.19
two-turn-1.7nt-8t,HumanEval_116,4,True,1.62
two-turn-1.7nt-8t,HumanEval_117,0,True,77.15
two-turn-1.7nt-8t,HumanEval_117,1,True,2.49
two-turn-1.7nt-8t,HumanEval_117,2,True,79.94
two-turn-1.7nt-8t,HumanEval_117,3,True,42.18
two-turn-1.7nt-8t,HumanEval_117,4,True,2.68
two-turn-1.7nt-8t,HumanEval_118,0,True,2.79
two-turn-1.7nt-8t,HumanEval_118,1,True,76.28
two-turn-1.7nt-8t,HumanEval_118,2,True,85.38
two-turn-1.7nt-8t,HumanEval_118,3,False,54.38
two-turn-1.7nt-8t,HumanEval_118,4,False,58.36
two-turn-1.7nt-8t,HumanEval_119,0,True,177.9
two-turn-1.7nt-8t,HumanEval_119,1,True,152.76
two-turn-1.7nt-8t,HumanEval_119,2,True,2.44
two-turn-1.7nt-8t,HumanEval_119,3,True,3.36
two-turn-1.7nt-8t,HumanEval_119,4,True,3.55
two-turn-1.7nt-8t,HumanEval_12,0,True,1.08
two-turn-1.7nt-8t,HumanEval_12,1,True,1.07
two-turn-1.7nt-8t,HumanEval_12,2,True,1.71
two-turn-1.7nt-8t,HumanEval_12,3,True,1.07
two-turn-1.7nt-8t,HumanEval_12,4,True,1.67
two-turn-1.7nt-8t,HumanEval_120,0,True,69.08
two-turn-1.7nt-8t,HumanEval_120,1,False,69.85
two-turn-1.7nt-8t,HumanEval_120,2,True,36.01
two-turn-1.7nt-8t,HumanEval_120,3,True,66.23
two-turn-1.7nt-8t,HumanEval_120,4,True,54.2
two-turn-1.7nt-8t,HumanEval_121,0,True,1.92
two-turn-1.7nt-8t,HumanEval_121,1,True,1.96
two-turn-1.7nt-8t,HumanEval_121,2,True,1.79
two-turn-1.7nt-8t,HumanEval_121,3,True,1.69
two-turn-1.7nt-8t,HumanEval_121,4,True,2.18
two-turn-1.7nt-8t,HumanEval_122,0,False,44.84
two-turn-1.7nt-8t,HumanEval_122,1,False,29.21
two-turn-1.7nt-8t,HumanEval_122,2,False,73.64
two-turn-1.7nt-8t,HumanEval_122,3,True,2.02
two-turn-1.7nt-8t,HumanEval_122,4,False,76.34
two-turn-1.7nt-8t,HumanEval_123,0,True,2.49
two-turn-1.7nt-8t,HumanEval_123,1,True,2.44
two-turn-1.7nt-8t,HumanEval_123,2,True,2.86
two-turn-1.7nt-8t,HumanEval_123,3,True,2.52
two-turn-1.7nt-8t,HumanEval_123,4,True,2.8
two-turn-1.7nt-8t,HumanEval_124,0,True,3.42
two-turn-1.7nt-8t,HumanEval_124,1,True,2.67
two-turn-1.7nt-8t,HumanEval_124,2,True,40.21
two-turn-1.7nt-8t,HumanEval_124,3,True,3.45
two-turn-1.7nt-8t,HumanEval_124,4,True,3.83
two-turn-1.7nt-8t,HumanEval_125,0,True,2.3
two-turn-1.7nt-8t,HumanEval_125,1,True,35.45
two-turn-1.7nt-8t,HumanEval_125,2,True,1.99
two-turn-1.7nt-8t,HumanEval_125,3,True,2.17
two-turn-1.7nt-8t,HumanEval_125,4,True,2.05
two-turn-1.7nt-8t,HumanEval_126,0,True,107.86
two-turn-1.7nt-8t,HumanEval_126,1,True,148.26
two-turn-1.7nt-8t,HumanEval_126,2,False,114.64
two-turn-1.7nt-8t,HumanEval_126,3,True,136.48
two-turn-1.7nt-8t,HumanEval_126,4,True,135.3
two-turn-1.7nt-8t,HumanEval_127,0,True,2.47
two-turn-1.7nt-8t,HumanEval_127,1,True,2.81
two-turn-1.7nt-8t,HumanEval_127,2,True,3.09
two-turn-1.7nt-8t,HumanEval_127,3,True,2.83
two-turn-1.7nt-8t,HumanEval_127,4,True,2.51
two-turn-1.7nt-8t,HumanEval_128,0,True,2.13
two-turn-1.7nt-8t,HumanEval_128,1,False,79.1
two-turn-1.7nt-8t,HumanEval_128,2,True,2.31
two-turn-1.7nt-8t,HumanEval_128,3,True,2.71
two-turn-1.7nt-8t,HumanEval_128,4,True,2.54
two-turn-1.7nt-8t,HumanEval_129,0,True,112.46
two-turn-1.7nt-8t,HumanEval_129,1,True,71.65
two-turn-1.7nt-8t,HumanEval_129,2,False,98.01
two-turn-1.7nt-8t,HumanEval_129,3,False,67.67
two-turn-1.7nt-8t,HumanEval_129,4,True,103.48
two-turn-1.7nt-8t,HumanEval_13,0,True,1.26
two-turn-1.7nt-8t,HumanEval_13,1,True,1.07
two-turn-1.7nt-8t,HumanEval_13,2,True,1.79
two-turn-1.7nt-8t,HumanEval_13,3,True,0.95
two-turn-1.7nt-8t,HumanEval_13,4,True,1.32
two-turn-1.7nt-8t,HumanEval_130,0,True,161.91
two-turn-1.7nt-8t,HumanEval_130,1,False,232.09
two-turn-1.7nt-8t,HumanEval_130,2,False,255.98
two-turn-1.7nt-8t,HumanEval_130,3,False,202.04
two-turn-1.7nt-8t,HumanEval_130,4,True,2.1
two-turn-1.7nt-8t,HumanEval_131,0,True,24.08
two-turn-1.7nt-8t,HumanEval_131,1,True,20.41
two-turn-1.7nt-8t,HumanEval_131,2,True,24.15
two-turn-1.7nt-8t,HumanEval_131,3,True,30.52
two-turn-1.7nt-8t,HumanEval_131,4,True,16.19
two-turn-1.7nt-8t,HumanEval_132,0,False,99.42
two-turn-1.7nt-8t,HumanEval_132,1,False,32.85
two-turn-1.7nt-8t,HumanEval_132,2,False,102.22
two-turn-1.7nt-8t,HumanEval_132,3,False,167.63
two-turn-1.7nt-8t,HumanEval_132,4,False,85.36
two-turn-1.7nt-8t,HumanEval_133,0,True,13.69
two-turn-1.7nt-8t,HumanEval_133,1,True,2.48
two-turn-1.7nt-8t,HumanEval_133,2,True,27.73
two-turn-1.7nt-8t,HumanEval_133,3,True,13.15
two-turn-1.7nt-8t,HumanEval_133,4,True,13.46
two-turn-1.7nt-8t,HumanEval_134,0,False,52.54
two-turn-1.7nt-8t,HumanEval_134,1,False,145.91
two-turn-1.7nt-8t,HumanEval_134,2,True,167.85
two-turn-1.7nt-8t,HumanEval_134,3,False,48.71
two-turn-1.7nt-8t,HumanEval_134,4,True,129.3
two-turn-1.7nt-8t,HumanEval_135,0,True,55.57
two-turn-1.7nt-8t,HumanEval_135,1,True,50.97
two-turn-1.7nt-8t,HumanEval_135,2,True,1.95
two-turn-1.7nt-8t,HumanEval_135,3,True,1.42
two-turn-1.7nt-8t,HumanEval_135,4,True,1.73
two-turn-1.7nt-8t,HumanEval_136,0,True,1.94
two-turn-1.7nt-8t,HumanEval_136,1,True,1.98
two-turn-1.7nt-8t,HumanEval_136,2,True,43.26
two-turn-1.7nt-8t,HumanEval_136,3,True,1.87
two-turn-1.7nt-8t,HumanEval_136,4,True,2.88
two-turn-1.7nt-8t,HumanEval_137,0,True,1.84
two-turn-1.7nt-8t,HumanEval_137,1,True,81.37
two-turn-1.7nt-8t,HumanEval_137,2,True,2.34
two-turn-1.7nt-8t,HumanEval_137,3,True,80.13
two-turn-1.7nt-8t,HumanEval_137,4,True,1.96
two-turn-1.7nt-8t,HumanEval_138,0,True,29.66
two-turn-1.7nt-8t,HumanEval_138,1,True,67.34
two-turn-1.7nt-8t,HumanEval_138,2,True,34.71
two-turn-1.7nt-8t,HumanEval_138,3,True,60.0
two-turn-1.7nt-8t,HumanEval_138,4,False,58.69
two-turn-1.7nt-8t,HumanEval_139,0,True,2.33
two-turn-1.7nt-8t,HumanEval_139,1,True,1.96
two-turn-1.7nt-8t,HumanEval_139,2,True,2.04
two-turn-1.7nt-8t,HumanEval_139,3,True,2.09
two-turn-1.7nt-8t,HumanEval_139,4,True,2.23
two-turn-1.7nt-8t,HumanEval_14,0,True,0.74
two-turn-1.7nt-8t,HumanEval_14,1,True,0.75
two-turn-1.7nt-8t,HumanEval_14,2,True,0.73
two-turn-1.7nt-8t,HumanEval_14,3,True,0.73
two-turn-1.7nt-8t,HumanEval_14,4,True,0.79
two-turn-1.7nt-8t,HumanEval_140,0,False,10.85
two-turn-1.7nt-8t,HumanEval_140,1,False,11.17
two-turn-1.7nt-8t,HumanEval_140,2,False,49.12
two-turn-1.7nt-8t,HumanEval_140,3,True,46.45
two-turn-1.7nt-8t,HumanEval_140,4,True,33.21
two-turn-1.7nt-8t,HumanEval_141,0,False,47.07
two-turn-1.7nt-8t,HumanEval_141,1,True,46.65
two-turn-1.7nt-8t,HumanEval_141,2,True,49.64
two-turn-1.7nt-8t,HumanEval_141,3,True,79.52
two-turn-1.7nt-8t,HumanEval_141,4,True,45.75
two-turn-1.7nt-8t,HumanEval_142,0,True,1.91
two-turn-1.7nt-8t,HumanEval_142,1,True,1.93
two-turn-1.7nt-8t,HumanEval_142,2,True,2.1
two-turn-1.7nt-8t,HumanEval_142,3,True,2.11
two-turn-1.7nt-8t,HumanEval_142,4,True,2.2
two-turn-1.7nt-8t,HumanEval_143,0,True,2.45
two-turn-1.7nt-8t,HumanEval_143,1,True,2.27
two-turn-1.7nt-8t,HumanEval_143,2,True,2.25
two-turn-1.7nt-8t,HumanEval_143,3,True,2.31
two-turn-1.7nt-8t,HumanEval_143,4,True,2.38
two-turn-1.7nt-8t,HumanEval_144,0,True,2.21
two-turn-1.7nt-8t,HumanEval_144,1,False,73.61
two-turn-1.7nt-8t,HumanEval_144,2,True,61.45
two-turn-1.7nt-8t,HumanEval_144,3,False,84.78
two-turn-1.7nt-8t,HumanEval_144,4,True,48.54
two-turn-1.7nt-8t,HumanEval_145,0,False,122.76
two-turn-1.7nt-8t,HumanEval_145,1,False,192.38
two-turn-1.7nt-8t,HumanEval_145,2,False,150.62
two-turn-1.7nt-8t,HumanEval_145,3,False,200.22
two-turn-1.7nt-8t,HumanEval_145,4,False,206.8
two-turn-1.7nt-8t,HumanEval_146,0,True,2.16
two-turn-1.7nt-8t,HumanEval_146,1,True,2.44
two-turn-1.7nt-8t,HumanEval_146,2,True,2.16
two-turn-1.7nt-8t,HumanEval_146,3,True,2.58
two-turn-1.7nt-8t,HumanEval_146,4,True,3.14
two-turn-1.7nt-8t,HumanEval_147,0,True,2.58
two-turn-1.7nt-8t,HumanEval_147,1,True,2.6
two-turn-1.7nt-8t,HumanEval_147,2,True,2.73
two-turn-1.7nt-8t,HumanEval_147,3,True,2.76
two-turn-1.7nt-8t,HumanEval_147,4,True,2.47
two-turn-1.7nt-8t,HumanEval_148,0,True,2.52
two-turn-1.7nt-8t,HumanEval_148,1,True,3.33
two-turn-1.7nt-8t,HumanEval_148,2,True,3.33
two-turn-1.7nt-8t,HumanEval_148,3,True,2.18
two-turn-1.7nt-8t,HumanEval_148,4,True,72.6
two-turn-1.7nt-8t,HumanEval_149,0,True,1.92
two-turn-1.7nt-8t,HumanEval_149,1,True,2.25
two-turn-1.7nt-8t,HumanEval_149,2,True,2.0
two-turn-1.7nt-8t,HumanEval_149,3,True,2.18
two-turn-1.7nt-8t,HumanEval_149,4,True,1.99
two-turn-1.7nt-8t,HumanEval_15,0,True,0.71
two-turn-1.7nt-8t,HumanEval_15,1,True,1.02
two-turn-1.7nt-8t,HumanEval_15,2,True,1.15
two-turn-1.7nt-8t,HumanEval_15,3,True,0.79
two-turn-1.7nt-8t,HumanEval_15,4,True,0.75
two-turn-1.7nt-8t,HumanEval_150,0,True,1.58
two-turn-1.7nt-8t,HumanEval_150,1,True,1.87
two-turn-1.7nt-8t,HumanEval_150,2,True,1.77
two-turn-1.7nt-8t,HumanEval_150,3,True,2.03
two-turn-1.7nt-8t,HumanEval_150,4,True,1.6
two-turn-1.7nt-8t,HumanEval_151,0,True,1.59
two-turn-1.7nt-8t,HumanEval_151,1,True,1.77
two-turn-1.7nt-8t,HumanEval_151,2,True,1.53
two-turn-1.7nt-8t,HumanEval_151,3,True,1.6
two-turn-1.7nt-8t,HumanEval_151,4,True,1.88
two-turn-1.7nt-8t,HumanEval_152,0,True,1.72
two-turn-1.7nt-8t,HumanEval_152,1,True,1.12
two-turn-1.7nt-8t,HumanEval_152,2,True,0.85
two-turn-1.7nt-8t,HumanEval_152,3,True,0.87
two-turn-1.7nt-8t,HumanEval_152,4,True,1.78
two-turn-1.7nt-8t,HumanEval_153,0,False,86.33
two-turn-1.7nt-8t,HumanEval_153,1,True,123.75
two-turn-1.7nt-8t,HumanEval_153,2,False,90.75
two-turn-1.7nt-8t,HumanEval_153,3,False,82.04
two-turn-1.7nt-8t,HumanEval_153,4,False,100.62
two-turn-1.7nt-8t,HumanEval_154,0,True,2.0
two-turn-1.7nt-8t,HumanEval_154,1,True,1.89
two-turn-1.7nt-8t,HumanEval_154,2,True,2.18
two-turn-1.7nt-8t,HumanEval_154,3,True,2.07
two-turn-1.7nt-8t,HumanEval_154,4,True,2.36
two-turn-1.7nt-8t,HumanEval_155,0,True,1.84
two-turn-1.7nt-8t,HumanEval_155,1,False,47.75
two-turn-1.7nt-8t,HumanEval_155,2,True,1.65
two-turn-1.7nt-8t,HumanEval_155,3,True,30.12
two-turn-1.7nt-8t,HumanEval_155,4,False,66.31
two-turn-1.7nt-8t,HumanEval_156,0,True,2.32
two-turn-1.7nt-8t,HumanEval_156,1,True,2.31
two-turn-1.7nt-8t,HumanEval_156,2,True,2.28
two-turn-1.7nt-8t,HumanEval_156,3,True,2.36
two-turn-1.7nt-8t,HumanEval_156,4,True,2.54
two-turn-1.7nt-8t,HumanEval_157,0,True,1.5
two-turn-1.7nt-8t,HumanEval_157,1,True,2.11
two-turn-1.7nt-8t,HumanEval_157,2,True,2.08
two-turn-1.7nt-8t,HumanEval_157,3,True,1.69
two-turn-1.7nt-8t,HumanEval_157,4,True,2.41
two-turn-1.7nt-8t,HumanEval_158,0,True,2.21
two-turn-1.7nt-8t,HumanEval_158,1,True,2.29
two-turn-1.7nt-8t,HumanEval_158,2,True,2.28
two-turn-1.7nt-8t,HumanEval_158,3,True,2.05
two-turn-1.7nt-8t,HumanEval_158,4,True,2.09
two-turn-1.7nt-8t,HumanEval_159,0,True,33.17
two-turn-1.7nt-8t,HumanEval_159,1,True,33.82
two-turn-1.7nt-8t,HumanEval_159,2,True,33.64
two-turn-1.7nt-8t,HumanEval_159,3,True,30.51
two-turn-1.7nt-8t,HumanEval_159,4,True,33.15
two-turn-1.7nt-8t,HumanEval_16,0,True,0.91
two-turn-1.7nt-8t,HumanEval_16,1,True,0.9
two-turn-1.7nt-8t,HumanEval_16,2,True,0.9
two-turn-1.7nt-8t,HumanEval_16,3,True,1.25
two-turn-1.7nt-8t,HumanEval_16,4,True,0.95
two-turn-1.7nt-8t,HumanEval_160,0,False,75.38
two-turn-1.7nt-8t,HumanEval_160,1,False,21.23
two-turn-1.7nt-8t,HumanEval_160,2,True,63.23
two-turn-1.7nt-8t,HumanEval_160,3,True,65.72
two-turn-1.7nt-8t,HumanEval_160,4,True,59.01
two-turn-1.7nt-8t,HumanEval_161,0,True,2.42
two-turn-1.7nt-8t,HumanEval_161,1,True,2.1
two-turn-1.7nt-8t,HumanEval_161,2,True,2.36
two-turn-1.7nt-8t,HumanEval_161,3,True,2.07
two-turn-1.7nt-8t,HumanEval_161,4,True,2.14
two-turn-1.7nt-8t,HumanEval_162,0,True,1.48
two-turn-1.7nt-8t,HumanEval_162,1,True,1.49
two-turn-1.7nt-8t,HumanEval_162,2,True,1.5
two-turn-1.7nt-8t,HumanEval_162,3,True,2.04
two-turn-1.7nt-8t,HumanEval_162,4,True,1.55
two-turn-1.7nt-8t,HumanEval_163,0,False,107.32
two-turn-1.7nt-8t,HumanEval_163,1,False,116.88
two-turn-1.7nt-8t,HumanEval_163,2,False,22.4
two-turn-1.7nt-8t,HumanEval_163,3,False,104.4
two-turn-1.7nt-8t,HumanEval_163,4,False,89.66
two-turn-1.7nt-8t,HumanEval_17,0,True,13.23
two-turn-1.7nt-8t,HumanEval_17,1,True,1.43
two-turn-1.7nt-8t,HumanEval_17,2,True,2.13
two-turn-1.7nt-8t,HumanEval_17,3,True,1.85
two-turn-1.7nt-8t,HumanEval_17,4,True,65.76
two-turn-1.7nt-8t,HumanEval_18,0,True,1.91
two-turn-1.7nt-8t,HumanEval_18,1,True,1.92
two-turn-1.7nt-8t,HumanEval_18,2,True,47.86
two-turn-1.7nt-8t,HumanEval_18,3,True,1.86
two-turn-1.7nt-8t,HumanEval_18,4,True,66.73
two-turn-1.7nt-8t,HumanEval_19,0,True,35.83
two-turn-1.7nt-8t,HumanEval_19,1,False,50.87
two-turn-1.7nt-8t,HumanEval_19,2,True,62.49
two-turn-1.7nt-8t,HumanEval_19,3,False,33.66
two-turn-1.7nt-8t,HumanEval_19,4,True,31.86
two-turn-1.7nt-8t,HumanEval_2,0,True,9.33
two-turn-1.7nt-8t,HumanEval_2,1,True,1.36
two-turn-1.7nt-8t,HumanEval_2,2,True,1.25
two-turn-1.7nt-8t,HumanEval_2,3,False,59.98
two-turn-1.7nt-8t,HumanEval_2,4,True,1.3
two-turn-1.7nt-8t,HumanEval_20,0,False,71.78
two-turn-1.7nt-8t,HumanEval_20,1,True,46.71
two-turn-1.7nt-8t,HumanEval_20,2,True,26.67
two-turn-1.7nt-8t,HumanEval_20,3,True,39.08
two-turn-1.7nt-8t,HumanEval_20,4,True,3.04
two-turn-1.7nt-8t,HumanEval_21,0,True,1.94
two-turn-1.7nt-8t,HumanEval_21,1,True,1.89
two-turn-1.7nt-8t,HumanEval_21,2,True,1.98
two-turn-1.7nt-8t,HumanEval_21,3,True,1.91
two-turn-1.7nt-8t,HumanEval_21,4,True,41.15
two-turn-1.7nt-8t,HumanEval_22,0,True,1.22
two-turn-1.7nt-8t,HumanEval_22,1,True,1.42
two-turn-1.7nt-8t,HumanEval_22,2,True,0.8
two-turn-1.7nt-8t,HumanEval_22,3,True,1.31
two-turn-1.7nt-8t,HumanEval_22,4,True,1.46
two-turn-1.7nt-8t,HumanEval_23,0,True,0.77
two-turn-1.7nt-8t,HumanEval_23,1,True,0.91
two-turn-1.7nt-8t,HumanEval_23,2,True,0.54
two-turn-1.7nt-8t,HumanEval_23,3,True,0.77
two-turn-1.7nt-8t,HumanEval_23,4,True,0.59
two-turn-1.7nt-8t,HumanEval_24,0,True,1.25
two-turn-1.7nt-8t,HumanEval_24,1,True,63.5
two-turn-1.7nt-8t,HumanEval_24,2,True,45.11
two-turn-1.7nt-8t,HumanEval_24,3,True,46.26
two-turn-1.7nt-8t,HumanEval_24,4,True,60.23
two-turn-1.7nt-8t,HumanEval_25,0,True,69.93
two-turn-1.7nt-8t,HumanEval_25,1,True,2.37
two-turn-1.7nt-8t,HumanEval_25,2,True,2.56
two-turn-1.7nt-8t,HumanEval_25,3,True,2.52
two-turn-1.7nt-8t,HumanEval_25,4,True,2.47
two-turn-1.7nt-8t,HumanEval_26,0,True,44.1
two-turn-1.7nt-8t,HumanEval_26,1,True,32.02
two-turn-1.7nt-8t,HumanEval_26,2,False,36.6
two-turn-1.7nt-8t,HumanEval_26,3,True,34.71
two-turn-1.7nt-8t,HumanEval_26,4,True,37.24
two-turn-1.7nt-8t,HumanEval_27,0,True,0.6
two-turn-1.7nt-8t,HumanEval_27,1,True,0.69
two-turn-1.7nt-8t,HumanEval_27,2,True,0.65
two-turn-1.7nt-8t,HumanEval_27,3,True,0.65
two-turn-1.7nt-8t,HumanEval_27,4,True,0.63
two-turn-1.7nt-8t,HumanEval_28,0,True,0.61
two-turn-1.7nt-8t,HumanEval_28,1,True,0.6
two-turn-1.7nt-8t,HumanEval_28,2,True,0.6
two-turn-1.7nt-8t,HumanEval_28,3,True,0.6
two-turn-1.7nt-8t,HumanEval_28,4,True,0.65
two-turn-1.7nt-8t,HumanEval_29,0,True,0.78
two-turn-1.7nt-8t,HumanEval_29,1,True,1.3
two-turn-1.7nt-8t,HumanEval_29,2,True,0.79
two-turn-1.7nt-8t,HumanEval_29,3,True,0.78
two-turn-1.7nt-8t,HumanEval_29,4,True,0.83
two-turn-1.7nt-8t,HumanEval_3,0,True,1.83
two-turn-1.7nt-8t,HumanEval_3,1,True,1.75
two-turn-1.7nt-8t,HumanEval_3,2,True,1.68
two-turn-1.7nt-8t,HumanEval_3,3,True,1.73
two-turn-1.7nt-8t,HumanEval_3,4,True,1.56
two-turn-1.7nt-8t,HumanEval_30,0,True,1.35
two-turn-1.7nt-8t,HumanEval_30,1,True,1.33
two-turn-1.7nt-8t,HumanEval_30,2,True,1.38
two-turn-1.7nt-8t,HumanEval_30,3,True,1.39
two-turn-1.7nt-8t,HumanEval_30,4,True,1.31
two-turn-1.7nt-8t,HumanEval_31,0,True,1.85
two-turn-1.7nt-8t,HumanEval_31,1,True,1.63
two-turn-1.7nt-8t,HumanEval_31,2,True,1.92
two-turn-1.7nt-8t,HumanEval_31,3,True,1.93
two-turn-1.7nt-8t,HumanEval_31,4,True,1.87
two-turn-1.7nt-8t,HumanEval_32,0,True,741.22
two-turn-1.7nt-8t,HumanEval_32,1,False,143.98
two-turn-1.7nt-8t,HumanEval_32,2,False,89.12
two-turn-1.7nt-8t,HumanEval_32,3,False,105.31
two-turn-1.7nt-8t,HumanEval_32,4,False,112.61
two-turn-1.7nt-8t,HumanEval_33,0,True,2.15
two-turn-1.7nt-8t,HumanEval_33,1,True,1.96
two-turn-1.7nt-8t,HumanEval_33,2,True,2.1
two-turn-1.7nt-8t,HumanEval_33,3,True,2.11
two-turn-1.7nt-8t,HumanEval_33,4,True,2.61
two-turn-1.7nt-8t,HumanEval_34,0,True,0.79
two-turn-1.7nt-8t,HumanEval_34,1,True,1.3
two-turn-1.7nt-8t,HumanEval_34,2,True,1.25
two-turn-1.7nt-8t,HumanEval_34,3,True,1.73
two-turn-1.7nt-8t,HumanEval_34,4,True,0.82
two-turn-1.7nt-8t,HumanEval_35,0,True,0.94
two-turn-1.7nt-8t,HumanEval_35,1,True,0.87
two-turn-1.7nt-8t,HumanEval_35,2,True,0.94
two-turn-1.7nt-8t,HumanEval_35,3,True,0.94
two-turn-1.7nt-8t,HumanEval_35,4,True,0.96
two-turn-1.7nt-8t,HumanEval_36,0,True,1.61
two-turn-1.7nt-8t,HumanEval_36,1,True,1.44
two-turn-1.7nt-8t,HumanEval_36,2,True,1.89
two-turn-1.7nt-8t,HumanEval_36,3,True,1.53
two-turn-1.7nt-8t,HumanEval_36,4,True,65.89
two-turn-1.7nt-8t,HumanEval_37,0,True,1.76
two-turn-1.7nt-8t,HumanEval_37,1,True,1.74
two-turn-1.7nt-8t,HumanEval_37,2,True,1.69
two-turn-1.7nt-8t,HumanEval_37,3,True,1.77
two-turn-1.7nt-8t,HumanEval_37,4,True,1.81
two-turn-1.7nt-8t,HumanEval_38,0,False,91.25
two-turn-1.7nt-8t,HumanEval_38,1,False,631.42
two-turn-1.7nt-8t,HumanEval_38,2,False,49.96
two-turn-1.7nt-8t,HumanEval_38,3,False,35.85
two-turn-1.7nt-8t,HumanEval_38,4,False,20.95
two-turn-1.7nt-8t,HumanEval_39,0,True,2.16
two-turn-1.7nt-8t,HumanEval_39,1,True,2.76
two-turn-1.7nt-8t,HumanEval_39,2,True,1.99
two-turn-1.7nt-8t,HumanEval_39,3,True,2.52
two-turn-1.7nt-8t,HumanEval_39,4,True,2.29
two-turn-1.7nt-8t,HumanEval_4,0,True,1.65
two-turn-1.7nt-8t,HumanEval_4,1,True,1.64
two-turn-1.7nt-8t,HumanEval_4,2,True,1.8
two-turn-1.7nt-8t,HumanEval_4,3,True,1.86
two-turn-1.7nt-8t,HumanEval_4,4,True,1.99
two-turn-1.7nt-8t,HumanEval_40,0,True,1.9
two-turn-1.7nt-8t,HumanEval_40,1,True,2.27
two-turn-1.7nt-8t,HumanEval_40,2,True,2.61
two-turn-1.7nt-8t,HumanEval_40,3,True,1.95
two-turn-1.7nt-8t,HumanEval_40,4,True,2.87
two-turn-1.7nt-8t,HumanEval_41,0,True,1.69
two-turn-1.7nt-8t,HumanEval_41,1,True,1.85
two-turn-1.7nt-8t,HumanEval_41,2,True,1.25
two-turn-1.7nt-8t,HumanEval_41,3,True,1.53
two-turn-1.7nt-8t,HumanEval_41,4,True,1.47
two-turn-1.7nt-8t,HumanEval_42,0,True,0.88
two-turn-1.7nt-8t,HumanEval_42,1,True,0.89
two-turn-1.7nt-8t,HumanEval_42,2,True,0.9
two-turn-1.7nt-8t,HumanEval_42,3,True,1.34
two-turn-1.7nt-8t,HumanEval_42,4,True,1.32
two-turn-1.7nt-8t,HumanEval_43,0,True,1.82
two-turn-1.7nt-8t,HumanEval_43,1,True,1.86
two-turn-1.7nt-8t,HumanEval_43,2,True,1.75
two-turn-1.7nt-8t,HumanEval_43,3,True,1.8
two-turn-1.7nt-8t,HumanEval_43,4,True,1.46
two-turn-1.7nt-8t,HumanEval_44,0,True,34.2
two-turn-1.7nt-8t,HumanEval_44,1,True,1.82
two-turn-1.7nt-8t,HumanEval_44,2,True,36.85
two-turn-1.7nt-8t,HumanEval_44,3,True,2.59
two-turn-1.7nt-8t,HumanEval_44,4,True,2.1
two-turn-1.7nt-8t,HumanEval_45,0,True,0.58
two-turn-1.7nt-8t,HumanEval_45,1,True,1.46
two-turn-1.7nt-8t,HumanEval_45,2,True,0.72
two-turn-1.7nt-8t,HumanEval_45,3,True,0.56
two-turn-1.7nt-8t,HumanEval_45,4,True,1.46
two-turn-1.7nt-8t,HumanEval_46,0,True,2.72
two-turn-1.7nt-8t,HumanEval_46,1,True,2.81
two-turn-1.7nt-8t,HumanEval_46,2,True,2.74
two-turn-1.7nt-8t,HumanEval_46,3,True,2.84
two-turn-1.7nt-8t,HumanEval_46,4,True,2.53
two-turn-1.7nt-8t,HumanEval_47,0,True,1.48
two-turn-1.7nt-8t,HumanEval_47,1,True,1.54
two-turn-1.7nt-8t,HumanEval_47,2,True,1.64
two-turn-1.7nt-8t,HumanEval_47,3,True,1.52
two-turn-1.7nt-8t,HumanEval_47,4,True,2.03
two-turn-1.7nt-8t,HumanEval_48,0,True,0.9
two-turn-1.7nt-8t,HumanEval_48,1,True,0.9
two-turn-1.7nt-8t,HumanEval_48,2,True,0.88
two-turn-1.7nt-8t,HumanEval_48,3,True,0.88
two-turn-1.7nt-8t,HumanEval_48,4,True,0.93
two-turn-1.7nt-8t,HumanEval_49,0,True,1.39
two-turn-1.7nt-8t,HumanEval_49,1,True,1.39
two-turn-1.7nt-8t,HumanEval_49,2,True,1.45
two-turn-1.7nt-8t,HumanEval_49,3,True,1.41
two-turn-1.7nt-8t,HumanEval_49,4,True,2.08
two-turn-1.7nt-8t,HumanEval_5,0,False,34.6
two-turn-1.7nt-8t,HumanEval_5,1,True,1.37
two-turn-1.7nt-8t,HumanEval_5,2,True,40.48
two-turn-1.7nt-8t,HumanEval_5,3,True,39.78
two-turn-1.7nt-8t,HumanEval_5,4,True,38.17
two-turn-1.7nt-8t,HumanEval_50,0,True,1.56
two-turn-1.7nt-8t,HumanEval_50,1,False,57.33
two-turn-1.7nt-8t,HumanEval_50,2,False,45.24
two-turn-1.7nt-8t,HumanEval_50,3,False,651.11
two-turn-1.7nt-8t,HumanEval_50,4,True,1.88
two-turn-1.7nt-8t,HumanEval_51,0,True,1.52
two-turn-1.7nt-8t,HumanEval_51,1,True,36.36
two-turn-1.7nt-8t,HumanEval_51,2,True,1.81
two-turn-1.7nt-8t,HumanEval_51,3,False,31.23
two-turn-1.7nt-8t,HumanEval_51,4,True,1.84
two-turn-1.7nt-8t,HumanEval_52,0,True,0.8
two-turn-1.7nt-8t,HumanEval_52,1,True,0.81
two-turn-1.7nt-8t,HumanEval_52,2,True,0.78
two-turn-1.7nt-8t,HumanEval_52,3,True,0.87
two-turn-1.7nt-8t,HumanEval_52,4,True,0.82
two-turn-1.7nt-8t,HumanEval_53,0,True,0.58
two-turn-1.7nt-8t,HumanEval_53,1,True,0.74
two-turn-1.7nt-8t,HumanEval_53,2,True,0.58
two-turn-1.7nt-8t,HumanEval_53,3,True,0.61
two-turn-1.7nt-8t,HumanEval_53,4,True,0.62
two-turn-1.7nt-8t,HumanEval_54,0,True,78.83
two-turn-1.7nt-8t,HumanEval_54,1,True,142.11
two-turn-1.7nt-8t,HumanEval_54,2,True,1.64
two-turn-1.7nt-8t,HumanEval_54,3,True,1.47
two-turn-1.7nt-8t,HumanEval_54,4,True,79.9
two-turn-1.7nt-8t,HumanEval_55,0,True,1.48
two-turn-1.7nt-8t,HumanEval_55,1,True,0.77
two-turn-1.7nt-8t,HumanEval_55,2,True,1.39
two-turn-1.7nt-8t,HumanEval_55,3,True,1.08
two-turn-1.7nt-8t,HumanEval_55,4,True,1.54
two-turn-1.7nt-8t,HumanEval_56,0,True,1.66
two-turn-1.7nt-8t,HumanEval_56,1,True,1.88
two-turn-1.7nt-8t,HumanEval_56,2,True,1.74
two-turn-1.7nt-8t,HumanEval_56,3,True,1.45
two-turn-1.7nt-8t,HumanEval_56,4,True,1.62
two-turn-1.7nt-8t,HumanEval_57,0,True,40.39
two-turn-1.7nt-8t,HumanEval_57,1,True,2.11
two-turn-1.7nt-8t,HumanEval_57,2,True,2.43
two-turn-1.7nt-8t,HumanEval_57,3,True,1.2
two-turn-1.7nt-8t,HumanEval_57,4,True,2.13
two-turn-1.7nt-8t,HumanEval_58,0,True,1.9
two-turn-1.7nt-8t,HumanEval_58,1,True,1.62
two-turn-1.7nt-8t,HumanEval_58,2,True,1.53
two-turn-1.7nt-8t,HumanEval_58,3,True,1.68
two-turn-1.7nt-8t,HumanEval_58,4,True,1.75
two-turn-1.7nt-8t,HumanEval_59,0,True,2.32
two-turn-1.7nt-8t,HumanEval_59,1,True,2.21
two-turn-1.7nt-8t,HumanEval_59,2,True,2.0
two-turn-1.7nt-8t,HumanEval_59,3,True,2.46
two-turn-1.7nt-8t,HumanEval_59,4,True,2.02
two-turn-1.7nt-8t,HumanEval_6,0,True,2.29
two-turn-1.7nt-8t,HumanEval_6,1,True,1.93
two-turn-1.7nt-8t,HumanEval_6,2,True,1.83
two-turn-1.7nt-8t,HumanEval_6,3,True,1.97
two-turn-1.7nt-8t,HumanEval_6,4,True,1.85
two-turn-1.7nt-8t,HumanEval_60,0,True,0.86
two-turn-1.7nt-8t,HumanEval_60,1,True,1.22
two-turn-1.7nt-8t,HumanEval_60,2,True,1.1
two-turn-1.7nt-8t,HumanEval_60,3,True,0.9
two-turn-1.7nt-8t,HumanEval_60,4,True,0.9
two-turn-1.7nt-8t,HumanEval_61,0,True,2.07
two-turn-1.7nt-8t,HumanEval_61,1,True,1.67
two-turn-1.7nt-8t,HumanEval_61,2,True,1.58
two-turn-1.7nt-8t,HumanEval_61,3,True,1.82
two-turn-1.7nt-8t,HumanEval_61,4,True,2.2
two-turn-1.7nt-8t,HumanEval_62,0,True,41.94
two-turn-1.7nt-8t,HumanEval_62,1,False,66.99
two-turn-1.7nt-8t,HumanEval_62,2,True,28.74
two-turn-1.7nt-8t,HumanEval_62,3,True,2.44
two-turn-1.7nt-8t,HumanEval_62,4,True,43.45
two-turn-1.7nt-8t,HumanEval_63,0,True,2.12
two-turn-1.7nt-8t,HumanEval_63,1,True,2.37
two-turn-1.7nt-8t,HumanEval_63,2,True,3.27
two-turn-1.7nt-8t,HumanEval_63,3,True,2.76
two-turn-1.7nt-8t,HumanEval_63,4,True,2.35
two-turn-1.7nt-8t,HumanEval_64,0,True,35.1
two-turn-1.7nt-8t,HumanEval_64,1,True,49.91
two-turn-1.7nt-8t,HumanEval_64,2,True,60.69
two-turn-1.7nt-8t,HumanEval_64,3,True,73.03
two-turn-1.7nt-8t,HumanEval_64,4,True,64.37
two-turn-1.7nt-8t,HumanEval_65,0,True,2.0
two-turn-1.7nt-8t,HumanEval_65,1,True,2.22
two-turn-1.7nt-8t,HumanEval_65,2,True,1.63
two-turn-1.7nt-8t,HumanEval_65,3,True,1.84
two-turn-1.7nt-8t,HumanEval_65,4,False,75.68
two-turn-1.7nt-8t,HumanEval_66,0,True,1.71
two-turn-1.7nt-8t,HumanEval_66,1,True,1.51
two-turn-1.7nt-8t,HumanEval_66,2,True,1.99
two-turn-1.7nt-8t,HumanEval_66,3,True,1.62
two-turn-1.7nt-8t,HumanEval_66,4,True,1.59
two-turn-1.7nt-8t,HumanEval_67,0,True,40.91
two-turn-1.7nt-8t,HumanEval_67,1,True,16.67
two-turn-1.7nt-8t,HumanEval_67,2,True,15.74
two-turn-1.7nt-8t,HumanEval_67,3,True,25.46
two-turn-1.7nt-8t,HumanEval_67,4,True,30.98
two-turn-1.7nt-8t,HumanEval_68,0,True,65.73
two-turn-1.7nt-8t,HumanEval_68,1,True,46.3
two-turn-1.7nt-8t,HumanEval_68,2,True,71.95
two-turn-1.7nt-8t,HumanEval_68,3,True,2.88
two-turn-1.7nt-8t,HumanEval_68,4,True,2.9
two-turn-1.7nt-8t,HumanEval_69,0,True,1.91
two-turn-1.7nt-8t,HumanEval_69,1,True,2.23
two-turn-1.7nt-8t,HumanEval_69,2,True,1.61
two-turn-1.7nt-8t,HumanEval_69,3,True,1.62
two-turn-1.7nt-8t,HumanEval_69,4,True,2.36
two-turn-1.7nt-8t,HumanEval_7,0,True,1.3
two-turn-1.7nt-8t,HumanEval_7,1,True,1.3
two-turn-1.7nt-8t,HumanEval_7,2,True,1.07
two-turn-1.7nt-8t,HumanEval_7,3,True,1.19
two-turn-1.7nt-8t,HumanEval_7,4,True,1.27
two-turn-1.7nt-8t,HumanEval_70,0,True,2.42
two-turn-1.7nt-8t,HumanEval_70,1,True,2.05
two-turn-1.7nt-8t,HumanEval_70,2,True,2.99
two-turn-1.7nt-8t,HumanEval_70,3,True,2.58
two-turn-1.7nt-8t,HumanEval_70,4,True,2.54
two-turn-1.7nt-8t,HumanEval_71,0,True,2.35
two-turn-1.7nt-8t,HumanEval_71,1,True,2.1
two-turn-1.7nt-8t,HumanEval_71,2,True,1.9
two-turn-1.7nt-8t,HumanEval_71,3,True,2.21
two-turn-1.7nt-8t,HumanEval_71,4,True,2.13
two-turn-1.7nt-8t,HumanEval_72,0,True,2.5
two-turn-1.7nt-8t,HumanEval_72,1,True,2.2
two-turn-1.7nt-8t,HumanEval_72,2,True,2.45
two-turn-1.7nt-8t,HumanEval_72,3,True,2.11
two-turn-1.7nt-8t,HumanEval_72,4,True,2.54
two-turn-1.7nt-8t,HumanEval_73,0,True,145.98
two-turn-1.7nt-8t,HumanEval_73,1,False,56.71
two-turn-1.7nt-8t,HumanEval_73,2,True,68.8
two-turn-1.7nt-8t,HumanEval_73,3,False,58.66
two-turn-1.7nt-8t,HumanEval_73,4,True,54.95
two-turn-1.7nt-8t,HumanEval_74,0,True,2.1
two-turn-1.7nt-8t,HumanEval_74,1,True,2.14
two-turn-1.7nt-8t,HumanEval_74,2,True,2.09
two-turn-1.7nt-8t,HumanEval_74,3,True,1.32
two-turn-1.7nt-8t,HumanEval_74,4,True,2.11
two-turn-1.7nt-8t,HumanEval_75,0,True,151.83
two-turn-1.7nt-8t,HumanEval_75,1,True,2.58
two-turn-1.7nt-8t,HumanEval_75,2,True,2.58
two-turn-1.7nt-8t,HumanEval_75,3,False,88.68
two-turn-1.7nt-8t,HumanEval_75,4,False,104.35
two-turn-1.7nt-8t,HumanEval_76,0,True,2.18
two-turn-1.7nt-8t,HumanEval_76,1,False,158.51
two-turn-1.7nt-8t,HumanEval_76,2,True,2.41
two-turn-1.7nt-8t,HumanEval_76,3,True,140.87
two-turn-1.7nt-8t,HumanEval_76,4,True,103.47
two-turn-1.7nt-8t,HumanEval_77,0,True,91.78
two-turn-1.7nt-8t,HumanEval_77,1,True,52.41
two-turn-1.7nt-8t,HumanEval_77,2,True,97.45
two-turn-1.7nt-8t,HumanEval_77,3,True,131.23
two-turn-1.7nt-8t,HumanEval_77,4,False,120.78
two-turn-1.7nt-8t,HumanEval_78,0,True,1.89
two-turn-1.7nt-8t,HumanEval_78,1,False,72.98
two-turn-1.7nt-8t,HumanEval_78,2,True,1.81
two-turn-1.7nt-8t,HumanEval_78,3,True,2.07
two-turn-1.7nt-8t,HumanEval_78,4,True,2.18
two-turn-1.7nt-8t,HumanEval_79,0,True,1.38
two-turn-1.7nt-8t,HumanEval_79,1,True,1.39
two-turn-1.7nt-8t,HumanEval_79,2,True,1.4
two-turn-1.7nt-8t,HumanEval_79,3,True,1.88
two-turn-1.7nt-8t,HumanEval_79,4,True,1.5
two-turn-1.7nt-8t,HumanEval_8,0,True,1.59
two-turn-1.7nt-8t,HumanEval_8,1,True,1.52
two-turn-1.7nt-8t,HumanEval_8,2,True,1.61
two-turn-1.7nt-8t,HumanEval_8,3,True,1.53
two-turn-1.7nt-8t,HumanEval_8,4,True,1.59
two-turn-1.7nt-8t,HumanEval_80,0,True,2.29
two-turn-1.7nt-8t,HumanEval_80,1,False,58.37
two-turn-1.7nt-8t,HumanEval_80,2,True,2.16
two-turn-1.7nt-8t,HumanEval_80,3,True,1.9
two-turn-1.7nt-8t,HumanEval_80,4,True,30.53
two-turn-1.7nt-8t,HumanEval_81,0,False,109.75
two-turn-1.7nt-8t,HumanEval_81,1,False,56.26
two-turn-1.7nt-8t,HumanEval_81,2,True,138.39
two-turn-1.7nt-8t,HumanEval_81,3,False,238.33
two-turn-1.7nt-8t,HumanEval_81,4,False,66.02
two-turn-1.7nt-8t,HumanEval_82,0,True,1.98
two-turn-1.7nt-8t,HumanEval_82,1,True,2.16
two-turn-1.7nt-8t,HumanEval_82,2,True,2.03
two-turn-1.7nt-8t,HumanEval_82,3,True,1.8
two-turn-1.7nt-8t,HumanEval_82,4,True,2.01
two-turn-1.7nt-8t,HumanEval_83,0,False,31.82
two-turn-1.7nt-8t,HumanEval_83,1,True,114.13
two-turn-1.7nt-8t,HumanEval_83,2,False,24.7
two-turn-1.7nt-8t,HumanEval_83,3,False,53.25
two-turn-1.7nt-8t,HumanEval_83,4,False,95.39
two-turn-1.7nt-8t,HumanEval_84,0,False,17.24
two-turn-1.7nt-8t,HumanEval_84,1,True,33.22
two-turn-1.7nt-8t,HumanEval_84,2,True,26.37
two-turn-1.7nt-8t,HumanEval_84,3,True,25.32
two-turn-1.7nt-8t,HumanEval_84,4,True,59.29
two-turn-1.7nt-8t,HumanEval_85,0,True,1.11
two-turn-1.7nt-8t,HumanEval_85,1,True,1.15
two-turn-1.7nt-8t,HumanEval_85,2,True,1.18
two-turn-1.7nt-8t,HumanEval_85,3,True,1.19
two-turn-1.7nt-8t,HumanEval_85,4,True,1.47
two-turn-1.7nt-8t,HumanEval_86,0,True,1.71
two-turn-1.7nt-8t,HumanEval_86,1,True,1.8
two-turn-1.7nt-8t,HumanEval_86,2,True,2.06
two-turn-1.7nt-8t,HumanEval_86,3,True,2.06
two-turn-1.7nt-8t,HumanEval_86,4,True,1.76
two-turn-1.7nt-8t,HumanEval_87,0,True,2.34
two-turn-1.7nt-8t,HumanEval_87,1,False,59.33
two-turn-1.7nt-8t,HumanEval_87,2,True,42.93
two-turn-1.7nt-8t,HumanEval_87,3,False,81.37
two-turn-1.7nt-8t,HumanEval_87,4,True,71.19
two-turn-1.7nt-8t,HumanEval_88,0,True,1.73
two-turn-1.7nt-8t,HumanEval_88,1,True,1.89
two-turn-1.7nt-8t,HumanEval_88,2,True,28.29
two-turn-1.7nt-8t,HumanEval_88,3,True,34.02
two-turn-1.7nt-8t,HumanEval_88,4,True,45.05
two-turn-1.7nt-8t,HumanEval_89,0,True,34.13
two-turn-1.7nt-8t,HumanEval_89,1,True,34.84
two-turn-1.7nt-8t,HumanEval_89,2,True,16.81
two-turn-1.7nt-8t,HumanEval_89,3,True,30.12
two-turn-1.7nt-8t,HumanEval_89,4,True,46.16
two-turn-1.7nt-8t,HumanEval_9,0,True,1.82
two-turn-1.7nt-8t,HumanEval_9,1,True,1.94
two-turn-1.7nt-8t,HumanEval_9,2,True,65.72
two-turn-1.7nt-8t,HumanEval_9,3,True,1.74
two-turn-1.7nt-8t,HumanEval_9,4,True,1.62
two-turn-1.7nt-8t,HumanEval_90,0,False,65.1
two-turn-1.7nt-8t,HumanEval_90,1,True,32.76
two-turn-1.7nt-8t,HumanEval_90,2,True,82.15
two-turn-1.7nt-8t,HumanEval_90,3,True,41.68
two-turn-1.7nt-8t,HumanEval_90,4,True,73.72
two-turn-1.7nt-8t,HumanEval_91,0,False,141.46
two-turn-1.7nt-8t,HumanEval_91,1,False,101.77
two-turn-1.7nt-8t,HumanEval_91,2,False,82.58
two-turn-1.7nt-8t,HumanEval_91,3,True,58.57
two-turn-1.7nt-8t,HumanEval_91,4,False,85.38
two-turn-1.7nt-8t,HumanEval_92,0,True,95.3
two-turn-1.7nt-8t,HumanEval_92,1,True,91.82
two-turn-1.7nt-8t,HumanEval_92,2,False,126.91
two-turn-1.7nt-8t,HumanEval_92,3,False,131.45
two-turn-1.7nt-8t,HumanEval_92,4,True,75.77
two-turn-1.7nt-8t,HumanEval_93,0,True,151.26
two-turn-1.7nt-8t,HumanEval_93,1,False,113.26
two-turn-1.7nt-8t,HumanEval_93,2,True,126.75
two-turn-1.7nt-8t,HumanEval_93,3,False,109.69
two-turn-1.7nt-8t,HumanEval_93,4,False,45.25
two-turn-1.7nt-8t,HumanEval_94,0,True,3.1
two-turn-1.7nt-8t,HumanEval_94,1,True,3.27
two-turn-1.7nt-8t,HumanEval_94,2,True,2.95
two-turn-1.7nt-8t,HumanEval_94,3,True,3.53
two-turn-1.7nt-8t,HumanEval_94,4,True,3.24
two-turn-1.7nt-8t,HumanEval_95,0,True,2.01
two-turn-1.7nt-8t,HumanEval_95,1,True,2.14
two-turn-1.7nt-8t,HumanEval_95,2,True,2.31
two-turn-1.7nt-8t,HumanEval_95,3,True,24.5
two-turn-1.7nt-8t,HumanEval_95,4,True,2.98
two-turn-1.7nt-8t,HumanEval_96,0,True,2.03
two-turn-1.7nt-8t,HumanEval_96,1,True,66.74
two-turn-1.7nt-8t,HumanEval_96,2,True,3.01
two-turn-1.7nt-8t,HumanEval_96,3,True,2.07
two-turn-1.7nt-8t,HumanEval_96,4,True,2.49
two-turn-1.7nt-8t,HumanEval_97,0,True,1.57
two-turn-1.7nt-8t,HumanEval_97,1,True,1.13
two-turn-1.7nt-8t,HumanEval_97,2,True,1.59
two-turn-1.7nt-8t,HumanEval_97,3,True,1.56
two-turn-1.7nt-8t,HumanEval_97,4,True,1.71
two-turn-1.7nt-8t,HumanEval_98,0,True,1.71
two-turn-1.7nt-8t,HumanEval_98,1,True,1.67
two-turn-1.7nt-8t,HumanEval_98,2,True,1.24
two-turn-1.7nt-8t,HumanEval_98,3,True,1.74
two-turn-1.7nt-8t,HumanEval_98,4,True,1.77
two-turn-1.7nt-8t,HumanEval_99,0,True,110.33
two-turn-1.7nt-8t,HumanEval_99,1,True,17.44
two-turn-1.7nt-8t,HumanEval_99,2,True,2.37
two-turn-1.7nt-8t,HumanEval_99,3,True,2.1
two-turn-1.7nt-8t,HumanEval_99,4,True,19.53
two-turn-nc-0.6nt-0.6t,HumanEval_0,0,True,0.91
two-turn-nc-0.6nt-0.6t,HumanEval_0,1,True,0.8
two-turn-nc-0.6nt-0.6t,HumanEval_1,0,False,239.47
two-turn-nc-0.6nt-0.6t,HumanEval_1,1,False,23.36
two-turn-nc-0.6nt-0.6t,HumanEval_10,0,False,90.45
two-turn-nc-0.6nt-0.6t,HumanEval_10,1,False,14.35
two-turn-nc-0.6nt-0.6t,HumanEval_100,0,True,23.34
two-turn-nc-0.6nt-0.6t,HumanEval_100,1,True,4.74
two-turn-nc-0.6nt-0.6t,HumanEval_101,0,False,2.88
two-turn-nc-0.6nt-0.6t,HumanEval_101,1,False,2.9
two-turn-nc-0.6nt-0.6t,HumanEval_102,0,False,3.38
two-turn-nc-0.6nt-0.6t,HumanEval_102,1,True,3.85
two-turn-nc-0.6nt-0.6t,HumanEval_103,0,False,3.23
two-turn-nc-0.6nt-0.6t,HumanEval_103,1,False,5.96
two-turn-nc-0.6nt-0.6t,HumanEval_104,0,False,2.86
two-turn-nc-0.6nt-0.6t,HumanEval_104,1,True,4.49
two-turn-nc-0.6nt-0.6t,HumanEval_105,0,True,4.64
two-turn-nc-0.6nt-0.6t,HumanEval_105,1,True,1.52
two-turn-nc-0.6nt-0.6t,HumanEval_106,0,True,4.43
two-turn-nc-0.6nt-0.6t,HumanEval_106,1,False,3.63
two-turn-nc-0.6nt-0.6t,HumanEval_107,0,True,1.15
two-turn-nc-0.6nt-0.6t,HumanEval_107,1,True,1.08
two-turn-nc-0.6nt-0.6t,HumanEval_108,0,False,4.32
two-turn-nc-0.6nt-0.6t,HumanEval_108,1,False,33.69
two-turn-nc-0.6nt-0.6t,HumanEval_109,0,False,25.22
two-turn-nc-0.6nt-0.6t,HumanEval_109,1,False,29.64
two-turn-nc-0.6nt-0.6t,HumanEval_11,0,True,0.76
two-turn-nc-0.6nt-0.6t,HumanEval_11,1,True,0.74
two-turn-nc-0.6nt-0.6t,HumanEval_110,0,False,17.22
two-turn-nc-0.6nt-0.6t,HumanEval_110,1,True,3.53
two-turn-nc-0.6nt-0.6t,HumanEval_111,0,False,3.35
two-turn-nc-0.6nt-0.6t,HumanEval_111,1,False,2.95
two-turn-nc-0.6nt-0.6t,HumanEval_112,0,True,3.49
two-turn-nc-0.6nt-0.6t,HumanEval_112,1,True,3.16
two-turn-nc-0.6nt-0.6t,HumanEval_113,0,False,4.13
two-turn-nc-0.6nt-0.6t,HumanEval_113,1,False,16.07
two-turn-nc-0.6nt-0.6t,HumanEval_114,0,False,40.34
two-turn-nc-0.6nt-0.6t,HumanEval_114,1,False,27.56
two-turn-nc-0.6nt-0.6t,HumanEval_115,0,True,13.05
two-turn-nc-0.6nt-0.6t,HumanEval_115,1,False,14.01
two-turn-nc-0.6nt-0.6t,HumanEval_116,0,True,0.87
two-turn-nc-0.6nt-0.6t,HumanEval_116,1,True,5.1
two-turn-nc-0.6nt-0.6t,HumanEval_117,0,False,18.62
two-turn-nc-0.6nt-0.6t,HumanEval_117,1,False,9.48
two-turn-nc-0.6nt-0.6t,HumanEval_118,0,False,29.56
two-turn-nc-0.6nt-0.6t,HumanEval_118,1,False,6.18
two-turn-nc-0.6nt-0.6t,HumanEval_119,0,True,0.93
two-turn-nc-0.6nt-0.6t,HumanEval_119,1,True,1.09
two-turn-nc-0.6nt-0.6t,HumanEval_12,0,True,0.69
two-turn-nc-0.6nt-0.6t,HumanEval_12,1,True,0.71
two-turn-nc-0.6nt-0.6t,HumanEval_120,0,False,3.54
two-turn-nc-0.6nt-0.6t,HumanEval_120,1,True,4.36
two-turn-nc-0.6nt-0.6t,HumanEval_121,0,True,0.67
two-turn-nc-0.6nt-0.6t,HumanEval_121,1,True,0.68
two-turn-nc-0.6nt-0.6t,HumanEval_122,0,True,0.73
two-turn-nc-0.6nt-0.6t,HumanEval_122,1,True,0.73
two-turn-nc-0.6nt-0.6t,HumanEval_123,0,False,7.31
two-turn-nc-0.6nt-0.6t,HumanEval_123,1,True,0.99
two-turn-nc-0.6nt-0.6t,HumanEval_124,0,False,14.67
two-turn-nc-0.6nt-0.6t,HumanEval_124,1,True,15.31
two-turn-nc-0.6nt-0.6t,HumanEval_125,0,False,18.0
two-turn-nc-0.6nt-0.6t,HumanEval_125,1,False,8.15
two-turn-nc-0.6nt-0.6t,HumanEval_126,0,False,4.56
two-turn-nc-0.6nt-0.6t,HumanEval_126,1,False,4.63
two-turn-nc-0.6nt-0.6t,HumanEval_127,0,True,7.06
two-turn-nc-0.6nt-0.6t,HumanEval_127,1,True,1.15
two-turn-nc-0.6nt-0.6t,HumanEval_128,0,False,11.85
two-turn-nc-0.6nt-0.6t,HumanEval_128,1,True,3.41
two-turn-nc-0.6nt-0.6t,HumanEval_129,0,False,21.39
two-turn-nc-0.6nt-0.6t,HumanEval_129,1,False,12.1
two-turn-nc-0.6nt-0.6t,HumanEval_13,0,True,0.56
two-turn-nc-0.6nt-0.6t,HumanEval_13,1,True,0.54
two-turn-nc-0.6nt-0.6t,HumanEval_130,0,False,41.82
two-turn-nc-0.6nt-0.6t,HumanEval_130,1,False,36.87
two-turn-nc-0.6nt-0.6t,HumanEval_131,0,False,5.32
two-turn-nc-0.6nt-0.6t,HumanEval_131,1,False,5.57
two-turn-nc-0.6nt-0.6t,HumanEval_132,0,False,15.83
two-turn-nc-0.6nt-0.6t,HumanEval_132,1,False,10.69
two-turn-nc-0.6nt-0.6t,HumanEval_133,0,True,3.4
two-turn-nc-0.6nt-0.6t,HumanEval_133,1,False,8.41
two-turn-nc-0.6nt-0.6t,HumanEval_134,0,False,14.48
two-turn-nc-0.6nt-0.6t,HumanEval_134,1,False,12.69
two-turn-nc-0.6nt-0.6t,HumanEval_135,0,True,2.83
two-turn-nc-0.6nt-0.6t,HumanEval_135,1,True,0.66
two-turn-nc-0.6nt-0.6t,HumanEval_136,0,True,3.44
two-turn-nc-0.6nt-0.6t,HumanEval_136,1,False,3.98
two-turn-nc-0.6nt-0.6t,HumanEval_137,0,False,228.1
two-turn-nc-0.6nt-0.6t,HumanEval_137,1,False,7.72
two-turn-nc-0.6nt-0.6t,HumanEval_138,0,False,2.6
two-turn-nc-0.6nt-0.6t,HumanEval_138,1,True,0.94
two-turn-nc-0.6nt-0.6t,HumanEval_139,0,True,2.88
two-turn-nc-0.6nt-0.6t,HumanEval_139,1,True,5.7
two-turn-nc-0.6nt-0.6t,HumanEval_14,0,False,2.26
two-turn-nc-0.6nt-0.6t,HumanEval_14,1,True,0.48
two-turn-nc-0.6nt-0.6t,HumanEval_140,0,False,2.76
two-turn-nc-0.6nt-0.6t,HumanEval_140,1,False,3.09
two-turn-nc-0.6nt-0.6t,HumanEval_141,0,False,3.77
two-turn-nc-0.6nt-0.6t,HumanEval_141,1,False,14.15
two-turn-nc-0.6nt-0.6t,HumanEval_142,0,False,24.33
two-turn-nc-0.6nt-0.6t,HumanEval_142,1,False,19.48
two-turn-nc-0.6nt-0.6t,HumanEval_143,0,True,0.93
two-turn-nc-0.6nt-0.6t,HumanEval_143,1,True,4.91
two-turn-nc-0.6nt-0.6t,HumanEval_144,0,True,5.79
two-turn-nc-0.6nt-0.6t,HumanEval_144,1,True,4.23
two-turn-nc-0.6nt-0.6t,HumanEval_145,0,False,6.64
two-turn-nc-0.6nt-0.6t,HumanEval_145,1,False,6.19
two-turn-nc-0.6nt-0.6t,HumanEval_146,0,True,6.39
two-turn-nc-0.6nt-0.6t,HumanEval_146,1,False,18.6
two-turn-nc-0.6nt-0.6t,HumanEval_147,0,True,10.65
two-turn-nc-0.6nt-0.6t,HumanEval_147,1,True,0.86
two-turn-nc-0.6nt-0.6t,HumanEval_148,0,True,11.09
two-turn-nc-0.6nt-0.6t,HumanEval_148,1,False,11.86
two-turn-nc-0.6nt-0.6t,HumanEval_149,0,True,3.64
two-turn-nc-0.6nt-0.6t,HumanEval_149,1,True,0.79
two-turn-nc-0.6nt-0.6t,HumanEval_15,0,True,0.54
two-turn-nc-0.6nt-0.6t,HumanEval_15,1,True,0.56
two-turn-nc-0.6nt-0.6t,HumanEval_150,0,True,0.82
two-turn-nc-0.6nt-0.6t,HumanEval_150,1,True,0.69
two-turn-nc-0.6nt-0.6t,HumanEval_151,0,True,0.67
two-turn-nc-0.6nt-0.6t,HumanEval_151,1,True,0.65
two-turn-nc-0.6nt-0.6t,HumanEval_152,0,True,0.94
two-turn-nc-0.6nt-0.6t,HumanEval_152,1,True,3.12
two-turn-nc-0.6nt-0.6t,HumanEval_153,0,False,8.45
two-turn-nc-0.6nt-0.6t,HumanEval_153,1,True,3.88
two-turn-nc-0.6nt-0.6t,HumanEval_154,0,True,0.74
two-turn-nc-0.6nt-0.6t,HumanEval_154,1,True,0.8
two-turn-nc-0.6nt-0.6t,HumanEval_155,0,False,2.8
two-turn-nc-0.6nt-0.6t,HumanEval_155,1,False,2.7
two-turn-nc-0.6nt-0.6t,HumanEval_156,0,False,53.42
two-turn-nc-0.6nt-0.6t,HumanEval_156,1,False,41.65
two-turn-nc-0.6nt-0.6t,HumanEval_157,0,True,0.78
two-turn-nc-0.6nt-0.6t,HumanEval_157,1,True,3.72
two-turn-nc-0.6nt-0.6t,HumanEval_158,0,True,2.48
two-turn-nc-0.6nt-0.6t,HumanEval_158,1,True,0.65
two-turn-nc-0.6nt-0.6t,HumanEval_159,0,False,15.88
two-turn-nc-0.6nt-0.6t,HumanEval_159,1,False,2.81
two-turn-nc-0.6nt-0.6t,HumanEval_16,0,True,0.61
two-turn-nc-0.6nt-0.6t,HumanEval_16,1,True,1.84
two-turn-nc-0.6nt-0.6t,HumanEval_160,0,False,22.68
two-turn-nc-0.6nt-0.6t,HumanEval_160,1,False,18.77
two-turn-nc-0.6nt-0.6t,HumanEval_161,0,True,3.46
two-turn-nc-0.6nt-0.6t,HumanEval_161,1,False,2.31
two-turn-nc-0.6nt-0.6t,HumanEval_162,0,False,1.87
two-turn-nc-0.6nt-0.6t,HumanEval_162,1,True,1.9
two-turn-nc-0.6nt-0.6t,HumanEval_163,0,False,14.9
two-turn-nc-0.6nt-0.6t,HumanEval_163,1,False,3.88
two-turn-nc-0.6nt-0.6t,HumanEval_17,0,False,3.06
two-turn-nc-0.6nt-0.6t,HumanEval_17,1,False,3.44
two-turn-nc-0.6nt-0.6t,HumanEval_18,0,True,5.33
two-turn-nc-0.6nt-0.6t,HumanEval_18,1,True,0.94
two-turn-nc-0.6nt-0.6t,HumanEval_19,0,False,2.37
two-turn-nc-0.6nt-0.6t,HumanEval_19,1,False,2.1
two-turn-nc-0.6nt-0.6t,HumanEval_2,0,True,0.67
two-turn-nc-0.6nt-0.6t,HumanEval_2,1,True,0.51
two-turn-nc-0.6nt-0.6t,HumanEval_20,0,False,13.01
two-turn-nc-0.6nt-0.6t,HumanEval_20,1,False,4.16
two-turn-nc-0.6nt-0.6t,HumanEval_21,0,True,9.68
two-turn-nc-0.6nt-0.6t,HumanEval_21,1,False,13.14
two-turn-nc-0.6nt-0.6t,HumanEval_22,0,True,0.57
two-turn-nc-0.6nt-0.6t,HumanEval_22,1,True,0.49
two-turn-nc-0.6nt-0.6t,HumanEval_23,0,True,0.43
two-turn-nc-0.6nt-0.6t,HumanEval_23,1,True,0.46
two-turn-nc-0.6nt-0.6t,HumanEval_24,0,False,4.37
two-turn-nc-0.6nt-0.6t,HumanEval_24,1,True,4.0
two-turn-nc-0.6nt-0.6t,HumanEval_25,0,False,37.93
two-turn-nc-0.6nt-0.6t,HumanEval_25,1,True,0.77
two-turn-nc-0.6nt-0.6t,HumanEval_26,0,False,3.67
two-turn-nc-0.6nt-0.6t,HumanEval_26,1,False,2.64
two-turn-nc-0.6nt-0.6t,HumanEval_27,0,True,0.44
two-turn-nc-0.6nt-0.6t,HumanEval_27,1,True,0.46
two-turn-nc-0.6nt-0.6t,HumanEval_28,0,True,0.49
two-turn-nc-0.6nt-0.6t,HumanEval_28,1,True,0.5
two-turn-nc-0.6nt-0.6t,HumanEval_29,0,True,0.69
two-turn-nc-0.6nt-0.6t,HumanEval_29,1,True,0.67
two-turn-nc-0.6nt-0.6t,HumanEval_3,0,True,2.94
two-turn-nc-0.6nt-0.6t,HumanEval_3,1,True,0.68
two-turn-nc-0.6nt-0.6t,HumanEval_30,0,True,0.66
two-turn-nc-0.6nt-0.6t,HumanEval_30,1,True,0.62
two-turn-nc-0.6nt-0.6t,HumanEval_31,0,True,2.51
two-turn-nc-0.6nt-0.6t,HumanEval_31,1,True,3.56
two-turn-nc-0.6nt-0.6t,HumanEval_32,0,False,4.66
two-turn-nc-0.6nt-0.6t,HumanEval_32,1,False,30.27
two-turn-nc-0.6nt-0.6t,HumanEval_33,0,False,20.58
two-turn-nc-0.6nt-0.6t,HumanEval_33,1,False,4.86
two-turn-nc-0.6nt-0.6t,HumanEval_34,0,True,0.54
two-turn-nc-0.6nt-0.6t,HumanEval_34,1,True,0.54
two-turn-nc-0.6nt-0.6t,HumanEval_35,0,True,0.56
two-turn-nc-0.6nt-0.6t,HumanEval_35,1,True,0.53
two-turn-nc-0.6nt-0.6t,HumanEval_36,0,False,196.96
two-turn-nc-0.6nt-0.6t,HumanEval_36,1,False,10.06
two-turn-nc-0.6nt-0.6t,HumanEval_37,0,False,6.56
two-turn-nc-0.6nt-0.6t,HumanEval_37,1,True,4.03
two-turn-nc-0.6nt-0.6t,HumanEval_38,0,False,8.35
two-turn-nc-0.6nt-0.6t,HumanEval_38,1,False,6.84
two-turn-nc-0.6nt-0.6t,HumanEval_39,0,True,6.48
two-turn-nc-0.6nt-0.6t,HumanEval_39,1,False,10.65
two-turn-nc-0.6nt-0.6t,HumanEval_4,0,True,2.88
two-turn-nc-0.6nt-0.6t,HumanEval_4,1,True,2.56
two-turn-nc-0.6nt-0.6t,HumanEval_40,0,True,6.41
two-turn-nc-0.6nt-0.6t,HumanEval_40,1,True,6.38
two-turn-nc-0.6nt-0.6t,HumanEval_41,0,True,3.8
two-turn-nc-0.6nt-0.6t,HumanEval_41,1,False,6.68
two-turn-nc-0.6nt-0.6t,HumanEval_42,0,True,0.62
two-turn-nc-0.6nt-0.6t,HumanEval_42,1,True,0.42
two-turn-nc-0.6nt-0.6t,HumanEval_43,0,True,0.63
two-turn-nc-0.6nt-0.6t,HumanEval_43,1,True,16.77
two-turn-nc-0.6nt-0.6t,HumanEval_44,0,True,0.76
two-turn-nc-0.6nt-0.6t,HumanEval_44,1,False,205.52
two-turn-nc-0.6nt-0.6t,HumanEval_45,0,True,0.47
two-turn-nc-0.6nt-0.6t,HumanEval_45,1,True,0.57
two-turn-nc-0.6nt-0.6t,HumanEval_46,0,True,8.07
two-turn-nc-0.6nt-0.6t,HumanEval_46,1,True,4.43
two-turn-nc-0.6nt-0.6t,HumanEval_47,0,True,0.65
two-turn-nc-0.6nt-0.6t,HumanEval_47,1,True,0.7
two-turn-nc-0.6nt-0.6t,HumanEval_48,0,True,0.51
two-turn-nc-0.6nt-0.6t,HumanEval_48,1,True,0.55
two-turn-nc-0.6nt-0.6t,HumanEval_49,0,True,0.64
two-turn-nc-0.6nt-0.6t,HumanEval_49,1,True,0.65
two-turn-nc-0.6nt-0.6t,HumanEval_5,0,True,0.69
two-turn-nc-0.6nt-0.6t,HumanEval_5,1,False,3.61
two-turn-nc-0.6nt-0.6t,HumanEval_50,0,True,0.65
two-turn-nc-0.6nt-0.6t,HumanEval_50,1,True,0.62
two-turn-nc-0.6nt-0.6t,HumanEval_51,0,False,3.56
two-turn-nc-0.6nt-0.6t,HumanEval_51,1,False,3.28
two-turn-nc-0.6nt-0.6t,HumanEval_52,0,True,0.62
two-turn-nc-0.6nt-0.6t,HumanEval_52,1,True,0.6
two-turn-nc-0.6nt-0.6t,HumanEval_53,0,True,0.49
two-turn-nc-0.6nt-0.6t,HumanEval_53,1,True,0.49
two-turn-nc-0.6nt-0.6t,HumanEval_54,0,False,2.85
two-turn-nc-0.6nt-0.6t,HumanEval_54,1,False,2.0
two-turn-nc-0.6nt-0.6t,HumanEval_55,0,True,0.57
two-turn-nc-0.6nt-0.6t,HumanEval_55,1,True,0.56
two-turn-nc-0.6nt-0.6t,HumanEval_56,0,False,32.58
two-turn-nc-0.6nt-0.6t,HumanEval_56,1,True,3.15
two-turn-nc-0.6nt-0.6t,HumanEval_57,0,True,0.71
two-turn-nc-0.6nt-0.6t,HumanEval_57,1,False,3.8
two-turn-nc-0.6nt-0.6t,HumanEval_58,0,True,0.92
two-turn-nc-0.6nt-0.6t,HumanEval_58,1,True,0.7
two-turn-nc-0.6nt-0.6t,HumanEval_59,0,False,8.64
two-turn-nc-0.6nt-0.6t,HumanEval_59,1,True,5.49
two-turn-nc-0.6nt-0.6t,HumanEval_6,0,False,3.88
two-turn-nc-0.6nt-0.6t,HumanEval_6,1,False,4.62
two-turn-nc-0.6nt-0.6t,HumanEval_60,0,True,0.71
two-turn-nc-0.6nt-0.6t,HumanEval_60,1,True,0.63
two-turn-nc-0.6nt-0.6t,HumanEval_61,0,True,0.71
two-turn-nc-0.6nt-0.6t,HumanEval_61,1,True,0.75
two-turn-nc-0.6nt-0.6t,HumanEval_62,0,True,5.69
two-turn-nc-0.6nt-0.6t,HumanEval_62,1,False,24.02
two-turn-nc-0.6nt-0.6t,HumanEval_63,0,True,3.97
two-turn-nc-0.6nt-0.6t,HumanEval_63,1,True,5.08
two-turn-nc-0.6nt-0.6t,HumanEval_64,0,False,2.47
two-turn-nc-0.6nt-0.6t,HumanEval_64,1,False,3.48
two-turn-nc-0.6nt-0.6t,HumanEval_65,0,False,3.7
two-turn-nc-0.6nt-0.6t,HumanEval_65,1,False,4.7
two-turn-nc-0.6nt-0.6t,HumanEval_66,0,True,0.7
two-turn-nc-0.6nt-0.6t,HumanEval_66,1,True,0.67
two-turn-nc-0.6nt-0.6t,HumanEval_67,0,False,3.47
two-turn-nc-0.6nt-0.6t,HumanEval_67,1,False,2.99
two-turn-nc-0.6nt-0.6t,HumanEval_68,0,True,4.97
two-turn-nc-0.6nt-0.6t,HumanEval_68,1,True,4.04
two-turn-nc-0.6nt-0.6t,HumanEval_69,0,True,0.83
two-turn-nc-0.6nt-0.6t,HumanEval_69,1,False,4.18
two-turn-nc-0.6nt-0.6t,HumanEval_7,0,True,0.66
two-turn-nc-0.6nt-0.6t,HumanEval_7,1,True,0.69
two-turn-nc-0.6nt-0.6t,HumanEval_70,0,False,3.59
two-turn-nc-0.6nt-0.6t,HumanEval_70,1,False,3.83
two-turn-nc-0.6nt-0.6t,HumanEval_71,0,True,4.29
two-turn-nc-0.6nt-0.6t,HumanEval_71,1,True,4.5
two-turn-nc-0.6nt-0.6t,HumanEval_72,0,True,1.07
two-turn-nc-0.6nt-0.6t,HumanEval_72,1,True,0.71
two-turn-nc-0.6nt-0.6t,HumanEval_73,0,True,0.86
two-turn-nc-0.6nt-0.6t,HumanEval_73,1,True,0.98
two-turn-nc-0.6nt-0.6t,HumanEval_74,0,True,1.06
two-turn-nc-0.6nt-0.6t,HumanEval_74,1,True,0.95
two-turn-nc-0.6nt-0.6t,HumanEval_75,0,False,11.86
two-turn-nc-0.6nt-0.6t,HumanEval_75,1,False,5.12
two-turn-nc-0.6nt-0.6t,HumanEval_76,0,True,10.3
two-turn-nc-0.6nt-0.6t,HumanEval_76,1,False,4.98
two-turn-nc-0.6nt-0.6t,HumanEval_77,0,False,6.52
two-turn-nc-0.6nt-0.6t,HumanEval_77,1,False,5.27
two-turn-nc-0.6nt-0.6t,HumanEval_78,0,True,1.29
two-turn-nc-0.6nt-0.6t,HumanEval_78,1,True,1.26
two-turn-nc-0.6nt-0.6t,HumanEval_79,0,True,0.82
two-turn-nc-0.6nt-0.6t,HumanEval_79,1,True,4.23
two-turn-nc-0.6nt-0.6t,HumanEval_8,0,True,0.76
two-turn-nc-0.6nt-0.6t,HumanEval_8,1,True,0.68
two-turn-nc-0.6nt-0.6t,HumanEval_80,0,True,0.78
two-turn-nc-0.6nt-0.6t,HumanEval_80,1,True,0.82
two-turn-nc-0.6nt-0.6t,HumanEval_81,0,False,27.16
two-turn-nc-0.6nt-0.6t,HumanEval_81,1,False,17.25
two-turn-nc-0.6nt-0.6t,HumanEval_82,0,True,0.86
two-turn-nc-0.6nt-0.6t,HumanEval_82,1,True,0.71
two-turn-nc-0.6nt-0.6t,HumanEval_83,0,False,17.92
two-turn-nc-0.6nt-0.6t,HumanEval_83,1,False,33.86
two-turn-nc-0.6nt-0.6t,HumanEval_84,0,False,13.18
two-turn-nc-0.6nt-0.6t,HumanEval_84,1,False,12.22
two-turn-nc-0.6nt-0.6t,HumanEval_85,0,True,2.3
two-turn-nc-0.6nt-0.6t,HumanEval_85,1,True,3.09
two-turn-nc-0.6nt-0.6t,HumanEval_86,0,True,2.3
two-turn-nc-0.6nt-0.6t,HumanEval_86,1,True,0.74
two-turn-nc-0.6nt-0.6t,HumanEval_87,0,True,8.36
two-turn-nc-0.6nt-0.6t,HumanEval_87,1,True,1.24
two-turn-nc-0.6nt-0.6t,HumanEval_88,0,False,4.3
two-turn-nc-0.6nt-0.6t,HumanEval_88,1,False,3.64
two-turn-nc-0.6nt-0.6t,HumanEval_89,0,False,17.41
two-turn-nc-0.6nt-0.6t,HumanEval_89,1,False,3.27
two-turn-nc-0.6nt-0.6t,HumanEval_9,0,True,3.81
two-turn-nc-0.6nt-0.6t,HumanEval_9,1,False,4.43
two-turn-nc-0.6nt-0.6t,HumanEval_90,0,False,3.79
two-turn-nc-0.6nt-0.6t,HumanEval_90,1,False,2.51
two-turn-nc-0.6nt-0.6t,HumanEval_91,0,False,3.28
two-turn-nc-0.6nt-0.6t,HumanEval_91,1,False,7.02
two-turn-nc-0.6nt-0.6t,HumanEval_92,0,True,3.57
two-turn-nc-0.6nt-0.6t,HumanEval_92,1,True,0.85
two-turn-nc-0.6nt-0.6t,HumanEval_93,0,False,9.2
two-turn-nc-0.6nt-0.6t,HumanEval_93,1,False,5.55
two-turn-nc-0.6nt-0.6t,HumanEval_94,0,False,10.99
two-turn-nc-0.6nt-0.6t,HumanEval_94,1,True,1.29
two-turn-nc-0.6nt-0.6t,HumanEval_95,0,True,3.57
two-turn-nc-0.6nt-0.6t,HumanEval_95,1,False,6.21
two-turn-nc-0.6nt-0.6t,HumanEval_96,0,True,0.85
two-turn-nc-0.6nt-0.6t,HumanEval_96,1,True,0.87
two-turn-nc-0.6nt-0.6t,HumanEval_97,0,True,0.82
two-turn-nc-0.6nt-0.6t,HumanEval_97,1,True,0.69
two-turn-nc-0.6nt-0.6t,HumanEval_98,0,True,0.66
two-turn-nc-0.6nt-0.6t,HumanEval_98,1,True,0.63
two-turn-nc-0.6nt-0.6t,HumanEval_99,0,False,65.16
two-turn-nc-0.6nt-0.6t,HumanEval_99,1,False,28.39
two-turn-nc-0.6nt-1.7nt,HumanEval_0,0,True,0.82
two-turn-nc-0.6nt-1.7nt,HumanEval_0,1,True,0.67
two-turn-nc-0.6nt-1.7nt,HumanEval_1,0,False,3.05
two-turn-nc-0.6nt-1.7nt,HumanEval_1,1,True,63.1
two-turn-nc-0.6nt-1.7nt,HumanEval_10,0,True,2.99
two-turn-nc-0.6nt-1.7nt,HumanEval_10,1,True,3.52
two-turn-nc-0.6nt-1.7nt,HumanEval_100,0,False,2.72
two-turn-nc-0.6nt-1.7nt,HumanEval_100,1,False,2.63
two-turn-nc-0.6nt-1.7nt,HumanEval_101,0,False,1.61
two-turn-nc-0.6nt-1.7nt,HumanEval_101,1,False,1.47
two-turn-nc-0.6nt-1.7nt,HumanEval_102,0,True,2.77
two-turn-nc-0.6nt-1.7nt,HumanEval_102,1,True,0.71
two-turn-nc-0.6nt-1.7nt,HumanEval_103,0,False,2.84
two-turn-nc-0.6nt-1.7nt,HumanEval_103,1,False,3.08
two-turn-nc-0.6nt-1.7nt,HumanEval_104,0,False,2.17
two-turn-nc-0.6nt-1.7nt,HumanEval_104,1,True,0.73
two-turn-nc-0.6nt-1.7nt,HumanEval_105,0,True,4.18
two-turn-nc-0.6nt-1.7nt,HumanEval_105,1,True,4.02
two-turn-nc-0.6nt-1.7nt,HumanEval_106,0,True,2.63
two-turn-nc-0.6nt-1.7nt,HumanEval_106,1,True,2.85
two-turn-nc-0.6nt-1.7nt,HumanEval_107,0,True,1.29
two-turn-nc-0.6nt-1.7nt,HumanEval_107,1,True,1.08
two-turn-nc-0.6nt-1.7nt,HumanEval_108,0,False,3.75
two-turn-nc-0.6nt-1.7nt,HumanEval_108,1,False,2.98
two-turn-nc-0.6nt-1.7nt,HumanEval_109,0,True,4.4
two-turn-nc-0.6nt-1.7nt,HumanEval_109,1,True,4.28
two-turn-nc-0.6nt-1.7nt,HumanEval_11,0,True,0.63
two-turn-nc-0.6nt-1.7nt,HumanEval_11,1,True,2.06
two-turn-nc-0.6nt-1.7nt,HumanEval_110,0,True,4.13
two-turn-nc-0.6nt-1.7nt,HumanEval_110,1,False,3.41
two-turn-nc-0.6nt-1.7nt,HumanEval_111,0,True,0.8
two-turn-nc-0.6nt-1.7nt,HumanEval_111,1,True,2.7
two-turn-nc-0.6nt-1.7nt,HumanEval_112,0,True,2.21
two-turn-nc-0.6nt-1.7nt,HumanEval_112,1,True,2.13
two-turn-nc-0.6nt-1.7nt,HumanEval_113,0,True,2.11
two-turn-nc-0.6nt-1.7nt,HumanEval_113,1,True,2.83
two-turn-nc-0.6nt-1.7nt,HumanEval_114,0,False,2.64
two-turn-nc-0.6nt-1.7nt,HumanEval_114,1,False,2.62
two-turn-nc-0.6nt-1.7nt,HumanEval_115,0,False,3.88
two-turn-nc-0.6nt-1.7nt,HumanEval_115,1,False,3.16
two-turn-nc-0.6nt-1.7nt,HumanEval_116,0,True,0.64
two-turn-nc-0.6nt-1.7nt,HumanEval_116,1,True,0.81
two-turn-nc-0.6nt-1.7nt,HumanEval_117,0,False,3.29
two-turn-nc-0.6nt-1.7nt,HumanEval_117,1,False,3.01
two-turn-nc-0.6nt-1.7nt,HumanEval_118,0,False,3.3
two-turn-nc-0.6nt-1.7nt,HumanEval_118,1,False,2.98
two-turn-nc-0.6nt-1.7nt,HumanEval_119,0,True,0.95
two-turn-nc-0.6nt-1.7nt,HumanEval_119,1,False,3.71
two-turn-nc-0.6nt-1.7nt,HumanEval_12,0,True,0.65
two-turn-nc-0.6nt-1.7nt,HumanEval_12,1,True,0.71
two-turn-nc-0.6nt-1.7nt,HumanEval_120,0,False,2.42
two-turn-nc-0.6nt-1.7nt,HumanEval_120,1,False,2.48
two-turn-nc-0.6nt-1.7nt,HumanEval_121,0,True,0.67
two-turn-nc-0.6nt-1.7nt,HumanEval_121,1,True,0.66
two-turn-nc-0.6nt-1.7nt,HumanEval_122,0,True,0.74
two-turn-nc-0.6nt-1.7nt,HumanEval_122,1,True,0.73
two-turn-nc-0.6nt-1.7nt,HumanEval_123,0,True,302.02
two-turn-nc-0.6nt-1.7nt,HumanEval_123,1,True,0.99
two-turn-nc-0.6nt-1.7nt,HumanEval_124,0,False,4.96
two-turn-nc-0.6nt-1.7nt,HumanEval_124,1,False,4.08
two-turn-nc-0.6nt-1.7nt,HumanEval_125,0,True,3.15
two-turn-nc-0.6nt-1.7nt,HumanEval_125,1,False,2.71
two-turn-nc-0.6nt-1.7nt,HumanEval_126,0,False,3.18
two-turn-nc-0.6nt-1.7nt,HumanEval_126,1,False,3.34
two-turn-nc-0.6nt-1.7nt,HumanEval_127,0,True,1.7
two-turn-nc-0.6nt-1.7nt,HumanEval_127,1,True,1.75
two-turn-nc-0.6nt-1.7nt,HumanEval_128,0,False,3.29
two-turn-nc-0.6nt-1.7nt,HumanEval_128,1,True,2.87
two-turn-nc-0.6nt-1.7nt,HumanEval_129,0,False,5.12
two-turn-nc-0.6nt-1.7nt,HumanEval_129,1,False,7.5
two-turn-nc-0.6nt-1.7nt,HumanEval_13,0,True,0.63
two-turn-nc-0.6nt-1.7nt,HumanEval_13,1,True,0.66
two-turn-nc-0.6nt-1.7nt,HumanEval_130,0,False,3.35
two-turn-nc-0.6nt-1.7nt,HumanEval_130,1,False,3.82
two-turn-nc-0.6nt-1.7nt,HumanEval_131,0,False,1.94
two-turn-nc-0.6nt-1.7nt,HumanEval_131,1,False,1.25
two-turn-nc-0.6nt-1.7nt,HumanEval_132,0,False,3.63
two-turn-nc-0.6nt-1.7nt,HumanEval_132,1,False,3.54
two-turn-nc-0.6nt-1.7nt,HumanEval_133,0,True,2.52
two-turn-nc-0.6nt-1.7nt,HumanEval_133,1,False,2.99
two-turn-nc-0.6nt-1.7nt,HumanEval_134,0,False,3.13
two-turn-nc-0.6nt-1.7nt,HumanEval_134,1,False,3.5
two-turn-nc-0.6nt-1.7nt,HumanEval_135,0,False,2.02
two-turn-nc-0.6nt-1.7nt,HumanEval_135,1,False,2.34
two-turn-nc-0.6nt-1.7nt,HumanEval_136,0,True,3.11
two-turn-nc-0.6nt-1.7nt,HumanEval_136,1,True,0.88
two-turn-nc-0.6nt-1.7nt,HumanEval_137,0,False,2.84
two-turn-nc-0.6nt-1.7nt,HumanEval_137,1,False,2.75
two-turn-nc-0.6nt-1.7nt,HumanEval_138,0,False,3.09
two-turn-nc-0.6nt-1.7nt,HumanEval_138,1,True,0.71
two-turn-nc-0.6nt-1.7nt,HumanEval_139,0,True,2.45
two-turn-nc-0.6nt-1.7nt,HumanEval_139,1,True,2.53
two-turn-nc-0.6nt-1.7nt,HumanEval_14,0,True,1.71
two-turn-nc-0.6nt-1.7nt,HumanEval_14,1,True,1.04
two-turn-nc-0.6nt-1.7nt,HumanEval_140,0,False,2.02
two-turn-nc-0.6nt-1.7nt,HumanEval_140,1,False,2.48
two-turn-nc-0.6nt-1.7nt,HumanEval_141,0,False,4.06
two-turn-nc-0.6nt-1.7nt,HumanEval_141,1,False,3.6
two-turn-nc-0.6nt-1.7nt,HumanEval_142,0,False,2.52
two-turn-nc-0.6nt-1.7nt,HumanEval_142,1,True,2.59
two-turn-nc-0.6nt-1.7nt,HumanEval_143,0,True,0.83
two-turn-nc-0.6nt-1.7nt,HumanEval_143,1,True,1.07
two-turn-nc-0.6nt-1.7nt,HumanEval_144,0,False,3.23
two-turn-nc-0.6nt-1.7nt,HumanEval_144,1,True,3.06
two-turn-nc-0.6nt-1.7nt,HumanEval_145,0,False,1.93
two-turn-nc-0.6nt-1.7nt,HumanEval_145,1,False,2.12
two-turn-nc-0.6nt-1.7nt,HumanEval_146,0,True,3.43
two-turn-nc-0.6nt-1.7nt,HumanEval_146,1,True,0.84
two-turn-nc-0.6nt-1.7nt,HumanEval_147,0,True,0.81
two-turn-nc-0.6nt-1.7nt,HumanEval_147,1,True,0.97
two-turn-nc-0.6nt-1.7nt,HumanEval_148,0,True,3.26
two-turn-nc-0.6nt-1.7nt,HumanEval_148,1,True,3.41
two-turn-nc-0.6nt-1.7nt,HumanEval_149,0,True,2.76
two-turn-nc-0.6nt-1.7nt,HumanEval_149,1,True,2.6
two-turn-nc-0.6nt-1.7nt,HumanEval_15,0,True,1.53
two-turn-nc-0.6nt-1.7nt,HumanEval_15,1,True,0.52
two-turn-nc-0.6nt-1.7nt,HumanEval_150,0,True,0.82
two-turn-nc-0.6nt-1.7nt,HumanEval_150,1,True,0.78
two-turn-nc-0.6nt-1.7nt,HumanEval_151,0,True,0.82
two-turn-nc-0.6nt-1.7nt,HumanEval_151,1,True,2.22
two-turn-nc-0.6nt-1.7nt,HumanEval_152,0,True,0.9
two-turn-nc-0.6nt-1.7nt,HumanEval_152,1,True,0.92
two-turn-nc-0.6nt-1.7nt,HumanEval_153,0,False,3.96
two-turn-nc-0.6nt-1.7nt,HumanEval_153,1,False,3.84
two-turn-nc-0.6nt-1.7nt,HumanEval_154,0,True,0.8
two-turn-nc-0.6nt-1.7nt,HumanEval_154,1,True,0.58
two-turn-nc-0.6nt-1.7nt,HumanEval_155,0,False,2.01
two-turn-nc-0.6nt-1.7nt,HumanEval_155,1,True,2.07
two-turn-nc-0.6nt-1.7nt,HumanEval_156,0,True,2.78
two-turn-nc-0.6nt-1.7nt,HumanEval_156,1,True,3.08
two-turn-nc-0.6nt-1.7nt,HumanEval_157,0,True,0.77
two-turn-nc-0.6nt-1.7nt,HumanEval_157,1,True,2.26
two-turn-nc-0.6nt-1.7nt,HumanEval_158,0,True,0.78
two-turn-nc-0.6nt-1.7nt,HumanEval_158,1,True,2.77
two-turn-nc-0.6nt-1.7nt,HumanEval_159,0,False,3.48
two-turn-nc-0.6nt-1.7nt,HumanEval_159,1,False,3.66
two-turn-nc-0.6nt-1.7nt,HumanEval_16,0,True,0.67
two-turn-nc-0.6nt-1.7nt,HumanEval_16,1,True,0.63
two-turn-nc-0.6nt-1.7nt,HumanEval_160,0,False,3.79
two-turn-nc-0.6nt-1.7nt,HumanEval_160,1,True,4.33
two-turn-nc-0.6nt-1.7nt,HumanEval_161,0,True,2.59
two-turn-nc-0.6nt-1.7nt,HumanEval_161,1,True,2.42
two-turn-nc-0.6nt-1.7nt,HumanEval_162,0,True,0.6
two-turn-nc-0.6nt-1.7nt,HumanEval_162,1,True,1.87
two-turn-nc-0.6nt-1.7nt,HumanEval_163,0,False,1.98
two-turn-nc-0.6nt-1.7nt,HumanEval_163,1,False,2.1
two-turn-nc-0.6nt-1.7nt,HumanEval_17,0,True,2.74
two-turn-nc-0.6nt-1.7nt,HumanEval_17,1,True,2.54
two-turn-nc-0.6nt-1.7nt,HumanEval_18,0,True,2.57
two-turn-nc-0.6nt-1.7nt,HumanEval_18,1,True,2.82
two-turn-nc-0.6nt-1.7nt,HumanEval_19,0,False,2.55
two-turn-nc-0.6nt-1.7nt,HumanEval_19,1,False,2.25
two-turn-nc-0.6nt-1.7nt,HumanEval_2,0,True,0.62
two-turn-nc-0.6nt-1.7nt,HumanEval_2,1,True,0.56
two-turn-nc-0.6nt-1.7nt,HumanEval_20,0,False,2.89
two-turn-nc-0.6nt-1.7nt,HumanEval_20,1,True,3.6
two-turn-nc-0.6nt-1.7nt,HumanEval_21,0,True,2.51
two-turn-nc-0.6nt-1.7nt,HumanEval_21,1,True,2.54
two-turn-nc-0.6nt-1.7nt,HumanEval_22,0,True,0.6
two-turn-nc-0.6nt-1.7nt,HumanEval_22,1,True,0.51
two-turn-nc-0.6nt-1.7nt,HumanEval_23,0,True,0.49
two-turn-nc-0.6nt-1.7nt,HumanEval_23,1,True,0.5
two-turn-nc-0.6nt-1.7nt,HumanEval_24,0,True,1.72
two-turn-nc-0.6nt-1.7nt,HumanEval_24,1,True,1.83
two-turn-nc-0.6nt-1.7nt,HumanEval_25,0,True,3.13
two-turn-nc-0.6nt-1.7nt,HumanEval_25,1,True,2.85
two-turn-nc-0.6nt-1.7nt,HumanEval_26,0,False,2.03
two-turn-nc-0.6nt-1.7nt,HumanEval_26,1,True,0.56
two-turn-nc-0.6nt-1.7nt,HumanEval_27,0,True,0.54
two-turn-nc-0.6nt-1.7nt,HumanEval_27,1,True,0.46
two-turn-nc-0.6nt-1.7nt,HumanEval_28,0,True,0.54
two-turn-nc-0.6nt-1.7nt,HumanEval_28,1,True,0.5
two-turn-nc-0.6nt-1.7nt,HumanEval_29,0,True,0.65
two-turn-nc-0.6nt-1.7nt,HumanEval_29,1,True,0.6
two-turn-nc-0.6nt-1.7nt,HumanEval_3,0,True,2.1
two-turn-nc-0.6nt-1.7nt,HumanEval_3,1,True,0.69
two-turn-nc-0.6nt-1.7nt,HumanEval_30,0,True,0.71
two-turn-nc-0.6nt-1.7nt,HumanEval_30,1,True,0.46
two-turn-nc-0.6nt-1.7nt,HumanEval_31,0,True,0.97
two-turn-nc-0.6nt-1.7nt,HumanEval_31,1,True,0.77
two-turn-nc-0.6nt-1.7nt,HumanEval_32,0,False,5.02
two-turn-nc-0.6nt-1.7nt,HumanEval_32,1,False,3.89
two-turn-nc-0.6nt-1.7nt,HumanEval_33,0,True,2.62
two-turn-nc-0.6nt-1.7nt,HumanEval_33,1,True,2.4
two-turn-nc-0.6nt-1.7nt,HumanEval_34,0,True,0.58
two-turn-nc-0.6nt-1.7nt,HumanEval_34,1,True,0.6
two-turn-nc-0.6nt-1.7nt,HumanEval_35,0,True,0.59
two-turn-nc-0.6nt-1.7nt,HumanEval_35,1,True,0.58
two-turn-nc-0.6nt-1.7nt,HumanEval_36,0,True,2.12
two-turn-nc-0.6nt-1.7nt,HumanEval_36,1,True,2.31
two-turn-nc-0.6nt-1.7nt,HumanEval_37,0,True,2.2
two-turn-nc-0.6nt-1.7nt,HumanEval_37,1,True,2.26
two-turn-nc-0.6nt-1.7nt,HumanEval_38,0,False,2.17
two-turn-nc-0.6nt-1.7nt,HumanEval_38,1,False,2.43
two-turn-nc-0.6nt-1.7nt,HumanEval_39,0,True,3.4
two-turn-nc-0.6nt-1.7nt,HumanEval_39,1,True,2.88
two-turn-nc-0.6nt-1.7nt,HumanEval_4,0,True,0.84
two-turn-nc-0.6nt-1.7nt,HumanEval_4,1,True,2.46
two-turn-nc-0.6nt-1.7nt,HumanEval_40,0,True,3.63
two-turn-nc-0.6nt-1.7nt,HumanEval_40,1,True,0.99
two-turn-nc-0.6nt-1.7nt,HumanEval_41,0,True,2.4
two-turn-nc-0.6nt-1.7nt,HumanEval_41,1,True,2.17
two-turn-nc-0.6nt-1.7nt,HumanEval_42,0,True,0.49
two-turn-nc-0.6nt-1.7nt,HumanEval_42,1,True,0.41
two-turn-nc-0.6nt-1.7nt,HumanEval_43,0,True,2.21
two-turn-nc-0.6nt-1.7nt,HumanEval_43,1,True,2.5
two-turn-nc-0.6nt-1.7nt,HumanEval_44,0,True,0.76
two-turn-nc-0.6nt-1.7nt,HumanEval_44,1,True,0.78
two-turn-nc-0.6nt-1.7nt,HumanEval_45,0,True,0.51
two-turn-nc-0.6nt-1.7nt,HumanEval_45,1,True,0.52
two-turn-nc-0.6nt-1.7nt,HumanEval_46,0,True,0.95
two-turn-nc-0.6nt-1.7nt,HumanEval_46,1,True,3.17
two-turn-nc-0.6nt-1.7nt,HumanEval_47,0,True,0.9
two-turn-nc-0.6nt-1.7nt,HumanEval_47,1,True,0.64
two-turn-nc-0.6nt-1.7nt,HumanEval_48,0,True,0.58
two-turn-nc-0.6nt-1.7nt,HumanEval_48,1,True,0.52
two-turn-nc-0.6nt-1.7nt,HumanEval_49,0,True,0.73
two-turn-nc-0.6nt-1.7nt,HumanEval_49,1,True,0.61
two-turn-nc-0.6nt-1.7nt,HumanEval_5,0,True,2.02
two-turn-nc-0.6nt-1.7nt,HumanEval_5,1,True,0.64
two-turn-nc-0.6nt-1.7nt,HumanEval_50,0,True,0.66
two-turn-nc-0.6nt-1.7nt,HumanEval_50,1,True,0.63
two-turn-nc-0.6nt-1.7nt,HumanEval_51,0,True,2.14
two-turn-nc-0.6nt-1.7nt,HumanEval_51,1,True,2.09
two-turn-nc-0.6nt-1.7nt,HumanEval_52,0,True,0.63
two-turn-nc-0.6nt-1.7nt,HumanEval_52,1,True,0.57
two-turn-nc-0.6nt-1.7nt,HumanEval_53,0,True,0.5
two-turn-nc-0.6nt-1.7nt,HumanEval_53,1,True,0.49
two-turn-nc-0.6nt-1.7nt,HumanEval_54,0,True,2.05
two-turn-nc-0.6nt-1.7nt,HumanEval_54,1,True,0.71
two-turn-nc-0.6nt-1.7nt,HumanEval_55,0,True,0.6
two-turn-nc-0.6nt-1.7nt,HumanEval_55,1,True,1.13
two-turn-nc-0.6nt-1.7nt,HumanEval_56,0,True,2.34
two-turn-nc-0.6nt-1.7nt,HumanEval_56,1,True,1.97
two-turn-nc-0.6nt-1.7nt,HumanEval_57,0,False,2.23
two-turn-nc-0.6nt-1.7nt,HumanEval_57,1,True,2.21
two-turn-nc-0.6nt-1.7nt,HumanEval_58,0,True,0.83
two-turn-nc-0.6nt-1.7nt,HumanEval_58,1,True,0.77
two-turn-nc-0.6nt-1.7nt,HumanEval_59,0,True,2.52
two-turn-nc-0.6nt-1.7nt,HumanEval_59,1,True,2.43
two-turn-nc-0.6nt-1.7nt,HumanEval_6,0,True,2.78
two-turn-nc-0.6nt-1.7nt,HumanEval_6,1,True,2.48
two-turn-nc-0.6nt-1.7nt,HumanEval_60,0,True,0.65
two-turn-nc-0.6nt-1.7nt,HumanEval_60,1,True,0.61
two-turn-nc-0.6nt-1.7nt,HumanEval_61,0,True,0.77
two-turn-nc-0.6nt-1.7nt,HumanEval_61,1,True,2.58
two-turn-nc-0.6nt-1.7nt,HumanEval_62,0,False,1.95
two-turn-nc-0.6nt-1.7nt,HumanEval_62,1,False,2.52
two-turn-nc-0.6nt-1.7nt,HumanEval_63,0,True,2.98
two-turn-nc-0.6nt-1.7nt,HumanEval_63,1,True,3.5
two-turn-nc-0.6nt-1.7nt,HumanEval_64,0,False,2.42
two-turn-nc-0.6nt-1.7nt,HumanEval_64,1,False,2.45
two-turn-nc-0.6nt-1.7nt,HumanEval_65,0,False,2.25
two-turn-nc-0.6nt-1.7nt,HumanEval_65,1,False,2.39
two-turn-nc-0.6nt-1.7nt,HumanEval_66,0,True,0.73
two-turn-nc-0.6nt-1.7nt,HumanEval_66,1,True,0.67
two-turn-nc-0.6nt-1.7nt,HumanEval_67,0,False,2.79
two-turn-nc-0.6nt-1.7nt,HumanEval_67,1,False,2.71
two-turn-nc-0.6nt-1.7nt,HumanEval_68,0,True,3.6
two-turn-nc-0.6nt-1.7nt,HumanEval_68,1,False,4.21
two-turn-nc-0.6nt-1.7nt,HumanEval_69,0,True,2.32
two-turn-nc-0.6nt-1.7nt,HumanEval_69,1,True,2.89
two-turn-nc-0.6nt-1.7nt,HumanEval_7,0,True,0.65
two-turn-nc-0.6nt-1.7nt,HumanEval_7,1,True,0.48
two-turn-nc-0.6nt-1.7nt,HumanEval_70,0,True,2.92
two-turn-nc-0.6nt-1.7nt,HumanEval_70,1,False,2.99
two-turn-nc-0.6nt-1.7nt,HumanEval_71,0,True,2.72
two-turn-nc-0.6nt-1.7nt,HumanEval_71,1,True,2.78
two-turn-nc-0.6nt-1.7nt,HumanEval_72,0,True,0.98
two-turn-nc-0.6nt-1.7nt,HumanEval_72,1,True,0.67
two-turn-nc-0.6nt-1.7nt,HumanEval_73,0,True,0.8
two-turn-nc-0.6nt-1.7nt,HumanEval_73,1,True,0.72
two-turn-nc-0.6nt-1.7nt,HumanEval_74,0,True,3.67
two-turn-nc-0.6nt-1.7nt,HumanEval_74,1,True,0.96
two-turn-nc-0.6nt-1.7nt,HumanEval_75,0,True,1.24
two-turn-nc-0.6nt-1.7nt,HumanEval_75,1,False,3.41
two-turn-nc-0.6nt-1.7nt,HumanEval_76,0,True,2.74
two-turn-nc-0.6nt-1.7nt,HumanEval_76,1,True,3.12
two-turn-nc-0.6nt-1.7nt,HumanEval_77,0,False,2.51
two-turn-nc-0.6nt-1.7nt,HumanEval_77,1,False,2.19
two-turn-nc-0.6nt-1.7nt,HumanEval_78,0,True,2.54
two-turn-nc-0.6nt-1.7nt,HumanEval_78,1,False,2.59
two-turn-nc-0.6nt-1.7nt,HumanEval_79,0,True,1.93
two-turn-nc-0.6nt-1.7nt,HumanEval_79,1,True,0.78
two-turn-nc-0.6nt-1.7nt,HumanEval_8,0,True,0.75
two-turn-nc-0.6nt-1.7nt,HumanEval_8,1,True,0.7
two-turn-nc-0.6nt-1.7nt,HumanEval_80,0,True,0.84
two-turn-nc-0.6nt-1.7nt,HumanEval_80,1,False,2.48
two-turn-nc-0.6nt-1.7nt,HumanEval_81,0,False,4.35
two-turn-nc-0.6nt-1.7nt,HumanEval_81,1,False,4.35
two-turn-nc-0.6nt-1.7nt,HumanEval_82,0,True,2.58
two-turn-nc-0.6nt-1.7nt,HumanEval_82,1,True,0.83
two-turn-nc-0.6nt-1.7nt,HumanEval_83,0,False,4.8
two-turn-nc-0.6nt-1.7nt,HumanEval_83,1,False,3.15
two-turn-nc-0.6nt-1.7nt,HumanEval_84,0,False,2.16
two-turn-nc-0.6nt-1.7nt,HumanEval_84,1,False,2.36
two-turn-nc-0.6nt-1.7nt,HumanEval_85,0,True,1.46
two-turn-nc-0.6nt-1.7nt,HumanEval_85,1,True,1.91
two-turn-nc-0.6nt-1.7nt,HumanEval_86,0,True,2.21
two-turn-nc-0.6nt-1.7nt,HumanEval_86,1,True,2.49
two-turn-nc-0.6nt-1.7nt,HumanEval_87,0,False,3.63
two-turn-nc-0.6nt-1.7nt,HumanEval_87,1,False,3.46
two-turn-nc-0.6nt-1.7nt,HumanEval_88,0,True,2.54
two-turn-nc-0.6nt-1.7nt,HumanEval_88,1,True,3.17
two-turn-nc-0.6nt-1.7nt,HumanEval_89,0,False,2.38
two-turn-nc-0.6nt-1.7nt,HumanEval_89,1,False,3.25
two-turn-nc-0.6nt-1.7nt,HumanEval_9,0,True,0.68
two-turn-nc-0.6nt-1.7nt,HumanEval_9,1,True,0.68
two-turn-nc-0.6nt-1.7nt,HumanEval_90,0,False,2.19
two-turn-nc-0.6nt-1.7nt,HumanEval_90,1,False,1.95
two-turn-nc-0.6nt-1.7nt,HumanEval_91,0,False,2.02
two-turn-nc-0.6nt-1.7nt,HumanEval_91,1,False,2.48
two-turn-nc-0.6nt-1.7nt,HumanEval_92,0,True,0.85
two-turn-nc-0.6nt-1.7nt,HumanEval_92,1,True,0.87
two-turn-nc-0.6nt-1.7nt,HumanEval_93,0,False,2.91
two-turn-nc-0.6nt-1.7nt,HumanEval_93,1,False,2.67
two-turn-nc-0.6nt-1.7nt,HumanEval_94,0,True,1.6
two-turn-nc-0.6nt-1.7nt,HumanEval_94,1,True,4.72
two-turn-nc-0.6nt-1.7nt,HumanEval_95,0,True,2.82
two-turn-nc-0.6nt-1.7nt,HumanEval_95,1,True,3.69
two-turn-nc-0.6nt-1.7nt,HumanEval_96,0,True,0.83
two-turn-nc-0.6nt-1.7nt,HumanEval_96,1,True,0.91
two-turn-nc-0.6nt-1.7nt,HumanEval_97,0,True,0.64
two-turn-nc-0.6nt-1.7nt,HumanEval_97,1,True,0.73
two-turn-nc-0.6nt-1.7nt,HumanEval_98,0,True,0.61
two-turn-nc-0.6nt-1.7nt,HumanEval_98,1,True,1.75
two-turn-nc-0.6nt-1.7nt,HumanEval_99,0,False,2.78
two-turn-nc-0.6nt-1.7nt,HumanEval_99,1,False,2.37
two-turn-nc-0.6nt-1.7t,HumanEval_0,0,True,2.17
two-turn-nc-0.6nt-1.7t,HumanEval_0,1,True,0.8
two-turn-nc-0.6nt-1.7t,HumanEval_1,0,True,46.52
two-turn-nc-0.6nt-1.7t,HumanEval_1,1,True,94.56
two-turn-nc-0.6nt-1.7t,HumanEval_10,0,True,13.44
two-turn-nc-0.6nt-1.7t,HumanEval_10,1,True,48.34
two-turn-nc-0.6nt-1.7t,HumanEval_100,0,True,6.37
two-turn-nc-0.6nt-1.7t,HumanEval_100,1,True,9.51
two-turn-nc-0.6nt-1.7t,HumanEval_101,0,False,12.73
two-turn-nc-0.6nt-1.7t,HumanEval_101,1,False,6.96
two-turn-nc-0.6nt-1.7t,HumanEval_102,0,False,10.16
two-turn-nc-0.6nt-1.7t,HumanEval_102,1,False,8.84
two-turn-nc-0.6nt-1.7t,HumanEval_103,0,False,7.72
two-turn-nc-0.6nt-1.7t,HumanEval_103,1,False,11.77
two-turn-nc-0.6nt-1.7t,HumanEval_104,0,True,7.1
two-turn-nc-0.6nt-1.7t,HumanEval_104,1,True,5.97
two-turn-nc-0.6nt-1.7t,HumanEval_105,0,True,12.46
two-turn-nc-0.6nt-1.7t,HumanEval_105,1,True,1.44
two-turn-nc-0.6nt-1.7t,HumanEval_106,0,True,9.64
two-turn-nc-0.6nt-1.7t,HumanEval_106,1,True,7.88
two-turn-nc-0.6nt-1.7t,HumanEval_107,0,True,1.07
two-turn-nc-0.6nt-1.7t,HumanEval_107,1,True,1.14
two-turn-nc-0.6nt-1.7t,HumanEval_108,0,True,18.24
two-turn-nc-0.6nt-1.7t,HumanEval_108,1,True,11.31
two-turn-nc-0.6nt-1.7t,HumanEval_109,0,False,30.17
two-turn-nc-0.6nt-1.7t,HumanEval_109,1,True,20.88
two-turn-nc-0.6nt-1.7t,HumanEval_11,0,True,5.61
two-turn-nc-0.6nt-1.7t,HumanEval_11,1,True,0.79
two-turn-nc-0.6nt-1.7t,HumanEval_110,0,True,9.28
two-turn-nc-0.6nt-1.7t,HumanEval_110,1,True,12.07
two-turn-nc-0.6nt-1.7t,HumanEval_111,0,True,6.58
two-turn-nc-0.6nt-1.7t,HumanEval_111,1,False,11.0
two-turn-nc-0.6nt-1.7t,HumanEval_112,0,True,5.79
two-turn-nc-0.6nt-1.7t,HumanEval_112,1,True,7.54
two-turn-nc-0.6nt-1.7t,HumanEval_113,0,False,12.95
two-turn-nc-0.6nt-1.7t,HumanEval_113,1,False,20.71
two-turn-nc-0.6nt-1.7t,HumanEval_114,0,True,14.95
two-turn-nc-0.6nt-1.7t,HumanEval_114,1,True,17.26
two-turn-nc-0.6nt-1.7t,HumanEval_115,0,True,0.69
two-turn-nc-0.6nt-1.7t,HumanEval_115,1,True,10.97
two-turn-nc-0.6nt-1.7t,HumanEval_116,0,True,0.84
two-turn-nc-0.6nt-1.7t,HumanEval_116,1,True,0.86
two-turn-nc-0.6nt-1.7t,HumanEval_117,0,False,12.4
two-turn-nc-0.6nt-1.7t,HumanEval_117,1,False,13.13
two-turn-nc-0.6nt-1.7t,HumanEval_118,0,True,56.02
two-turn-nc-0.6nt-1.7t,HumanEval_118,1,True,30.12
two-turn-nc-0.6nt-1.7t,HumanEval_119,0,True,11.61
two-turn-nc-0.6nt-1.7t,HumanEval_119,1,True,1.04
two-turn-nc-0.6nt-1.7t,HumanEval_12,0,True,0.79
two-turn-nc-0.6nt-1.7t,HumanEval_12,1,True,0.67
two-turn-nc-0.6nt-1.7t,HumanEval_120,0,True,8.29
two-turn-nc-0.6nt-1.7t,HumanEval_120,1,True,11.97
two-turn-nc-0.6nt-1.7t,HumanEval_121,0,True,0.69
two-turn-nc-0.6nt-1.7t,HumanEval_121,1,True,0.53
two-turn-nc-0.6nt-1.7t,HumanEval_122,0,True,0.74
two-turn-nc-0.6nt-1.7t,HumanEval_122,1,True,0.73
two-turn-nc-0.6nt-1.7t,HumanEval_123,0,True,21.53
two-turn-nc-0.6nt-1.7t,HumanEval_123,1,True,8.97
two-turn-nc-0.6nt-1.7t,HumanEval_124,0,True,39.18
two-turn-nc-0.6nt-1.7t,HumanEval_124,1,True,41.28
two-turn-nc-0.6nt-1.7t,HumanEval_125,0,False,9.93
two-turn-nc-0.6nt-1.7t,HumanEval_125,1,False,11.84
two-turn-nc-0.6nt-1.7t,HumanEval_126,0,False,16.09
two-turn-nc-0.6nt-1.7t,HumanEval_126,1,False,43.7
two-turn-nc-0.6nt-1.7t,HumanEval_127,0,True,17.82
two-turn-nc-0.6nt-1.7t,HumanEval_127,1,True,11.16
two-turn-nc-0.6nt-1.7t,HumanEval_128,0,True,7.94
two-turn-nc-0.6nt-1.7t,HumanEval_128,1,True,7.46
two-turn-nc-0.6nt-1.7t,HumanEval_129,0,False,33.54
two-turn-nc-0.6nt-1.7t,HumanEval_129,1,True,215.15
two-turn-nc-0.6nt-1.7t,HumanEval_13,0,True,0.61
two-turn-nc-0.6nt-1.7t,HumanEval_13,1,True,0.61
two-turn-nc-0.6nt-1.7t,HumanEval_130,0,True,53.94
two-turn-nc-0.6nt-1.7t,HumanEval_130,1,True,52.52
two-turn-nc-0.6nt-1.7t,HumanEval_131,0,True,17.88
two-turn-nc-0.6nt-1.7t,HumanEval_131,1,False,6.54
two-turn-nc-0.6nt-1.7t,HumanEval_132,0,False,61.98
two-turn-nc-0.6nt-1.7t,HumanEval_132,1,False,266.06
two-turn-nc-0.6nt-1.7t,HumanEval_133,0,True,12.32
two-turn-nc-0.6nt-1.7t,HumanEval_133,1,True,6.98
two-turn-nc-0.6nt-1.7t,HumanEval_134,0,False,70.05
two-turn-nc-0.6nt-1.7t,HumanEval_134,1,False,64.22
two-turn-nc-0.6nt-1.7t,HumanEval_135,0,True,0.68
two-turn-nc-0.6nt-1.7t,HumanEval_135,1,True,0.71
two-turn-nc-0.6nt-1.7t,HumanEval_136,0,True,6.1
two-turn-nc-0.6nt-1.7t,HumanEval_136,1,True,0.83
two-turn-nc-0.6nt-1.7t,HumanEval_137,0,True,11.82
two-turn-nc-0.6nt-1.7t,HumanEval_137,1,True,23.38
two-turn-nc-0.6nt-1.7t,HumanEval_138,0,True,9.64
two-turn-nc-0.6nt-1.7t,HumanEval_138,1,True,0.73
two-turn-nc-0.6nt-1.7t,HumanEval_139,0,True,6.6
two-turn-nc-0.6nt-1.7t,HumanEval_139,1,True,6.22
two-turn-nc-0.6nt-1.7t,HumanEval_14,0,True,3.67
two-turn-nc-0.6nt-1.7t,HumanEval_14,1,True,3.61
two-turn-nc-0.6nt-1.7t,HumanEval_140,0,False,21.15
two-turn-nc-0.6nt-1.7t,HumanEval_140,1,False,21.58
two-turn-nc-0.6nt-1.7t,HumanEval_141,0,True,13.49
two-turn-nc-0.6nt-1.7t,HumanEval_141,1,False,14.29
two-turn-nc-0.6nt-1.7t,HumanEval_142,0,True,26.24
two-turn-nc-0.6nt-1.7t,HumanEval_142,1,True,6.87
two-turn-nc-0.6nt-1.7t,HumanEval_143,0,True,0.89
two-turn-nc-0.6nt-1.7t,HumanEval_143,1,True,0.94
two-turn-nc-0.6nt-1.7t,HumanEval_144,0,True,5.88
two-turn-nc-0.6nt-1.7t,HumanEval_144,1,True,7.02
two-turn-nc-0.6nt-1.7t,HumanEval_145,0,False,53.96
two-turn-nc-0.6nt-1.7t,HumanEval_145,1,False,53.09
two-turn-nc-0.6nt-1.7t,HumanEval_146,0,True,0.95
two-turn-nc-0.6nt-1.7t,HumanEval_146,1,True,9.06
two-turn-nc-0.6nt-1.7t,HumanEval_147,0,True,0.85
two-turn-nc-0.6nt-1.7t,HumanEval_147,1,True,1.28
two-turn-nc-0.6nt-1.7t,HumanEval_148,0,True,16.74
two-turn-nc-0.6nt-1.7t,HumanEval_148,1,True,17.83
two-turn-nc-0.6nt-1.7t,HumanEval_149,0,True,0.79
two-turn-nc-0.6nt-1.7t,HumanEval_149,1,False,10.99
two-turn-nc-0.6nt-1.7t,HumanEval_15,0,True,0.57
two-turn-nc-0.6nt-1.7t,HumanEval_15,1,True,0.62
two-turn-nc-0.6nt-1.7t,HumanEval_150,0,True,0.95
two-turn-nc-0.6nt-1.7t,HumanEval_150,1,True,0.82
two-turn-nc-0.6nt-1.7t,HumanEval_151,0,True,0.85
two-turn-nc-0.6nt-1.7t,HumanEval_151,1,True,14.07
two-turn-nc-0.6nt-1.7t,HumanEval_152,0,True,0.92
two-turn-nc-0.6nt-1.7t,HumanEval_152,1,True,0.94
two-turn-nc-0.6nt-1.7t,HumanEval_153,0,True,9.43
two-turn-nc-0.6nt-1.7t,HumanEval_153,1,True,10.48
two-turn-nc-0.6nt-1.7t,HumanEval_154,0,True,0.79
two-turn-nc-0.6nt-1.7t,HumanEval_154,1,True,0.63
two-turn-nc-0.6nt-1.7t,HumanEval_155,0,True,4.62
two-turn-nc-0.6nt-1.7t,HumanEval_155,1,True,4.64
two-turn-nc-0.6nt-1.7t,HumanEval_156,0,True,6.63
two-turn-nc-0.6nt-1.7t,HumanEval_156,1,True,11.11
two-turn-nc-0.6nt-1.7t,HumanEval_157,0,True,12.87
two-turn-nc-0.6nt-1.7t,HumanEval_157,1,True,0.87
two-turn-nc-0.6nt-1.7t,HumanEval_158,0,True,0.8
two-turn-nc-0.6nt-1.7t,HumanEval_158,1,True,10.8
two-turn-nc-0.6nt-1.7t,HumanEval_159,0,True,8.46
two-turn-nc-0.6nt-1.7t,HumanEval_159,1,True,11.06
two-turn-nc-0.6nt-1.7t,HumanEval_16,0,True,0.68
two-turn-nc-0.6nt-1.7t,HumanEval_16,1,True,3.56
two-turn-nc-0.6nt-1.7t,HumanEval_160,0,True,18.94
two-turn-nc-0.6nt-1.7t,HumanEval_160,1,True,17.05
two-turn-nc-0.6nt-1.7t,HumanEval_161,0,True,9.13
two-turn-nc-0.6nt-1.7t,HumanEval_161,1,True,12.11
two-turn-nc-0.6nt-1.7t,HumanEval_162,0,True,0.63
two-turn-nc-0.6nt-1.7t,HumanEval_162,1,True,3.03
two-turn-nc-0.6nt-1.7t,HumanEval_163,0,False,36.18
two-turn-nc-0.6nt-1.7t,HumanEval_163,1,False,36.04
two-turn-nc-0.6nt-1.7t,HumanEval_17,0,True,6.82
two-turn-nc-0.6nt-1.7t,HumanEval_17,1,True,7.73
two-turn-nc-0.6nt-1.7t,HumanEval_18,0,True,7.61
two-turn-nc-0.6nt-1.7t,HumanEval_18,1,True,12.18
two-turn-nc-0.6nt-1.7t,HumanEval_19,0,True,10.45
two-turn-nc-0.6nt-1.7t,HumanEval_19,1,True,7.12
two-turn-nc-0.6nt-1.7t,HumanEval_2,0,True,0.62
two-turn-nc-0.6nt-1.7t,HumanEval_2,1,True,0.65
two-turn-nc-0.6nt-1.7t,HumanEval_20,0,True,13.2
two-turn-nc-0.6nt-1.7t,HumanEval_20,1,True,16.14
two-turn-nc-0.6nt-1.7t,HumanEval_21,0,True,4.46
two-turn-nc-0.6nt-1.7t,HumanEval_21,1,True,5.03
two-turn-nc-0.6nt-1.7t,HumanEval_22,0,True,0.57
two-turn-nc-0.6nt-1.7t,HumanEval_22,1,True,0.62
two-turn-nc-0.6nt-1.7t,HumanEval_23,0,True,0.46
two-turn-nc-0.6nt-1.7t,HumanEval_23,1,True,0.45
two-turn-nc-0.6nt-1.7t,HumanEval_24,0,True,11.3
two-turn-nc-0.6nt-1.7t,HumanEval_24,1,True,8.19
two-turn-nc-0.6nt-1.7t,HumanEval_25,0,True,1.0
two-turn-nc-0.6nt-1.7t,HumanEval_25,1,True,0.97
two-turn-nc-0.6nt-1.7t,HumanEval_26,0,True,14.71
two-turn-nc-0.6nt-1.7t,HumanEval_26,1,False,35.15
two-turn-nc-0.6nt-1.7t,HumanEval_27,0,True,0.49
two-turn-nc-0.6nt-1.7t,HumanEval_27,1,True,0.5
two-turn-nc-0.6nt-1.7t,HumanEval_28,0,True,0.53
two-turn-nc-0.6nt-1.7t,HumanEval_28,1,True,0.5
two-turn-nc-0.6nt-1.7t,HumanEval_29,0,True,0.63
two-turn-nc-0.6nt-1.7t,HumanEval_29,1,True,0.6
two-turn-nc-0.6nt-1.7t,HumanEval_3,0,True,0.76
two-turn-nc-0.6nt-1.7t,HumanEval_3,1,True,4.88
two-turn-nc-0.6nt-1.7t,HumanEval_30,0,True,0.45
two-turn-nc-0.6nt-1.7t,HumanEval_30,1,True,0.64
two-turn-nc-0.6nt-1.7t,HumanEval_31,0,True,0.89
two-turn-nc-0.6nt-1.7t,HumanEval_31,1,True,0.84
two-turn-nc-0.6nt-1.7t,HumanEval_32,0,False,52.94
two-turn-nc-0.6nt-1.7t,HumanEval_32,1,False,43.6
two-turn-nc-0.6nt-1.7t,HumanEval_33,0,True,12.81
two-turn-nc-0.6nt-1.7t,HumanEval_33,1,True,25.25
two-turn-nc-0.6nt-1.7t,HumanEval_34,0,True,0.58
two-turn-nc-0.6nt-1.7t,HumanEval_34,1,True,0.56
two-turn-nc-0.6nt-1.7t,HumanEval_35,0,True,3.29
two-turn-nc-0.6nt-1.7t,HumanEval_35,1,True,0.57
two-turn-nc-0.6nt-1.7t,HumanEval_36,0,True,16.01
two-turn-nc-0.6nt-1.7t,HumanEval_36,1,True,0.67
two-turn-nc-0.6nt-1.7t,HumanEval_37,0,True,9.73
two-turn-nc-0.6nt-1.7t,HumanEval_37,1,True,8.21
two-turn-nc-0.6nt-1.7t,HumanEval_38,0,False,49.38
two-turn-nc-0.6nt-1.7t,HumanEval_38,1,False,12.37
two-turn-nc-0.6nt-1.7t,HumanEval_39,0,True,17.51
two-turn-nc-0.6nt-1.7t,HumanEval_39,1,False,22.61
two-turn-nc-0.6nt-1.7t,HumanEval_4,0,True,0.86
two-turn-nc-0.6nt-1.7t,HumanEval_4,1,True,0.66
two-turn-nc-0.6nt-1.7t,HumanEval_40,0,True,12.94
two-turn-nc-0.6nt-1.7t,HumanEval_40,1,True,1.19
two-turn-nc-0.6nt-1.7t,HumanEval_41,0,True,3.72
two-turn-nc-0.6nt-1.7t,HumanEval_41,1,True,5.13
two-turn-nc-0.6nt-1.7t,HumanEval_42,0,True,0.44
two-turn-nc-0.6nt-1.7t,HumanEval_42,1,True,0.64
two-turn-nc-0.6nt-1.7t,HumanEval_43,0,True,26.47
two-turn-nc-0.6nt-1.7t,HumanEval_43,1,True,41.85
two-turn-nc-0.6nt-1.7t,HumanEval_44,0,True,0.8
two-turn-nc-0.6nt-1.7t,HumanEval_44,1,True,0.77
two-turn-nc-0.6nt-1.7t,HumanEval_45,0,True,0.47
two-turn-nc-0.6nt-1.7t,HumanEval_45,1,True,0.5
two-turn-nc-0.6nt-1.7t,HumanEval_46,0,True,76.16
two-turn-nc-0.6nt-1.7t,HumanEval_46,1,True,13.6
two-turn-nc-0.6nt-1.7t,HumanEval_47,0,True,0.77
two-turn-nc-0.6nt-1.7t,HumanEval_47,1,True,0.72
two-turn-nc-0.6nt-1.7t,HumanEval_48,0,True,0.55
two-turn-nc-0.6nt-1.7t,HumanEval_48,1,True,0.55
two-turn-nc-0.6nt-1.7t,HumanEval_49,0,True,0.63
two-turn-nc-0.6nt-1.7t,HumanEval_49,1,True,0.7
two-turn-nc-0.6nt-1.7t,HumanEval_5,0,True,4.98
two-turn-nc-0.6nt-1.7t,HumanEval_5,1,True,5.82
two-turn-nc-0.6nt-1.7t,HumanEval_50,0,True,0.51
two-turn-nc-0.6nt-1.7t,HumanEval_50,1,True,0.65
two-turn-nc-0.6nt-1.7t,HumanEval_51,0,True,4.36
two-turn-nc-0.6nt-1.7t,HumanEval_51,1,True,5.79
two-turn-nc-0.6nt-1.7t,HumanEval_52,0,True,0.44
two-turn-nc-0.6nt-1.7t,HumanEval_52,1,True,0.47
two-turn-nc-0.6nt-1.7t,HumanEval_53,0,True,0.59
two-turn-nc-0.6nt-1.7t,HumanEval_53,1,True,0.51
two-turn-nc-0.6nt-1.7t,HumanEval_54,0,True,37.4
two-turn-nc-0.6nt-1.7t,HumanEval_54,1,True,40.39
two-turn-nc-0.6nt-1.7t,HumanEval_55,0,True,0.58
two-turn-nc-0.6nt-1.7t,HumanEval_55,1,True,7.4
two-turn-nc-0.6nt-1.7t,HumanEval_56,0,True,6.57
two-turn-nc-0.6nt-1.7t,HumanEval_56,1,True,4.75
two-turn-nc-0.6nt-1.7t,HumanEval_57,0,True,11.21
two-turn-nc-0.6nt-1.7t,HumanEval_57,1,True,6.98
two-turn-nc-0.6nt-1.7t,HumanEval_58,0,True,0.77
two-turn-nc-0.6nt-1.7t,HumanEval_58,1,True,0.71
two-turn-nc-0.6nt-1.7t,HumanEval_59,0,True,16.8
two-turn-nc-0.6nt-1.7t,HumanEval_59,1,True,18.98
two-turn-nc-0.6nt-1.7t,HumanEval_6,0,True,37.12
two-turn-nc-0.6nt-1.7t,HumanEval_6,1,True,9.01
two-turn-nc-0.6nt-1.7t,HumanEval_60,0,True,0.64
two-turn-nc-0.6nt-1.7t,HumanEval_60,1,True,0.64
two-turn-nc-0.6nt-1.7t,HumanEval_61,0,True,4.56
two-turn-nc-0.6nt-1.7t,HumanEval_61,1,True,6.78
two-turn-nc-0.6nt-1.7t,HumanEval_62,0,True,35.9
two-turn-nc-0.6nt-1.7t,HumanEval_62,1,False,21.08
two-turn-nc-0.6nt-1.7t,HumanEval_63,0,True,0.94
two-turn-nc-0.6nt-1.7t,HumanEval_63,1,True,11.32
two-turn-nc-0.6nt-1.7t,HumanEval_64,0,False,16.51
two-turn-nc-0.6nt-1.7t,HumanEval_64,1,False,9.96
two-turn-nc-0.6nt-1.7t,HumanEval_65,0,True,0.91
two-turn-nc-0.6nt-1.7t,HumanEval_65,1,True,8.36
two-turn-nc-0.6nt-1.7t,HumanEval_66,0,True,0.69
two-turn-nc-0.6nt-1.7t,HumanEval_66,1,True,0.72
two-turn-nc-0.6nt-1.7t,HumanEval_67,0,True,5.73
two-turn-nc-0.6nt-1.7t,HumanEval_67,1,True,6.8
two-turn-nc-0.6nt-1.7t,HumanEval_68,0,True,18.61
two-turn-nc-0.6nt-1.7t,HumanEval_68,1,True,14.02
two-turn-nc-0.6nt-1.7t,HumanEval_69,0,True,12.58
two-turn-nc-0.6nt-1.7t,HumanEval_69,1,True,16.85
two-turn-nc-0.6nt-1.7t,HumanEval_7,0,True,0.55
two-turn-nc-0.6nt-1.7t,HumanEval_7,1,True,0.51
two-turn-nc-0.6nt-1.7t,HumanEval_70,0,True,12.8
two-turn-nc-0.6nt-1.7t,HumanEval_70,1,True,10.58
two-turn-nc-0.6nt-1.7t,HumanEval_71,0,True,9.28
two-turn-nc-0.6nt-1.7t,HumanEval_71,1,True,14.5
two-turn-nc-0.6nt-1.7t,HumanEval_72,0,True,0.74
two-turn-nc-0.6nt-1.7t,HumanEval_72,1,True,1.03
two-turn-nc-0.6nt-1.7t,HumanEval_73,0,True,0.88
two-turn-nc-0.6nt-1.7t,HumanEval_73,1,True,0.84
two-turn-nc-0.6nt-1.7t,HumanEval_74,0,True,8.36
two-turn-nc-0.6nt-1.7t,HumanEval_74,1,True,5.86
two-turn-nc-0.6nt-1.7t,HumanEval_75,0,True,41.3
two-turn-nc-0.6nt-1.7t,HumanEval_75,1,True,28.58
two-turn-nc-0.6nt-1.7t,HumanEval_76,0,True,74.01
two-turn-nc-0.6nt-1.7t,HumanEval_76,1,True,32.42
two-turn-nc-0.6nt-1.7t,HumanEval_77,0,False,24.72
two-turn-nc-0.6nt-1.7t,HumanEval_77,1,False,214.35
two-turn-nc-0.6nt-1.7t,HumanEval_78,0,True,9.88
two-turn-nc-0.6nt-1.7t,HumanEval_78,1,True,22.33
two-turn-nc-0.6nt-1.7t,HumanEval_79,0,True,0.77
two-turn-nc-0.6nt-1.7t,HumanEval_79,1,True,0.82
two-turn-nc-0.6nt-1.7t,HumanEval_8,0,True,0.73
two-turn-nc-0.6nt-1.7t,HumanEval_8,1,True,0.73
two-turn-nc-0.6nt-1.7t,HumanEval_80,0,True,6.41
two-turn-nc-0.6nt-1.7t,HumanEval_80,1,True,0.82
two-turn-nc-0.6nt-1.7t,HumanEval_81,0,True,57.43
two-turn-nc-0.6nt-1.7t,HumanEval_81,1,False,40.86
two-turn-nc-0.6nt-1.7t,HumanEval_82,0,True,0.72
two-turn-nc-0.6nt-1.7t,HumanEval_82,1,True,0.68
two-turn-nc-0.6nt-1.7t,HumanEval_83,0,False,11.08
two-turn-nc-0.6nt-1.7t,HumanEval_83,1,False,15.1
two-turn-nc-0.6nt-1.7t,HumanEval_84,0,True,6.14
two-turn-nc-0.6nt-1.7t,HumanEval_84,1,True,14.28
two-turn-nc-0.6nt-1.7t,HumanEval_85,0,False,24.96
two-turn-nc-0.6nt-1.7t,HumanEval_85,1,True,3.89
two-turn-nc-0.6nt-1.7t,HumanEval_86,0,True,4.91
two-turn-nc-0.6nt-1.7t,HumanEval_86,1,True,0.72
two-turn-nc-0.6nt-1.7t,HumanEval_87,0,True,19.36
two-turn-nc-0.6nt-1.7t,HumanEval_87,1,True,1.07
two-turn-nc-0.6nt-1.7t,HumanEval_88,0,True,6.37
two-turn-nc-0.6nt-1.7t,HumanEval_88,1,True,7.41
two-turn-nc-0.6nt-1.7t,HumanEval_89,0,True,7.96
two-turn-nc-0.6nt-1.7t,HumanEval_89,1,True,10.44
two-turn-nc-0.6nt-1.7t,HumanEval_9,0,True,6.48
two-turn-nc-0.6nt-1.7t,HumanEval_9,1,True,6.06
two-turn-nc-0.6nt-1.7t,HumanEval_90,0,True,17.28
two-turn-nc-0.6nt-1.7t,HumanEval_90,1,False,4.85
two-turn-nc-0.6nt-1.7t,HumanEval_91,0,False,11.54
two-turn-nc-0.6nt-1.7t,HumanEval_91,1,False,12.13
two-turn-nc-0.6nt-1.7t,HumanEval_92,0,True,13.7
two-turn-nc-0.6nt-1.7t,HumanEval_92,1,False,14.31
two-turn-nc-0.6nt-1.7t,HumanEval_93,0,False,91.16
two-turn-nc-0.6nt-1.7t,HumanEval_93,1,False,68.46
two-turn-nc-0.6nt-1.7t,HumanEval_94,0,True,1.47
two-turn-nc-0.6nt-1.7t,HumanEval_94,1,True,13.9
two-turn-nc-0.6nt-1.7t,HumanEval_95,0,True,9.05
two-turn-nc-0.6nt-1.7t,HumanEval_95,1,True,22.42
two-turn-nc-0.6nt-1.7t,HumanEval_96,0,True,0.79
two-turn-nc-0.6nt-1.7t,HumanEval_96,1,True,0.91
two-turn-nc-0.6nt-1.7t,HumanEval_97,0,True,0.74
two-turn-nc-0.6nt-1.7t,HumanEval_97,1,True,0.73
two-turn-nc-0.6nt-1.7t,HumanEval_98,0,True,9.78
two-turn-nc-0.6nt-1.7t,HumanEval_98,1,True,7.1
two-turn-nc-0.6nt-1.7t,HumanEval_99,0,False,13.32
two-turn-nc-0.6nt-1.7t,HumanEval_99,1,False,24.83
two-turn-nc-0.6nt-4t,HumanEval_0,0,True,1.0
two-turn-nc-0.6nt-4t,HumanEval_0,1,True,1.77
two-turn-nc-0.6nt-4t,HumanEval_0,2,True,0.85
two-turn-nc-0.6nt-4t,HumanEval_0,3,True,0.81
two-turn-nc-0.6nt-4t,HumanEval_0,4,True,0.95
two-turn-nc-0.6nt-4t,HumanEval_1,0,True,21.85
two-turn-nc-0.6nt-4t,HumanEval_1,1,True,78.63
two-turn-nc-0.6nt-4t,HumanEval_1,2,True,120.96
two-turn-nc-0.6nt-4t,HumanEval_1,3,True,54.24
two-turn-nc-0.6nt-4t,HumanEval_1,4,True,89.16
two-turn-nc-0.6nt-4t,HumanEval_10,0,True,15.81
two-turn-nc-0.6nt-4t,HumanEval_10,1,True,14.81
two-turn-nc-0.6nt-4t,HumanEval_10,2,False,17.54
two-turn-nc-0.6nt-4t,HumanEval_10,3,True,18.7
two-turn-nc-0.6nt-4t,HumanEval_10,4,True,19.27
two-turn-nc-0.6nt-4t,HumanEval_100,0,True,20.17
two-turn-nc-0.6nt-4t,HumanEval_100,1,True,23.69
two-turn-nc-0.6nt-4t,HumanEval_100,2,True,23.14
two-turn-nc-0.6nt-4t,HumanEval_100,3,True,21.83
two-turn-nc-0.6nt-4t,HumanEval_100,4,True,70.58
two-turn-nc-0.6nt-4t,HumanEval_101,0,True,16.55
two-turn-nc-0.6nt-4t,HumanEval_101,1,True,12.53
two-turn-nc-0.6nt-4t,HumanEval_101,2,True,21.44
two-turn-nc-0.6nt-4t,HumanEval_101,3,True,17.02
two-turn-nc-0.6nt-4t,HumanEval_101,4,True,28.5
two-turn-nc-0.6nt-4t,HumanEval_102,0,True,26.65
two-turn-nc-0.6nt-4t,HumanEval_102,1,True,26.47
two-turn-nc-0.6nt-4t,HumanEval_102,2,True,19.67
two-turn-nc-0.6nt-4t,HumanEval_102,3,True,0.95
two-turn-nc-0.6nt-4t,HumanEval_102,4,True,46.37
two-turn-nc-0.6nt-4t,HumanEval_103,0,True,25.57
two-turn-nc-0.6nt-4t,HumanEval_103,1,True,21.77
two-turn-nc-0.6nt-4t,HumanEval_103,2,True,28.46
two-turn-nc-0.6nt-4t,HumanEval_103,3,True,19.18
two-turn-nc-0.6nt-4t,HumanEval_103,4,True,26.58
two-turn-nc-0.6nt-4t,HumanEval_104,0,True,0.66
two-turn-nc-0.6nt-4t,HumanEval_104,1,True,0.74
two-turn-nc-0.6nt-4t,HumanEval_104,2,True,13.73
two-turn-nc-0.6nt-4t,HumanEval_104,3,True,11.3
two-turn-nc-0.6nt-4t,HumanEval_104,4,True,11.7
two-turn-nc-0.6nt-4t,HumanEval_105,0,True,16.86
two-turn-nc-0.6nt-4t,HumanEval_105,1,True,61.02
two-turn-nc-0.6nt-4t,HumanEval_105,2,True,19.83
two-turn-nc-0.6nt-4t,HumanEval_105,3,True,1.61
two-turn-nc-0.6nt-4t,HumanEval_105,4,True,47.77
two-turn-nc-0.6nt-4t,HumanEval_106,0,True,15.5
two-turn-nc-0.6nt-4t,HumanEval_106,1,True,25.83
two-turn-nc-0.6nt-4t,HumanEval_106,2,True,11.67
two-turn-nc-0.6nt-4t,HumanEval_106,3,True,22.54
two-turn-nc-0.6nt-4t,HumanEval_106,4,True,21.86
two-turn-nc-0.6nt-4t,HumanEval_107,0,True,1.65
two-turn-nc-0.6nt-4t,HumanEval_107,1,True,0.96
two-turn-nc-0.6nt-4t,HumanEval_107,2,True,1.08
two-turn-nc-0.6nt-4t,HumanEval_107,3,True,14.02
two-turn-nc-0.6nt-4t,HumanEval_107,4,True,1.05
two-turn-nc-0.6nt-4t,HumanEval_108,0,True,21.2
two-turn-nc-0.6nt-4t,HumanEval_108,1,True,24.62
two-turn-nc-0.6nt-4t,HumanEval_108,2,True,31.41
two-turn-nc-0.6nt-4t,HumanEval_108,3,False,27.35
two-turn-nc-0.6nt-4t,HumanEval_108,4,True,37.93
two-turn-nc-0.6nt-4t,HumanEval_109,0,True,27.22
two-turn-nc-0.6nt-4t,HumanEval_109,1,True,65.86
two-turn-nc-0.6nt-4t,HumanEval_109,2,True,65.66
two-turn-nc-0.6nt-4t,HumanEval_109,3,True,1.32
two-turn-nc-0.6nt-4t,HumanEval_109,4,True,29.19
two-turn-nc-0.6nt-4t,HumanEval_11,0,True,10.81
two-turn-nc-0.6nt-4t,HumanEval_11,1,True,0.69
two-turn-nc-0.6nt-4t,HumanEval_11,2,True,31.11
two-turn-nc-0.6nt-4t,HumanEval_11,3,True,0.67
two-turn-nc-0.6nt-4t,HumanEval_11,4,True,19.32
two-turn-nc-0.6nt-4t,HumanEval_110,0,True,23.19
two-turn-nc-0.6nt-4t,HumanEval_110,1,True,18.35
two-turn-nc-0.6nt-4t,HumanEval_110,2,True,18.99
two-turn-nc-0.6nt-4t,HumanEval_110,3,True,20.33
two-turn-nc-0.6nt-4t,HumanEval_110,4,True,19.16
two-turn-nc-0.6nt-4t,HumanEval_111,0,True,27.57
two-turn-nc-0.6nt-4t,HumanEval_111,1,True,20.45
two-turn-nc-0.6nt-4t,HumanEval_111,2,True,21.65
two-turn-nc-0.6nt-4t,HumanEval_111,3,True,21.97
two-turn-nc-0.6nt-4t,HumanEval_111,4,True,19.69
two-turn-nc-0.6nt-4t,HumanEval_112,0,True,14.79
two-turn-nc-0.6nt-4t,HumanEval_112,1,True,13.57
two-turn-nc-0.6nt-4t,HumanEval_112,2,True,11.46
two-turn-nc-0.6nt-4t,HumanEval_112,3,True,14.92
two-turn-nc-0.6nt-4t,HumanEval_112,4,True,13.54
two-turn-nc-0.6nt-4t,HumanEval_113,0,False,25.86
two-turn-nc-0.6nt-4t,HumanEval_113,1,True,18.76
two-turn-nc-0.6nt-4t,HumanEval_113,2,True,19.93
two-turn-nc-0.6nt-4t,HumanEval_113,3,False,26.54
two-turn-nc-0.6nt-4t,HumanEval_113,4,True,22.61
two-turn-nc-0.6nt-4t,HumanEval_114,0,True,14.93
two-turn-nc-0.6nt-4t,HumanEval_114,1,True,16.67
two-turn-nc-0.6nt-4t,HumanEval_114,2,True,13.26
two-turn-nc-0.6nt-4t,HumanEval_114,3,True,0.77
two-turn-nc-0.6nt-4t,HumanEval_114,4,True,31.07
two-turn-nc-0.6nt-4t,HumanEval_115,0,True,11.87
two-turn-nc-0.6nt-4t,HumanEval_115,1,True,13.16
two-turn-nc-0.6nt-4t,HumanEval_115,2,True,30.82
two-turn-nc-0.6nt-4t,HumanEval_115,3,True,15.27
two-turn-nc-0.6nt-4t,HumanEval_115,4,True,17.86
two-turn-nc-0.6nt-4t,HumanEval_116,0,True,0.79
two-turn-nc-0.6nt-4t,HumanEval_116,1,True,0.78
two-turn-nc-0.6nt-4t,HumanEval_116,2,True,0.91
two-turn-nc-0.6nt-4t,HumanEval_116,3,True,0.91
two-turn-nc-0.6nt-4t,HumanEval_116,4,True,0.67
two-turn-nc-0.6nt-4t,HumanEval_117,0,True,21.22
two-turn-nc-0.6nt-4t,HumanEval_117,1,True,34.04
two-turn-nc-0.6nt-4t,HumanEval_117,2,True,23.66
two-turn-nc-0.6nt-4t,HumanEval_117,3,True,30.36
two-turn-nc-0.6nt-4t,HumanEval_117,4,True,31.37
two-turn-nc-0.6nt-4t,HumanEval_118,0,True,52.42
two-turn-nc-0.6nt-4t,HumanEval_118,1,True,52.73
two-turn-nc-0.6nt-4t,HumanEval_118,2,True,76.28
two-turn-nc-0.6nt-4t,HumanEval_118,3,True,58.38
two-turn-nc-0.6nt-4t,HumanEval_118,4,True,56.96
two-turn-nc-0.6nt-4t,HumanEval_119,0,True,60.19
two-turn-nc-0.6nt-4t,HumanEval_119,1,True,38.89
two-turn-nc-0.6nt-4t,HumanEval_119,2,True,0.98
two-turn-nc-0.6nt-4t,HumanEval_119,3,True,0.96
two-turn-nc-0.6nt-4t,HumanEval_119,4,True,1.0
two-turn-nc-0.6nt-4t,HumanEval_12,0,True,0.66
two-turn-nc-0.6nt-4t,HumanEval_12,1,True,0.66
two-turn-nc-0.6nt-4t,HumanEval_12,2,True,0.72
two-turn-nc-0.6nt-4t,HumanEval_12,3,True,0.75
two-turn-nc-0.6nt-4t,HumanEval_12,4,True,0.74
two-turn-nc-0.6nt-4t,HumanEval_120,0,True,21.89
two-turn-nc-0.6nt-4t,HumanEval_120,1,True,29.43
two-turn-nc-0.6nt-4t,HumanEval_120,2,True,22.12
two-turn-nc-0.6nt-4t,HumanEval_120,3,True,17.35
two-turn-nc-0.6nt-4t,HumanEval_120,4,True,22.42
two-turn-nc-0.6nt-4t,HumanEval_121,0,True,0.5
two-turn-nc-0.6nt-4t,HumanEval_121,1,True,0.49
two-turn-nc-0.6nt-4t,HumanEval_121,2,True,0.69
two-turn-nc-0.6nt-4t,HumanEval_121,3,True,0.7
two-turn-nc-0.6nt-4t,HumanEval_121,4,True,0.56
two-turn-nc-0.6nt-4t,HumanEval_122,0,True,0.7
two-turn-nc-0.6nt-4t,HumanEval_122,1,True,0.69
two-turn-nc-0.6nt-4t,HumanEval_122,2,True,0.75
two-turn-nc-0.6nt-4t,HumanEval_122,3,True,0.76
two-turn-nc-0.6nt-4t,HumanEval_122,4,True,0.6
two-turn-nc-0.6nt-4t,HumanEval_123,0,True,20.93
two-turn-nc-0.6nt-4t,HumanEval_123,1,True,21.36
two-turn-nc-0.6nt-4t,HumanEval_123,2,True,26.19
two-turn-nc-0.6nt-4t,HumanEval_123,3,True,22.19
two-turn-nc-0.6nt-4t,HumanEval_123,4,True,26.75
two-turn-nc-0.6nt-4t,HumanEval_124,0,True,24.66
two-turn-nc-0.6nt-4t,HumanEval_124,1,True,1.55
two-turn-nc-0.6nt-4t,HumanEval_124,2,True,21.12
two-turn-nc-0.6nt-4t,HumanEval_124,3,True,56.53
two-turn-nc-0.6nt-4t,HumanEval_124,4,True,40.94
two-turn-nc-0.6nt-4t,HumanEval_125,0,True,32.72
two-turn-nc-0.6nt-4t,HumanEval_125,1,True,18.16
two-turn-nc-0.6nt-4t,HumanEval_125,2,False,37.02
two-turn-nc-0.6nt-4t,HumanEval_125,3,True,26.68
two-turn-nc-0.6nt-4t,HumanEval_125,4,True,25.37
two-turn-nc-0.6nt-4t,HumanEval_126,0,False,129.81
two-turn-nc-0.6nt-4t,HumanEval_126,1,True,67.83
two-turn-nc-0.6nt-4t,HumanEval_126,2,False,550.39
two-turn-nc-0.6nt-4t,HumanEval_126,3,False,550.34
two-turn-nc-0.6nt-4t,HumanEval_126,4,False,116.74
two-turn-nc-0.6nt-4t,HumanEval_127,0,True,43.04
two-turn-nc-0.6nt-4t,HumanEval_127,1,True,28.44
two-turn-nc-0.6nt-4t,HumanEval_127,2,True,1.09
two-turn-nc-0.6nt-4t,HumanEval_127,3,True,1.34
two-turn-nc-0.6nt-4t,HumanEval_127,4,True,26.3
two-turn-nc-0.6nt-4t,HumanEval_128,0,True,17.69
two-turn-nc-0.6nt-4t,HumanEval_128,1,True,20.27
two-turn-nc-0.6nt-4t,HumanEval_128,2,True,17.13
two-turn-nc-0.6nt-4t,HumanEval_128,3,True,14.66
two-turn-nc-0.6nt-4t,HumanEval_128,4,True,18.55
two-turn-nc-0.6nt-4t,HumanEval_129,0,True,58.13
two-turn-nc-0.6nt-4t,HumanEval_129,1,True,98.81
two-turn-nc-0.6nt-4t,HumanEval_129,2,True,80.41
two-turn-nc-0.6nt-4t,HumanEval_129,3,True,256.91
two-turn-nc-0.6nt-4t,HumanEval_129,4,True,67.72
two-turn-nc-0.6nt-4t,HumanEval_13,0,True,0.54
two-turn-nc-0.6nt-4t,HumanEval_13,1,True,0.63
two-turn-nc-0.6nt-4t,HumanEval_13,2,True,0.61
two-turn-nc-0.6nt-4t,HumanEval_13,3,True,0.68
two-turn-nc-0.6nt-4t,HumanEval_13,4,True,0.64
two-turn-nc-0.6nt-4t,HumanEval_130,0,True,81.59
two-turn-nc-0.6nt-4t,HumanEval_130,1,True,59.12
two-turn-nc-0.6nt-4t,HumanEval_130,2,True,93.72
two-turn-nc-0.6nt-4t,HumanEval_130,3,True,169.16
two-turn-nc-0.6nt-4t,HumanEval_130,4,True,43.45
two-turn-nc-0.6nt-4t,HumanEval_131,0,True,9.22
two-turn-nc-0.6nt-4t,HumanEval_131,1,False,14.43
two-turn-nc-0.6nt-4t,HumanEval_131,2,True,10.14
two-turn-nc-0.6nt-4t,HumanEval_131,3,False,15.0
two-turn-nc-0.6nt-4t,HumanEval_131,4,True,10.44
two-turn-nc-0.6nt-4t,HumanEval_132,0,False,25.27
two-turn-nc-0.6nt-4t,HumanEval_132,1,False,119.4
two-turn-nc-0.6nt-4t,HumanEval_132,2,False,551.01
two-turn-nc-0.6nt-4t,HumanEval_132,3,False,33.12
two-turn-nc-0.6nt-4t,HumanEval_132,4,False,29.83
two-turn-nc-0.6nt-4t,HumanEval_133,0,True,26.93
two-turn-nc-0.6nt-4t,HumanEval_133,1,True,15.72
two-turn-nc-0.6nt-4t,HumanEval_133,2,True,30.62
two-turn-nc-0.6nt-4t,HumanEval_133,3,True,48.3
two-turn-nc-0.6nt-4t,HumanEval_133,4,True,31.11
two-turn-nc-0.6nt-4t,HumanEval_134,0,False,551.19
two-turn-nc-0.6nt-4t,HumanEval_134,1,False,164.95
two-turn-nc-0.6nt-4t,HumanEval_134,2,False,551.36
two-turn-nc-0.6nt-4t,HumanEval_134,3,False,126.02
two-turn-nc-0.6nt-4t,HumanEval_134,4,False,551.26
two-turn-nc-0.6nt-4t,HumanEval_135,0,True,11.84
two-turn-nc-0.6nt-4t,HumanEval_135,1,True,0.66
two-turn-nc-0.6nt-4t,HumanEval_135,2,True,13.53
two-turn-nc-0.6nt-4t,HumanEval_135,3,True,13.19
two-turn-nc-0.6nt-4t,HumanEval_135,4,True,0.75
two-turn-nc-0.6nt-4t,HumanEval_136,0,True,0.78
two-turn-nc-0.6nt-4t,HumanEval_136,1,True,0.74
two-turn-nc-0.6nt-4t,HumanEval_136,2,True,13.91
two-turn-nc-0.6nt-4t,HumanEval_136,3,True,11.74
two-turn-nc-0.6nt-4t,HumanEval_136,4,True,12.48
two-turn-nc-0.6nt-4t,HumanEval_137,0,True,29.88
two-turn-nc-0.6nt-4t,HumanEval_137,1,True,24.01
two-turn-nc-0.6nt-4t,HumanEval_137,2,True,24.66
two-turn-nc-0.6nt-4t,HumanEval_137,3,True,38.54
two-turn-nc-0.6nt-4t,HumanEval_137,4,True,14.27
two-turn-nc-0.6nt-4t,HumanEval_138,0,True,1.26
two-turn-nc-0.6nt-4t,HumanEval_138,1,True,0.82
two-turn-nc-0.6nt-4t,HumanEval_138,2,True,13.02
two-turn-nc-0.6nt-4t,HumanEval_138,3,True,18.6
two-turn-nc-0.6nt-4t,HumanEval_138,4,True,0.88
two-turn-nc-0.6nt-4t,HumanEval_139,0,True,11.87
two-turn-nc-0.6nt-4t,HumanEval_139,1,True,20.05
two-turn-nc-0.6nt-4t,HumanEval_139,2,True,16.46
two-turn-nc-0.6nt-4t,HumanEval_139,3,True,11.6
two-turn-nc-0.6nt-4t,HumanEval_139,4,True,13.43
two-turn-nc-0.6nt-4t,HumanEval_14,0,True,0.47
two-turn-nc-0.6nt-4t,HumanEval_14,1,True,9.22
two-turn-nc-0.6nt-4t,HumanEval_14,2,True,0.55
two-turn-nc-0.6nt-4t,HumanEval_14,3,True,8.98
two-turn-nc-0.6nt-4t,HumanEval_14,4,True,7.3
two-turn-nc-0.6nt-4t,HumanEval_140,0,True,44.98
two-turn-nc-0.6nt-4t,HumanEval_140,1,False,41.85
two-turn-nc-0.6nt-4t,HumanEval_140,2,False,13.13
two-turn-nc-0.6nt-4t,HumanEval_140,3,False,44.1
two-turn-nc-0.6nt-4t,HumanEval_140,4,True,38.95
two-turn-nc-0.6nt-4t,HumanEval_141,0,True,23.58
two-turn-nc-0.6nt-4t,HumanEval_141,1,True,25.48
two-turn-nc-0.6nt-4t,HumanEval_141,2,True,24.85
two-turn-nc-0.6nt-4t,HumanEval_141,3,True,22.71
two-turn-nc-0.6nt-4t,HumanEval_141,4,True,25.08
two-turn-nc-0.6nt-4t,HumanEval_142,0,True,77.6
two-turn-nc-0.6nt-4t,HumanEval_142,1,True,14.04
two-turn-nc-0.6nt-4t,HumanEval_142,2,True,13.4
two-turn-nc-0.6nt-4t,HumanEval_142,3,True,12.35
two-turn-nc-0.6nt-4t,HumanEval_142,4,True,32.15
two-turn-nc-0.6nt-4t,HumanEval_143,0,True,0.8
two-turn-nc-0.6nt-4t,HumanEval_143,1,True,0.87
two-turn-nc-0.6nt-4t,HumanEval_143,2,True,1.1
two-turn-nc-0.6nt-4t,HumanEval_143,3,True,0.81
two-turn-nc-0.6nt-4t,HumanEval_143,4,True,20.24
two-turn-nc-0.6nt-4t,HumanEval_144,0,True,18.74
two-turn-nc-0.6nt-4t,HumanEval_144,1,True,18.88
two-turn-nc-0.6nt-4t,HumanEval_144,2,True,18.48
two-turn-nc-0.6nt-4t,HumanEval_144,3,True,18.05
two-turn-nc-0.6nt-4t,HumanEval_144,4,True,21.48
two-turn-nc-0.6nt-4t,HumanEval_145,0,False,248.05
two-turn-nc-0.6nt-4t,HumanEval_145,1,False,189.79
two-turn-nc-0.6nt-4t,HumanEval_145,2,False,164.46
two-turn-nc-0.6nt-4t,HumanEval_145,3,False,158.0
two-turn-nc-0.6nt-4t,HumanEval_145,4,False,126.87
two-turn-nc-0.6nt-4t,HumanEval_146,0,True,21.99
two-turn-nc-0.6nt-4t,HumanEval_146,1,True,24.07
two-turn-nc-0.6nt-4t,HumanEval_146,2,True,1.06
two-turn-nc-0.6nt-4t,HumanEval_146,3,True,0.83
two-turn-nc-0.6nt-4t,HumanEval_146,4,True,0.91
two-turn-nc-0.6nt-4t,HumanEval_147,0,True,0.78
two-turn-nc-0.6nt-4t,HumanEval_147,1,True,0.97
two-turn-nc-0.6nt-4t,HumanEval_147,2,True,0.95
two-turn-nc-0.6nt-4t,HumanEval_147,3,True,48.2
two-turn-nc-0.6nt-4t,HumanEval_147,4,True,0.88
two-turn-nc-0.6nt-4t,HumanEval_148,0,True,25.26
two-turn-nc-0.6nt-4t,HumanEval_148,1,True,20.43
two-turn-nc-0.6nt-4t,HumanEval_148,2,True,45.46
two-turn-nc-0.6nt-4t,HumanEval_148,3,True,19.29
two-turn-nc-0.6nt-4t,HumanEval_148,4,True,20.04
two-turn-nc-0.6nt-4t,HumanEval_149,0,True,25.61
two-turn-nc-0.6nt-4t,HumanEval_149,1,True,18.84
two-turn-nc-0.6nt-4t,HumanEval_149,2,True,18.18
two-turn-nc-0.6nt-4t,HumanEval_149,3,True,18.19
two-turn-nc-0.6nt-4t,HumanEval_149,4,True,22.7
two-turn-nc-0.6nt-4t,HumanEval_15,0,True,0.58
two-turn-nc-0.6nt-4t,HumanEval_15,1,True,0.58
two-turn-nc-0.6nt-4t,HumanEval_15,2,True,0.57
two-turn-nc-0.6nt-4t,HumanEval_15,3,True,0.54
two-turn-nc-0.6nt-4t,HumanEval_15,4,True,0.64
two-turn-nc-0.6nt-4t,HumanEval_150,0,True,0.69
two-turn-nc-0.6nt-4t,HumanEval_150,1,True,0.84
two-turn-nc-0.6nt-4t,HumanEval_150,2,True,0.79
two-turn-nc-0.6nt-4t,HumanEval_150,3,True,0.77
two-turn-nc-0.6nt-4t,HumanEval_150,4,True,0.74
two-turn-nc-0.6nt-4t,HumanEval_151,0,True,0.68
two-turn-nc-0.6nt-4t,HumanEval_151,1,True,0.63
two-turn-nc-0.6nt-4t,HumanEval_151,2,True,0.77
two-turn-nc-0.6nt-4t,HumanEval_151,3,True,36.89
two-turn-nc-0.6nt-4t,HumanEval_151,4,True,55.18
two-turn-nc-0.6nt-4t,HumanEval_152,0,True,0.86
two-turn-nc-0.6nt-4t,HumanEval_152,1,True,0.93
two-turn-nc-0.6nt-4t,HumanEval_152,2,True,0.92
two-turn-nc-0.6nt-4t,HumanEval_152,3,True,0.97
two-turn-nc-0.6nt-4t,HumanEval_152,4,True,0.96
two-turn-nc-0.6nt-4t,HumanEval_153,0,True,17.98
two-turn-nc-0.6nt-4t,HumanEval_153,1,True,23.6
two-turn-nc-0.6nt-4t,HumanEval_153,2,True,20.99
two-turn-nc-0.6nt-4t,HumanEval_153,3,True,21.71
two-turn-nc-0.6nt-4t,HumanEval_153,4,True,24.95
two-turn-nc-0.6nt-4t,HumanEval_154,0,True,0.75
two-turn-nc-0.6nt-4t,HumanEval_154,1,True,28.35
two-turn-nc-0.6nt-4t,HumanEval_154,2,True,26.28
two-turn-nc-0.6nt-4t,HumanEval_154,3,True,0.84
two-turn-nc-0.6nt-4t,HumanEval_154,4,True,0.8
two-turn-nc-0.6nt-4t,HumanEval_155,0,True,9.02
two-turn-nc-0.6nt-4t,HumanEval_155,1,True,13.44
two-turn-nc-0.6nt-4t,HumanEval_155,2,True,11.76
two-turn-nc-0.6nt-4t,HumanEval_155,3,True,9.81
two-turn-nc-0.6nt-4t,HumanEval_155,4,True,10.65
two-turn-nc-0.6nt-4t,HumanEval_156,0,True,18.81
two-turn-nc-0.6nt-4t,HumanEval_156,1,True,16.49
two-turn-nc-0.6nt-4t,HumanEval_156,2,True,26.04
two-turn-nc-0.6nt-4t,HumanEval_156,3,True,0.97
two-turn-nc-0.6nt-4t,HumanEval_156,4,True,16.29
two-turn-nc-0.6nt-4t,HumanEval_157,0,True,0.94
two-turn-nc-0.6nt-4t,HumanEval_157,1,True,0.85
two-turn-nc-0.6nt-4t,HumanEval_157,2,True,13.97
two-turn-nc-0.6nt-4t,HumanEval_157,3,True,0.81
two-turn-nc-0.6nt-4t,HumanEval_157,4,True,0.95
two-turn-nc-0.6nt-4t,HumanEval_158,0,True,0.78
two-turn-nc-0.6nt-4t,HumanEval_158,1,True,28.3
two-turn-nc-0.6nt-4t,HumanEval_158,2,True,0.85
two-turn-nc-0.6nt-4t,HumanEval_158,3,True,0.74
two-turn-nc-0.6nt-4t,HumanEval_158,4,True,22.16
two-turn-nc-0.6nt-4t,HumanEval_159,0,True,17.99
two-turn-nc-0.6nt-4t,HumanEval_159,1,True,15.91
two-turn-nc-0.6nt-4t,HumanEval_159,2,True,16.25
two-turn-nc-0.6nt-4t,HumanEval_159,3,True,32.82
two-turn-nc-0.6nt-4t,HumanEval_159,4,True,14.6
two-turn-nc-0.6nt-4t,HumanEval_16,0,True,0.59
two-turn-nc-0.6nt-4t,HumanEval_16,1,True,0.58
two-turn-nc-0.6nt-4t,HumanEval_16,2,True,0.65
two-turn-nc-0.6nt-4t,HumanEval_16,3,True,0.65
two-turn-nc-0.6nt-4t,HumanEval_16,4,True,0.75
two-turn-nc-0.6nt-4t,HumanEval_160,0,True,19.93
two-turn-nc-0.6nt-4t,HumanEval_160,1,True,24.66
two-turn-nc-0.6nt-4t,HumanEval_160,2,True,16.81
two-turn-nc-0.6nt-4t,HumanEval_160,3,True,52.32
two-turn-nc-0.6nt-4t,HumanEval_160,4,True,20.75
two-turn-nc-0.6nt-4t,HumanEval_161,0,True,10.19
two-turn-nc-0.6nt-4t,HumanEval_161,1,True,15.49
two-turn-nc-0.6nt-4t,HumanEval_161,2,True,13.81
two-turn-nc-0.6nt-4t,HumanEval_161,3,True,14.03
two-turn-nc-0.6nt-4t,HumanEval_161,4,True,15.39
two-turn-nc-0.6nt-4t,HumanEval_162,0,True,8.89
two-turn-nc-0.6nt-4t,HumanEval_162,1,True,0.64
two-turn-nc-0.6nt-4t,HumanEval_162,2,True,11.08
two-turn-nc-0.6nt-4t,HumanEval_162,3,True,8.69
two-turn-nc-0.6nt-4t,HumanEval_162,4,True,0.65
two-turn-nc-0.6nt-4t,HumanEval_163,0,True,46.91
two-turn-nc-0.6nt-4t,HumanEval_163,1,False,71.78
two-turn-nc-0.6nt-4t,HumanEval_163,2,False,86.64
two-turn-nc-0.6nt-4t,HumanEval_163,3,False,88.4
two-turn-nc-0.6nt-4t,HumanEval_163,4,False,46.66
two-turn-nc-0.6nt-4t,HumanEval_17,0,True,15.47
two-turn-nc-0.6nt-4t,HumanEval_17,1,True,13.24
two-turn-nc-0.6nt-4t,HumanEval_17,2,True,12.15
two-turn-nc-0.6nt-4t,HumanEval_17,3,True,0.86
two-turn-nc-0.6nt-4t,HumanEval_17,4,True,13.77
two-turn-nc-0.6nt-4t,HumanEval_18,0,True,18.16
two-turn-nc-0.6nt-4t,HumanEval_18,1,True,0.64
two-turn-nc-0.6nt-4t,HumanEval_18,2,True,46.03
two-turn-nc-0.6nt-4t,HumanEval_18,3,True,28.33
two-turn-nc-0.6nt-4t,HumanEval_18,4,True,30.56
two-turn-nc-0.6nt-4t,HumanEval_19,0,True,17.22
two-turn-nc-0.6nt-4t,HumanEval_19,1,True,19.29
two-turn-nc-0.6nt-4t,HumanEval_19,2,True,20.39
two-turn-nc-0.6nt-4t,HumanEval_19,3,True,16.83
two-turn-nc-0.6nt-4t,HumanEval_19,4,True,22.77
two-turn-nc-0.6nt-4t,HumanEval_2,0,True,0.66
two-turn-nc-0.6nt-4t,HumanEval_2,1,True,0.56
two-turn-nc-0.6nt-4t,HumanEval_2,2,True,0.67
two-turn-nc-0.6nt-4t,HumanEval_2,3,True,0.61
two-turn-nc-0.6nt-4t,HumanEval_2,4,True,0.7
two-turn-nc-0.6nt-4t,HumanEval_20,0,True,22.29
two-turn-nc-0.6nt-4t,HumanEval_20,1,True,35.87
two-turn-nc-0.6nt-4t,HumanEval_20,2,True,30.15
two-turn-nc-0.6nt-4t,HumanEval_20,3,True,36.64
two-turn-nc-0.6nt-4t,HumanEval_20,4,True,34.5
two-turn-nc-0.6nt-4t,HumanEval_21,0,True,10.27
two-turn-nc-0.6nt-4t,HumanEval_21,1,True,14.58
two-turn-nc-0.6nt-4t,HumanEval_21,2,True,12.0
two-turn-nc-0.6nt-4t,HumanEval_21,3,True,16.75
two-turn-nc-0.6nt-4t,HumanEval_21,4,True,14.68
two-turn-nc-0.6nt-4t,HumanEval_22,0,True,0.61
two-turn-nc-0.6nt-4t,HumanEval_22,1,True,0.46
two-turn-nc-0.6nt-4t,HumanEval_22,2,True,0.51
two-turn-nc-0.6nt-4t,HumanEval_22,3,True,0.53
two-turn-nc-0.6nt-4t,HumanEval_22,4,True,0.5
two-turn-nc-0.6nt-4t,HumanEval_23,0,True,0.4
two-turn-nc-0.6nt-4t,HumanEval_23,1,True,0.4
two-turn-nc-0.6nt-4t,HumanEval_23,2,True,0.46
two-turn-nc-0.6nt-4t,HumanEval_23,3,True,0.43
two-turn-nc-0.6nt-4t,HumanEval_23,4,True,0.46
two-turn-nc-0.6nt-4t,HumanEval_24,0,True,25.78
two-turn-nc-0.6nt-4t,HumanEval_24,1,True,21.67
two-turn-nc-0.6nt-4t,HumanEval_24,2,True,26.67
two-turn-nc-0.6nt-4t,HumanEval_24,3,True,29.02
two-turn-nc-0.6nt-4t,HumanEval_24,4,True,24.41
two-turn-nc-0.6nt-4t,HumanEval_25,0,True,25.31
two-turn-nc-0.6nt-4t,HumanEval_25,1,True,20.74
two-turn-nc-0.6nt-4t,HumanEval_25,2,True,25.82
two-turn-nc-0.6nt-4t,HumanEval_25,3,True,22.55
two-turn-nc-0.6nt-4t,HumanEval_25,4,True,25.7
two-turn-nc-0.6nt-4t,HumanEval_26,0,True,12.37
two-turn-nc-0.6nt-4t,HumanEval_26,1,True,25.15
two-turn-nc-0.6nt-4t,HumanEval_26,2,True,12.0
two-turn-nc-0.6nt-4t,HumanEval_26,3,True,35.96
two-turn-nc-0.6nt-4t,HumanEval_26,4,True,65.06
two-turn-nc-0.6nt-4t,HumanEval_27,0,True,4.64
two-turn-nc-0.6nt-4t,HumanEval_27,1,True,0.97
two-turn-nc-0.6nt-4t,HumanEval_27,2,True,0.56
two-turn-nc-0.6nt-4t,HumanEval_27,3,True,0.53
two-turn-nc-0.6nt-4t,HumanEval_27,4,True,0.59
two-turn-nc-0.6nt-4t,HumanEval_28,0,True,0.49
two-turn-nc-0.6nt-4t,HumanEval_28,1,True,0.47
two-turn-nc-0.6nt-4t,HumanEval_28,2,True,0.81
two-turn-nc-0.6nt-4t,HumanEval_28,3,True,0.55
two-turn-nc-0.6nt-4t,HumanEval_28,4,True,0.55
two-turn-nc-0.6nt-4t,HumanEval_29,0,True,0.59
two-turn-nc-0.6nt-4t,HumanEval_29,1,True,0.61
two-turn-nc-0.6nt-4t,HumanEval_29,2,True,0.73
two-turn-nc-0.6nt-4t,HumanEval_29,3,True,0.67
two-turn-nc-0.6nt-4t,HumanEval_29,4,True,0.68
two-turn-nc-0.6nt-4t,HumanEval_3,0,True,0.68
two-turn-nc-0.6nt-4t,HumanEval_3,1,True,0.63
two-turn-nc-0.6nt-4t,HumanEval_3,2,True,7.08
two-turn-nc-0.6nt-4t,HumanEval_3,3,True,8.09
two-turn-nc-0.6nt-4t,HumanEval_3,4,True,9.16
two-turn-nc-0.6nt-4t,HumanEval_30,0,True,0.61
two-turn-nc-0.6nt-4t,HumanEval_30,1,True,0.62
two-turn-nc-0.6nt-4t,HumanEval_30,2,True,0.67
two-turn-nc-0.6nt-4t,HumanEval_30,3,True,0.66
two-turn-nc-0.6nt-4t,HumanEval_30,4,True,0.66
two-turn-nc-0.6nt-4t,HumanEval_31,0,True,32.66
two-turn-nc-0.6nt-4t,HumanEval_31,1,True,0.56
two-turn-nc-0.6nt-4t,HumanEval_31,2,True,0.72
two-turn-nc-0.6nt-4t,HumanEval_31,3,True,17.71
two-turn-nc-0.6nt-4t,HumanEval_31,4,True,0.67
two-turn-nc-0.6nt-4t,HumanEval_32,0,False,550.23
two-turn-nc-0.6nt-4t,HumanEval_32,1,False,550.39
two-turn-nc-0.6nt-4t,HumanEval_32,2,False,550.31
two-turn-nc-0.6nt-4t,HumanEval_32,3,False,208.49
two-turn-nc-0.6nt-4t,HumanEval_32,4,False,550.25
two-turn-nc-0.6nt-4t,HumanEval_33,0,True,25.66
two-turn-nc-0.6nt-4t,HumanEval_33,1,True,24.16
two-turn-nc-0.6nt-4t,HumanEval_33,2,True,32.21
two-turn-nc-0.6nt-4t,HumanEval_33,3,True,23.46
two-turn-nc-0.6nt-4t,HumanEval_33,4,True,29.47
two-turn-nc-0.6nt-4t,HumanEval_34,0,True,0.52
two-turn-nc-0.6nt-4t,HumanEval_34,1,True,0.49
two-turn-nc-0.6nt-4t,HumanEval_34,2,True,0.62
two-turn-nc-0.6nt-4t,HumanEval_34,3,True,0.55
two-turn-nc-0.6nt-4t,HumanEval_34,4,True,0.57
two-turn-nc-0.6nt-4t,HumanEval_35,0,True,0.52
two-turn-nc-0.6nt-4t,HumanEval_35,1,True,0.52
two-turn-nc-0.6nt-4t,HumanEval_35,2,True,0.56
two-turn-nc-0.6nt-4t,HumanEval_35,3,True,0.55
two-turn-nc-0.6nt-4t,HumanEval_35,4,True,0.59
two-turn-nc-0.6nt-4t,HumanEval_36,0,True,53.42
two-turn-nc-0.6nt-4t,HumanEval_36,1,True,0.59
two-turn-nc-0.6nt-4t,HumanEval_36,2,True,18.81
two-turn-nc-0.6nt-4t,HumanEval_36,3,True,25.02
two-turn-nc-0.6nt-4t,HumanEval_36,4,True,20.39
two-turn-nc-0.6nt-4t,HumanEval_37,0,True,25.93
two-turn-nc-0.6nt-4t,HumanEval_37,1,True,28.0
two-turn-nc-0.6nt-4t,HumanEval_37,2,True,15.56
two-turn-nc-0.6nt-4t,HumanEval_37,3,True,18.63
two-turn-nc-0.6nt-4t,HumanEval_37,4,True,22.99
two-turn-nc-0.6nt-4t,HumanEval_38,0,True,0.95
two-turn-nc-0.6nt-4t,HumanEval_38,1,False,19.64
two-turn-nc-0.6nt-4t,HumanEval_38,2,False,32.72
two-turn-nc-0.6nt-4t,HumanEval_38,3,False,18.32
two-turn-nc-0.6nt-4t,HumanEval_38,4,False,15.92
two-turn-nc-0.6nt-4t,HumanEval_39,0,True,56.58
two-turn-nc-0.6nt-4t,HumanEval_39,1,True,43.73
two-turn-nc-0.6nt-4t,HumanEval_39,2,True,43.75
two-turn-nc-0.6nt-4t,HumanEval_39,3,True,35.53
two-turn-nc-0.6nt-4t,HumanEval_39,4,True,36.13
two-turn-nc-0.6nt-4t,HumanEval_4,0,True,0.79
two-turn-nc-0.6nt-4t,HumanEval_4,1,True,11.28
two-turn-nc-0.6nt-4t,HumanEval_4,2,True,0.78
two-turn-nc-0.6nt-4t,HumanEval_4,3,True,0.7
two-turn-nc-0.6nt-4t,HumanEval_4,4,True,0.81
two-turn-nc-0.6nt-4t,HumanEval_40,0,True,0.87
two-turn-nc-0.6nt-4t,HumanEval_40,1,True,43.47
two-turn-nc-0.6nt-4t,HumanEval_40,2,True,0.89
two-turn-nc-0.6nt-4t,HumanEval_40,3,True,68.28
two-turn-nc-0.6nt-4t,HumanEval_40,4,True,1.08
two-turn-nc-0.6nt-4t,HumanEval_41,0,True,6.83
two-turn-nc-0.6nt-4t,HumanEval_41,1,True,8.63
two-turn-nc-0.6nt-4t,HumanEval_41,2,True,7.88
two-turn-nc-0.6nt-4t,HumanEval_41,3,True,9.49
two-turn-nc-0.6nt-4t,HumanEval_41,4,True,8.63
two-turn-nc-0.6nt-4t,HumanEval_42,0,True,0.4
two-turn-nc-0.6nt-4t,HumanEval_42,1,True,0.69
two-turn-nc-0.6nt-4t,HumanEval_42,2,True,0.66
two-turn-nc-0.6nt-4t,HumanEval_42,3,True,0.62
two-turn-nc-0.6nt-4t,HumanEval_42,4,True,0.45
two-turn-nc-0.6nt-4t,HumanEval_43,0,True,0.65
two-turn-nc-0.6nt-4t,HumanEval_43,1,True,55.25
two-turn-nc-0.6nt-4t,HumanEval_43,2,True,26.19
two-turn-nc-0.6nt-4t,HumanEval_43,3,True,0.67
two-turn-nc-0.6nt-4t,HumanEval_43,4,True,32.95
two-turn-nc-0.6nt-4t,HumanEval_44,0,True,0.64
two-turn-nc-0.6nt-4t,HumanEval_44,1,True,0.75
two-turn-nc-0.6nt-4t,HumanEval_44,2,True,0.72
two-turn-nc-0.6nt-4t,HumanEval_44,3,True,21.35
two-turn-nc-0.6nt-4t,HumanEval_44,4,True,0.77
two-turn-nc-0.6nt-4t,HumanEval_45,0,True,0.43
two-turn-nc-0.6nt-4t,HumanEval_45,1,True,0.42
two-turn-nc-0.6nt-4t,HumanEval_45,2,True,0.55
two-turn-nc-0.6nt-4t,HumanEval_45,3,True,0.53
two-turn-nc-0.6nt-4t,HumanEval_45,4,True,0.47
two-turn-nc-0.6nt-4t,HumanEval_46,0,True,31.88
two-turn-nc-0.6nt-4t,HumanEval_46,1,True,0.92
two-turn-nc-0.6nt-4t,HumanEval_46,2,True,51.61
two-turn-nc-0.6nt-4t,HumanEval_46,3,True,56.84
two-turn-nc-0.6nt-4t,HumanEval_46,4,True,66.01
two-turn-nc-0.6nt-4t,HumanEval_47,0,True,0.64
two-turn-nc-0.6nt-4t,HumanEval_47,1,True,0.64
two-turn-nc-0.6nt-4t,HumanEval_47,2,True,0.77
two-turn-nc-0.6nt-4t,HumanEval_47,3,True,0.71
two-turn-nc-0.6nt-4t,HumanEval_47,4,True,0.68
two-turn-nc-0.6nt-4t,HumanEval_48,0,True,0.51
two-turn-nc-0.6nt-4t,HumanEval_48,1,True,0.58
two-turn-nc-0.6nt-4t,HumanEval_48,2,True,0.58
two-turn-nc-0.6nt-4t,HumanEval_48,3,True,0.59
two-turn-nc-0.6nt-4t,HumanEval_48,4,True,0.43
two-turn-nc-0.6nt-4t,HumanEval_49,0,True,0.62
two-turn-nc-0.6nt-4t,HumanEval_49,1,True,0.57
two-turn-nc-0.6nt-4t,HumanEval_49,2,True,0.66
two-turn-nc-0.6nt-4t,HumanEval_49,3,True,0.65
two-turn-nc-0.6nt-4t,HumanEval_49,4,True,0.49
two-turn-nc-0.6nt-4t,HumanEval_5,0,True,11.62
two-turn-nc-0.6nt-4t,HumanEval_5,1,True,0.6
two-turn-nc-0.6nt-4t,HumanEval_5,2,True,11.88
two-turn-nc-0.6nt-4t,HumanEval_5,3,True,0.56
two-turn-nc-0.6nt-4t,HumanEval_5,4,True,0.58
two-turn-nc-0.6nt-4t,HumanEval_50,0,True,0.6
two-turn-nc-0.6nt-4t,HumanEval_50,1,True,0.57
two-turn-nc-0.6nt-4t,HumanEval_50,2,False,18.51
two-turn-nc-0.6nt-4t,HumanEval_50,3,True,0.63
two-turn-nc-0.6nt-4t,HumanEval_50,4,True,0.57
two-turn-nc-0.6nt-4t,HumanEval_51,0,True,13.24
two-turn-nc-0.6nt-4t,HumanEval_51,1,True,13.75
two-turn-nc-0.6nt-4t,HumanEval_51,2,True,14.54
two-turn-nc-0.6nt-4t,HumanEval_51,3,True,14.02
two-turn-nc-0.6nt-4t,HumanEval_51,4,True,0.73
two-turn-nc-0.6nt-4t,HumanEval_52,0,True,0.59
two-turn-nc-0.6nt-4t,HumanEval_52,1,True,0.43
two-turn-nc-0.6nt-4t,HumanEval_52,2,True,0.61
two-turn-nc-0.6nt-4t,HumanEval_52,3,True,0.52
two-turn-nc-0.6nt-4t,HumanEval_52,4,True,0.86
two-turn-nc-0.6nt-4t,HumanEval_53,0,True,0.43
two-turn-nc-0.6nt-4t,HumanEval_53,1,True,0.44
two-turn-nc-0.6nt-4t,HumanEval_53,2,True,0.55
two-turn-nc-0.6nt-4t,HumanEval_53,3,True,0.59
two-turn-nc-0.6nt-4t,HumanEval_53,4,True,0.51
two-turn-nc-0.6nt-4t,HumanEval_54,0,True,15.68
two-turn-nc-0.6nt-4t,HumanEval_54,1,True,14.87
two-turn-nc-0.6nt-4t,HumanEval_54,2,True,0.55
two-turn-nc-0.6nt-4t,HumanEval_54,3,True,19.43
two-turn-nc-0.6nt-4t,HumanEval_54,4,True,25.56
two-turn-nc-0.6nt-4t,HumanEval_55,0,True,0.57
two-turn-nc-0.6nt-4t,HumanEval_55,1,True,0.52
two-turn-nc-0.6nt-4t,HumanEval_55,2,True,0.56
two-turn-nc-0.6nt-4t,HumanEval_55,3,True,0.58
two-turn-nc-0.6nt-4t,HumanEval_55,4,True,0.61
two-turn-nc-0.6nt-4t,HumanEval_56,0,True,10.88
two-turn-nc-0.6nt-4t,HumanEval_56,1,True,0.64
two-turn-nc-0.6nt-4t,HumanEval_56,2,True,9.99
two-turn-nc-0.6nt-4t,HumanEval_56,3,True,11.49
two-turn-nc-0.6nt-4t,HumanEval_56,4,True,11.62
two-turn-nc-0.6nt-4t,HumanEval_57,0,True,12.42
two-turn-nc-0.6nt-4t,HumanEval_57,1,True,17.49
two-turn-nc-0.6nt-4t,HumanEval_57,2,True,19.38
two-turn-nc-0.6nt-4t,HumanEval_57,3,True,11.55
two-turn-nc-0.6nt-4t,HumanEval_57,4,True,0.87
two-turn-nc-0.6nt-4t,HumanEval_58,0,True,0.67
two-turn-nc-0.6nt-4t,HumanEval_58,1,True,0.77
two-turn-nc-0.6nt-4t,HumanEval_58,2,True,0.83
two-turn-nc-0.6nt-4t,HumanEval_58,3,True,0.82
two-turn-nc-0.6nt-4t,HumanEval_58,4,True,0.82
two-turn-nc-0.6nt-4t,HumanEval_59,0,True,24.51
two-turn-nc-0.6nt-4t,HumanEval_59,1,True,36.71
two-turn-nc-0.6nt-4t,HumanEval_59,2,True,21.36
two-turn-nc-0.6nt-4t,HumanEval_59,3,True,35.91
two-turn-nc-0.6nt-4t,HumanEval_59,4,True,29.56
two-turn-nc-0.6nt-4t,HumanEval_6,0,True,16.03
two-turn-nc-0.6nt-4t,HumanEval_6,1,True,14.19
two-turn-nc-0.6nt-4t,HumanEval_6,2,True,18.91
two-turn-nc-0.6nt-4t,HumanEval_6,3,True,13.4
two-turn-nc-0.6nt-4t,HumanEval_6,4,True,20.44
two-turn-nc-0.6nt-4t,HumanEval_60,0,True,0.64
two-turn-nc-0.6nt-4t,HumanEval_60,1,True,0.59
two-turn-nc-0.6nt-4t,HumanEval_60,2,True,0.64
two-turn-nc-0.6nt-4t,HumanEval_60,3,True,0.64
two-turn-nc-0.6nt-4t,HumanEval_60,4,True,0.63
two-turn-nc-0.6nt-4t,HumanEval_61,0,True,0.62
two-turn-nc-0.6nt-4t,HumanEval_61,1,True,0.73
two-turn-nc-0.6nt-4t,HumanEval_61,2,True,0.74
two-turn-nc-0.6nt-4t,HumanEval_61,3,True,14.09
two-turn-nc-0.6nt-4t,HumanEval_61,4,True,11.36
two-turn-nc-0.6nt-4t,HumanEval_62,0,False,30.3
two-turn-nc-0.6nt-4t,HumanEval_62,1,False,26.64
two-turn-nc-0.6nt-4t,HumanEval_62,2,True,17.97
two-turn-nc-0.6nt-4t,HumanEval_62,3,False,38.05
two-turn-nc-0.6nt-4t,HumanEval_62,4,True,0.7
two-turn-nc-0.6nt-4t,HumanEval_63,0,True,26.57
two-turn-nc-0.6nt-4t,HumanEval_63,1,True,0.9
two-turn-nc-0.6nt-4t,HumanEval_63,2,True,0.94
two-turn-nc-0.6nt-4t,HumanEval_63,3,True,20.45
two-turn-nc-0.6nt-4t,HumanEval_63,4,True,20.3
two-turn-nc-0.6nt-4t,HumanEval_64,0,True,18.51
two-turn-nc-0.6nt-4t,HumanEval_64,1,True,20.3
two-turn-nc-0.6nt-4t,HumanEval_64,2,True,30.18
two-turn-nc-0.6nt-4t,HumanEval_64,3,True,47.56
two-turn-nc-0.6nt-4t,HumanEval_64,4,True,17.46
two-turn-nc-0.6nt-4t,HumanEval_65,0,True,0.64
two-turn-nc-0.6nt-4t,HumanEval_65,1,True,14.03
two-turn-nc-0.6nt-4t,HumanEval_65,2,True,38.84
two-turn-nc-0.6nt-4t,HumanEval_65,3,True,22.01
two-turn-nc-0.6nt-4t,HumanEval_65,4,True,17.51
two-turn-nc-0.6nt-4t,HumanEval_66,0,True,0.63
two-turn-nc-0.6nt-4t,HumanEval_66,1,True,0.63
two-turn-nc-0.6nt-4t,HumanEval_66,2,True,0.74
two-turn-nc-0.6nt-4t,HumanEval_66,3,True,0.71
two-turn-nc-0.6nt-4t,HumanEval_66,4,True,0.72
two-turn-nc-0.6nt-4t,HumanEval_67,0,True,11.22
two-turn-nc-0.6nt-4t,HumanEval_67,1,True,12.72
two-turn-nc-0.6nt-4t,HumanEval_67,2,True,10.61
two-turn-nc-0.6nt-4t,HumanEval_67,3,True,8.74
two-turn-nc-0.6nt-4t,HumanEval_67,4,True,10.2
two-turn-nc-0.6nt-4t,HumanEval_68,0,True,19.4
two-turn-nc-0.6nt-4t,HumanEval_68,1,True,22.64
two-turn-nc-0.6nt-4t,HumanEval_68,2,True,1.31
two-turn-nc-0.6nt-4t,HumanEval_68,3,True,22.94
two-turn-nc-0.6nt-4t,HumanEval_68,4,True,33.96
two-turn-nc-0.6nt-4t,HumanEval_69,0,True,15.16
two-turn-nc-0.6nt-4t,HumanEval_69,1,True,13.44
two-turn-nc-0.6nt-4t,HumanEval_69,2,True,14.63
two-turn-nc-0.6nt-4t,HumanEval_69,3,True,12.27
two-turn-nc-0.6nt-4t,HumanEval_69,4,True,1.0
two-turn-nc-0.6nt-4t,HumanEval_7,0,True,0.63
two-turn-nc-0.6nt-4t,HumanEval_7,1,True,0.62
two-turn-nc-0.6nt-4t,HumanEval_7,2,True,0.5
two-turn-nc-0.6nt-4t,HumanEval_7,3,True,0.64
two-turn-nc-0.6nt-4t,HumanEval_7,4,True,0.53
two-turn-nc-0.6nt-4t,HumanEval_70,0,True,79.3
two-turn-nc-0.6nt-4t,HumanEval_70,1,True,19.63
two-turn-nc-0.6nt-4t,HumanEval_70,2,True,81.13
two-turn-nc-0.6nt-4t,HumanEval_70,3,True,24.35
two-turn-nc-0.6nt-4t,HumanEval_70,4,True,18.52
two-turn-nc-0.6nt-4t,HumanEval_71,0,True,26.02
two-turn-nc-0.6nt-4t,HumanEval_71,1,True,35.31
two-turn-nc-0.6nt-4t,HumanEval_71,2,True,41.7
two-turn-nc-0.6nt-4t,HumanEval_71,3,True,34.73
two-turn-nc-0.6nt-4t,HumanEval_71,4,True,46.72
two-turn-nc-0.6nt-4t,HumanEval_72,0,True,0.69
two-turn-nc-0.6nt-4t,HumanEval_72,1,True,0.69
two-turn-nc-0.6nt-4t,HumanEval_72,2,True,0.99
two-turn-nc-0.6nt-4t,HumanEval_72,3,True,0.8
two-turn-nc-0.6nt-4t,HumanEval_72,4,True,1.03
two-turn-nc-0.6nt-4t,HumanEval_73,0,True,0.79
two-turn-nc-0.6nt-4t,HumanEval_73,1,True,15.71
two-turn-nc-0.6nt-4t,HumanEval_73,2,True,0.72
two-turn-nc-0.6nt-4t,HumanEval_73,3,True,14.17
two-turn-nc-0.6nt-4t,HumanEval_73,4,True,17.62
two-turn-nc-0.6nt-4t,HumanEval_74,0,True,0.9
two-turn-nc-0.6nt-4t,HumanEval_74,1,True,0.97
two-turn-nc-0.6nt-4t,HumanEval_74,2,True,1.05
two-turn-nc-0.6nt-4t,HumanEval_74,3,True,12.12
two-turn-nc-0.6nt-4t,HumanEval_74,4,True,1.01
two-turn-nc-0.6nt-4t,HumanEval_75,0,True,25.98
two-turn-nc-0.6nt-4t,HumanEval_75,1,True,33.49
two-turn-nc-0.6nt-4t,HumanEval_75,2,True,30.33
two-turn-nc-0.6nt-4t,HumanEval_75,3,True,26.32
two-turn-nc-0.6nt-4t,HumanEval_75,4,True,34.58
two-turn-nc-0.6nt-4t,HumanEval_76,0,True,56.74
two-turn-nc-0.6nt-4t,HumanEval_76,1,True,66.27
two-turn-nc-0.6nt-4t,HumanEval_76,2,True,92.46
two-turn-nc-0.6nt-4t,HumanEval_76,3,True,74.32
two-turn-nc-0.6nt-4t,HumanEval_76,4,True,83.85
two-turn-nc-0.6nt-4t,HumanEval_77,0,True,53.95
two-turn-nc-0.6nt-4t,HumanEval_77,1,True,248.6
two-turn-nc-0.6nt-4t,HumanEval_77,2,True,74.5
two-turn-nc-0.6nt-4t,HumanEval_77,3,True,62.74
two-turn-nc-0.6nt-4t,HumanEval_77,4,True,76.16
two-turn-nc-0.6nt-4t,HumanEval_78,0,True,1.21
two-turn-nc-0.6nt-4t,HumanEval_78,1,True,1.5
two-turn-nc-0.6nt-4t,HumanEval_78,2,True,9.44
two-turn-nc-0.6nt-4t,HumanEval_78,3,True,9.29
two-turn-nc-0.6nt-4t,HumanEval_78,4,True,1.33
two-turn-nc-0.6nt-4t,HumanEval_79,0,True,0.71
two-turn-nc-0.6nt-4t,HumanEval_79,1,True,0.69
two-turn-nc-0.6nt-4t,HumanEval_79,2,True,6.47
two-turn-nc-0.6nt-4t,HumanEval_79,3,True,11.57
two-turn-nc-0.6nt-4t,HumanEval_79,4,True,7.38
two-turn-nc-0.6nt-4t,HumanEval_8,0,True,0.68
two-turn-nc-0.6nt-4t,HumanEval_8,1,True,0.58
two-turn-nc-0.6nt-4t,HumanEval_8,2,True,0.72
two-turn-nc-0.6nt-4t,HumanEval_8,3,True,0.75
two-turn-nc-0.6nt-4t,HumanEval_8,4,True,0.73
two-turn-nc-0.6nt-4t,HumanEval_80,0,True,0.87
two-turn-nc-0.6nt-4t,HumanEval_80,1,True,15.26
two-turn-nc-0.6nt-4t,HumanEval_80,2,True,13.29
two-turn-nc-0.6nt-4t,HumanEval_80,3,True,0.85
two-turn-nc-0.6nt-4t,HumanEval_80,4,True,14.59
two-turn-nc-0.6nt-4t,HumanEval_81,0,True,47.87
two-turn-nc-0.6nt-4t,HumanEval_81,1,True,70.16
two-turn-nc-0.6nt-4t,HumanEval_81,2,False,135.65
two-turn-nc-0.6nt-4t,HumanEval_81,3,True,31.2
two-turn-nc-0.6nt-4t,HumanEval_81,4,True,33.8
two-turn-nc-0.6nt-4t,HumanEval_82,0,True,12.67
two-turn-nc-0.6nt-4t,HumanEval_82,1,True,0.84
two-turn-nc-0.6nt-4t,HumanEval_82,2,True,12.29
two-turn-nc-0.6nt-4t,HumanEval_82,3,True,0.68
two-turn-nc-0.6nt-4t,HumanEval_82,4,True,0.7
two-turn-nc-0.6nt-4t,HumanEval_83,0,True,28.53
two-turn-nc-0.6nt-4t,HumanEval_83,1,True,22.71
two-turn-nc-0.6nt-4t,HumanEval_83,2,True,34.13
two-turn-nc-0.6nt-4t,HumanEval_83,3,True,27.86
two-turn-nc-0.6nt-4t,HumanEval_83,4,True,32.93
two-turn-nc-0.6nt-4t,HumanEval_84,0,True,12.85
two-turn-nc-0.6nt-4t,HumanEval_84,1,True,12.13
two-turn-nc-0.6nt-4t,HumanEval_84,2,True,10.84
two-turn-nc-0.6nt-4t,HumanEval_84,3,True,9.72
two-turn-nc-0.6nt-4t,HumanEval_84,4,True,11.21
two-turn-nc-0.6nt-4t,HumanEval_85,0,True,9.03
two-turn-nc-0.6nt-4t,HumanEval_85,1,True,8.93
two-turn-nc-0.6nt-4t,HumanEval_85,2,True,9.05
two-turn-nc-0.6nt-4t,HumanEval_85,3,True,9.41
two-turn-nc-0.6nt-4t,HumanEval_85,4,True,7.71
two-turn-nc-0.6nt-4t,HumanEval_86,0,True,41.86
two-turn-nc-0.6nt-4t,HumanEval_86,1,True,50.13
two-turn-nc-0.6nt-4t,HumanEval_86,2,True,34.3
two-turn-nc-0.6nt-4t,HumanEval_86,3,True,38.21
two-turn-nc-0.6nt-4t,HumanEval_86,4,True,37.95
two-turn-nc-0.6nt-4t,HumanEval_87,0,True,20.21
two-turn-nc-0.6nt-4t,HumanEval_87,1,True,26.36
two-turn-nc-0.6nt-4t,HumanEval_87,2,True,19.27
two-turn-nc-0.6nt-4t,HumanEval_87,3,True,1.14
two-turn-nc-0.6nt-4t,HumanEval_87,4,True,26.87
two-turn-nc-0.6nt-4t,HumanEval_88,0,True,20.18
two-turn-nc-0.6nt-4t,HumanEval_88,1,True,22.0
two-turn-nc-0.6nt-4t,HumanEval_88,2,True,19.9
two-turn-nc-0.6nt-4t,HumanEval_88,3,True,22.75
two-turn-nc-0.6nt-4t,HumanEval_88,4,True,22.23
two-turn-nc-0.6nt-4t,HumanEval_89,0,True,24.24
two-turn-nc-0.6nt-4t,HumanEval_89,1,True,26.75
two-turn-nc-0.6nt-4t,HumanEval_89,2,True,22.37
two-turn-nc-0.6nt-4t,HumanEval_89,3,True,26.65
two-turn-nc-0.6nt-4t,HumanEval_89,4,True,21.08
two-turn-nc-0.6nt-4t,HumanEval_9,0,True,0.6
two-turn-nc-0.6nt-4t,HumanEval_9,1,True,12.43
two-turn-nc-0.6nt-4t,HumanEval_9,2,True,0.73
two-turn-nc-0.6nt-4t,HumanEval_9,3,True,11.89
two-turn-nc-0.6nt-4t,HumanEval_9,4,True,12.21
two-turn-nc-0.6nt-4t,HumanEval_90,0,True,41.4
two-turn-nc-0.6nt-4t,HumanEval_90,1,True,40.71
two-turn-nc-0.6nt-4t,HumanEval_90,2,True,68.08
two-turn-nc-0.6nt-4t,HumanEval_90,3,True,57.01
two-turn-nc-0.6nt-4t,HumanEval_90,4,True,23.91
two-turn-nc-0.6nt-4t,HumanEval_91,0,False,37.96
two-turn-nc-0.6nt-4t,HumanEval_91,1,False,51.43
two-turn-nc-0.6nt-4t,HumanEval_91,2,False,40.46
two-turn-nc-0.6nt-4t,HumanEval_91,3,False,48.95
two-turn-nc-0.6nt-4t,HumanEval_91,4,False,59.96
two-turn-nc-0.6nt-4t,HumanEval_92,0,True,0.79
two-turn-nc-0.6nt-4t,HumanEval_92,1,True,21.92
two-turn-nc-0.6nt-4t,HumanEval_92,2,True,0.87
two-turn-nc-0.6nt-4t,HumanEval_92,3,True,19.79
two-turn-nc-0.6nt-4t,HumanEval_92,4,True,0.86
two-turn-nc-0.6nt-4t,HumanEval_93,0,True,58.33
two-turn-nc-0.6nt-4t,HumanEval_93,1,True,50.8
two-turn-nc-0.6nt-4t,HumanEval_93,2,True,46.76
two-turn-nc-0.6nt-4t,HumanEval_93,3,True,46.99
two-turn-nc-0.6nt-4t,HumanEval_93,4,True,76.24
two-turn-nc-0.6nt-4t,HumanEval_94,0,True,25.93
two-turn-nc-0.6nt-4t,HumanEval_94,1,True,36.31
two-turn-nc-0.6nt-4t,HumanEval_94,2,True,26.26
two-turn-nc-0.6nt-4t,HumanEval_94,3,True,33.17
two-turn-nc-0.6nt-4t,HumanEval_94,4,True,36.76
two-turn-nc-0.6nt-4t,HumanEval_95,0,True,16.01
two-turn-nc-0.6nt-4t,HumanEval_95,1,True,20.96
two-turn-nc-0.6nt-4t,HumanEval_95,2,True,22.22
two-turn-nc-0.6nt-4t,HumanEval_95,3,True,18.02
two-turn-nc-0.6nt-4t,HumanEval_95,4,True,15.49
two-turn-nc-0.6nt-4t,HumanEval_96,0,True,0.81
two-turn-nc-0.6nt-4t,HumanEval_96,1,True,0.86
two-turn-nc-0.6nt-4t,HumanEval_96,2,True,0.87
two-turn-nc-0.6nt-4t,HumanEval_96,3,True,1.09
two-turn-nc-0.6nt-4t,HumanEval_96,4,True,0.87
two-turn-nc-0.6nt-4t,HumanEval_97,0,True,0.79
two-turn-nc-0.6nt-4t,HumanEval_97,1,True,8.51
two-turn-nc-0.6nt-4t,HumanEval_97,2,True,0.71
two-turn-nc-0.6nt-4t,HumanEval_97,3,True,0.66
two-turn-nc-0.6nt-4t,HumanEval_97,4,True,0.72
two-turn-nc-0.6nt-4t,HumanEval_98,0,True,9.1
two-turn-nc-0.6nt-4t,HumanEval_98,1,True,9.07
two-turn-nc-0.6nt-4t,HumanEval_98,2,True,9.96
two-turn-nc-0.6nt-4t,HumanEval_98,3,True,9.14
two-turn-nc-0.6nt-4t,HumanEval_98,4,True,0.63
two-turn-nc-0.6nt-4t,HumanEval_99,0,True,54.68
two-turn-nc-0.6nt-4t,HumanEval_99,1,True,17.61
two-turn-nc-0.6nt-4t,HumanEval_99,2,True,48.25
two-turn-nc-0.6nt-4t,HumanEval_99,3,False,550.94
two-turn-nc-0.6nt-4t,HumanEval_99,4,True,65.76
two-turn-nc-0.6nt-8t,HumanEval_0,0,True,0.96
two-turn-nc-0.6nt-8t,HumanEval_0,1,True,0.79
two-turn-nc-0.6nt-8t,HumanEval_0,2,True,0.84
two-turn-nc-0.6nt-8t,HumanEval_0,3,True,0.94
two-turn-nc-0.6nt-8t,HumanEval_0,4,True,0.77
two-turn-nc-0.6nt-8t,HumanEval_1,0,False,1200.0840716362
two-turn-nc-0.6nt-8t,HumanEval_1,1,True,729.51
two-turn-nc-0.6nt-8t,HumanEval_1,2,True,77.22
two-turn-nc-0.6nt-8t,HumanEval_1,3,False,782.2
two-turn-nc-0.6nt-8t,HumanEval_1,4,True,63.53
two-turn-nc-0.6nt-8t,HumanEval_10,0,True,40.06
two-turn-nc-0.6nt-8t,HumanEval_10,1,True,92.76
two-turn-nc-0.6nt-8t,HumanEval_10,2,True,687.32
two-turn-nc-0.6nt-8t,HumanEval_10,3,True,100.02
two-turn-nc-0.6nt-8t,HumanEval_10,4,True,35.22
two-turn-nc-0.6nt-8t,HumanEval_100,0,True,32.85
two-turn-nc-0.6nt-8t,HumanEval_100,1,True,29.58
two-turn-nc-0.6nt-8t,HumanEval_100,2,True,29.99
two-turn-nc-0.6nt-8t,HumanEval_100,3,True,20.74
two-turn-nc-0.6nt-8t,HumanEval_100,4,True,29.84
two-turn-nc-0.6nt-8t,HumanEval_101,0,True,15.76
two-turn-nc-0.6nt-8t,HumanEval_101,1,True,131.97
two-turn-nc-0.6nt-8t,HumanEval_101,2,True,77.11
two-turn-nc-0.6nt-8t,HumanEval_101,3,True,15.45
two-turn-nc-0.6nt-8t,HumanEval_101,4,True,13.95
two-turn-nc-0.6nt-8t,HumanEval_102,0,True,69.35
two-turn-nc-0.6nt-8t,HumanEval_102,1,True,27.05
two-turn-nc-0.6nt-8t,HumanEval_102,2,True,115.73
two-turn-nc-0.6nt-8t,HumanEval_102,3,True,69.21
two-turn-nc-0.6nt-8t,HumanEval_102,4,True,63.43
two-turn-nc-0.6nt-8t,HumanEval_103,0,True,29.08
two-turn-nc-0.6nt-8t,HumanEval_103,1,True,39.74
two-turn-nc-0.6nt-8t,HumanEval_103,2,True,46.76
two-turn-nc-0.6nt-8t,HumanEval_103,3,True,35.21
two-turn-nc-0.6nt-8t,HumanEval_103,4,True,40.35
two-turn-nc-0.6nt-8t,HumanEval_104,0,True,27.36
two-turn-nc-0.6nt-8t,HumanEval_104,1,True,0.81
two-turn-nc-0.6nt-8t,HumanEval_104,2,True,35.36
two-turn-nc-0.6nt-8t,HumanEval_104,3,True,0.81
two-turn-nc-0.6nt-8t,HumanEval_104,4,True,0.66
two-turn-nc-0.6nt-8t,HumanEval_105,0,True,32.73
two-turn-nc-0.6nt-8t,HumanEval_105,1,True,31.51
two-turn-nc-0.6nt-8t,HumanEval_105,2,True,32.22
two-turn-nc-0.6nt-8t,HumanEval_105,3,True,41.94
two-turn-nc-0.6nt-8t,HumanEval_105,4,True,59.87
two-turn-nc-0.6nt-8t,HumanEval_106,0,True,36.3
two-turn-nc-0.6nt-8t,HumanEval_106,1,True,42.52
two-turn-nc-0.6nt-8t,HumanEval_106,2,True,24.62
two-turn-nc-0.6nt-8t,HumanEval_106,3,True,35.72
two-turn-nc-0.6nt-8t,HumanEval_106,4,True,41.11
two-turn-nc-0.6nt-8t,HumanEval_107,0,True,1.13
two-turn-nc-0.6nt-8t,HumanEval_107,1,True,23.36
two-turn-nc-0.6nt-8t,HumanEval_107,2,True,1.19
two-turn-nc-0.6nt-8t,HumanEval_107,3,True,1.11
two-turn-nc-0.6nt-8t,HumanEval_107,4,True,29.82
two-turn-nc-0.6nt-8t,HumanEval_108,0,True,48.35
two-turn-nc-0.6nt-8t,HumanEval_108,1,True,45.88
two-turn-nc-0.6nt-8t,HumanEval_108,2,True,52.24
two-turn-nc-0.6nt-8t,HumanEval_108,3,True,52.44
two-turn-nc-0.6nt-8t,HumanEval_108,4,True,47.66
two-turn-nc-0.6nt-8t,HumanEval_109,0,True,1.57
two-turn-nc-0.6nt-8t,HumanEval_109,1,True,84.81
two-turn-nc-0.6nt-8t,HumanEval_109,2,True,99.46
two-turn-nc-0.6nt-8t,HumanEval_109,3,True,48.84
two-turn-nc-0.6nt-8t,HumanEval_109,4,True,50.27
two-turn-nc-0.6nt-8t,HumanEval_11,0,True,0.81
two-turn-nc-0.6nt-8t,HumanEval_11,1,True,66.22
two-turn-nc-0.6nt-8t,HumanEval_11,2,True,56.2
two-turn-nc-0.6nt-8t,HumanEval_11,3,True,0.72
two-turn-nc-0.6nt-8t,HumanEval_11,4,True,0.7
two-turn-nc-0.6nt-8t,HumanEval_110,0,True,41.46
two-turn-nc-0.6nt-8t,HumanEval_110,1,True,45.19
two-turn-nc-0.6nt-8t,HumanEval_110,2,True,107.83
two-turn-nc-0.6nt-8t,HumanEval_110,3,True,40.99
two-turn-nc-0.6nt-8t,HumanEval_110,4,True,88.3
two-turn-nc-0.6nt-8t,HumanEval_111,0,True,29.99
two-turn-nc-0.6nt-8t,HumanEval_111,1,True,37.85
two-turn-nc-0.6nt-8t,HumanEval_111,2,True,48.23
two-turn-nc-0.6nt-8t,HumanEval_111,3,True,40.55
two-turn-nc-0.6nt-8t,HumanEval_111,4,True,26.08
two-turn-nc-0.6nt-8t,HumanEval_112,0,True,25.16
two-turn-nc-0.6nt-8t,HumanEval_112,1,True,22.83
two-turn-nc-0.6nt-8t,HumanEval_112,2,True,21.78
two-turn-nc-0.6nt-8t,HumanEval_112,3,True,25.73
two-turn-nc-0.6nt-8t,HumanEval_112,4,True,23.14
two-turn-nc-0.6nt-8t,HumanEval_113,0,False,250.24
two-turn-nc-0.6nt-8t,HumanEval_113,1,True,118.14
two-turn-nc-0.6nt-8t,HumanEval_113,2,True,134.63
two-turn-nc-0.6nt-8t,HumanEval_113,3,False,198.28
two-turn-nc-0.6nt-8t,HumanEval_113,4,True,194.34
two-turn-nc-0.6nt-8t,HumanEval_114,0,True,31.92
two-turn-nc-0.6nt-8t,HumanEval_114,1,True,31.75
two-turn-nc-0.6nt-8t,HumanEval_114,2,True,0.79
two-turn-nc-0.6nt-8t,HumanEval_114,3,True,31.73
two-turn-nc-0.6nt-8t,HumanEval_114,4,True,32.65
two-turn-nc-0.6nt-8t,HumanEval_115,0,True,42.08
two-turn-nc-0.6nt-8t,HumanEval_115,1,True,26.53
two-turn-nc-0.6nt-8t,HumanEval_115,2,True,43.0
two-turn-nc-0.6nt-8t,HumanEval_115,3,True,70.1
two-turn-nc-0.6nt-8t,HumanEval_115,4,True,22.92
two-turn-nc-0.6nt-8t,HumanEval_116,0,True,0.94
two-turn-nc-0.6nt-8t,HumanEval_116,1,True,0.86
two-turn-nc-0.6nt-8t,HumanEval_116,2,True,0.87
two-turn-nc-0.6nt-8t,HumanEval_116,3,True,0.88
two-turn-nc-0.6nt-8t,HumanEval_116,4,True,0.71
two-turn-nc-0.6nt-8t,HumanEval_117,0,True,45.81
two-turn-nc-0.6nt-8t,HumanEval_117,1,True,38.8
two-turn-nc-0.6nt-8t,HumanEval_117,2,True,46.6
two-turn-nc-0.6nt-8t,HumanEval_117,3,True,36.93
two-turn-nc-0.6nt-8t,HumanEval_117,4,True,42.44
two-turn-nc-0.6nt-8t,HumanEval_118,0,True,69.31
two-turn-nc-0.6nt-8t,HumanEval_118,1,True,101.23
two-turn-nc-0.6nt-8t,HumanEval_118,2,True,78.63
two-turn-nc-0.6nt-8t,HumanEval_118,3,True,71.79
two-turn-nc-0.6nt-8t,HumanEval_118,4,False,87.23
two-turn-nc-0.6nt-8t,HumanEval_119,0,True,1.1
two-turn-nc-0.6nt-8t,HumanEval_119,1,True,45.99
two-turn-nc-0.6nt-8t,HumanEval_119,2,True,1.18
two-turn-nc-0.6nt-8t,HumanEval_119,3,True,48.24
two-turn-nc-0.6nt-8t,HumanEval_119,4,True,52.33
two-turn-nc-0.6nt-8t,HumanEval_12,0,True,0.73
two-turn-nc-0.6nt-8t,HumanEval_12,1,True,0.69
two-turn-nc-0.6nt-8t,HumanEval_12,2,True,0.74
two-turn-nc-0.6nt-8t,HumanEval_12,3,True,0.7
two-turn-nc-0.6nt-8t,HumanEval_12,4,True,0.73
two-turn-nc-0.6nt-8t,HumanEval_120,0,True,37.07
two-turn-nc-0.6nt-8t,HumanEval_120,1,True,30.88
two-turn-nc-0.6nt-8t,HumanEval_120,2,True,39.37
two-turn-nc-0.6nt-8t,HumanEval_120,3,True,37.4
two-turn-nc-0.6nt-8t,HumanEval_120,4,True,30.27
two-turn-nc-0.6nt-8t,HumanEval_121,0,True,0.7
two-turn-nc-0.6nt-8t,HumanEval_121,1,True,0.57
two-turn-nc-0.6nt-8t,HumanEval_121,2,True,0.55
two-turn-nc-0.6nt-8t,HumanEval_121,3,True,0.53
two-turn-nc-0.6nt-8t,HumanEval_121,4,True,0.75
two-turn-nc-0.6nt-8t,HumanEval_122,0,True,0.65
two-turn-nc-0.6nt-8t,HumanEval_122,1,True,0.77
two-turn-nc-0.6nt-8t,HumanEval_122,2,True,0.77
two-turn-nc-0.6nt-8t,HumanEval_122,3,True,0.78
two-turn-nc-0.6nt-8t,HumanEval_122,4,True,0.81
two-turn-nc-0.6nt-8t,HumanEval_123,0,True,70.07
two-turn-nc-0.6nt-8t,HumanEval_123,1,True,32.07
two-turn-nc-0.6nt-8t,HumanEval_123,2,True,28.08
two-turn-nc-0.6nt-8t,HumanEval_123,3,True,55.45
two-turn-nc-0.6nt-8t,HumanEval_123,4,True,38.68
two-turn-nc-0.6nt-8t,HumanEval_124,0,True,108.0
two-turn-nc-0.6nt-8t,HumanEval_124,1,True,91.28
two-turn-nc-0.6nt-8t,HumanEval_124,2,True,68.59
two-turn-nc-0.6nt-8t,HumanEval_124,3,True,77.11
two-turn-nc-0.6nt-8t,HumanEval_124,4,True,50.84
two-turn-nc-0.6nt-8t,HumanEval_125,0,True,76.15
two-turn-nc-0.6nt-8t,HumanEval_125,1,True,67.19
two-turn-nc-0.6nt-8t,HumanEval_125,2,True,47.05
two-turn-nc-0.6nt-8t,HumanEval_125,3,True,59.14
two-turn-nc-0.6nt-8t,HumanEval_125,4,True,60.02
two-turn-nc-0.6nt-8t,HumanEval_126,0,True,191.37
two-turn-nc-0.6nt-8t,HumanEval_126,1,True,104.08
two-turn-nc-0.6nt-8t,HumanEval_126,2,True,190.46
two-turn-nc-0.6nt-8t,HumanEval_126,3,True,183.71
two-turn-nc-0.6nt-8t,HumanEval_126,4,True,167.76
two-turn-nc-0.6nt-8t,HumanEval_127,0,True,1.36
two-turn-nc-0.6nt-8t,HumanEval_127,1,True,1.47
two-turn-nc-0.6nt-8t,HumanEval_127,2,True,1.41
two-turn-nc-0.6nt-8t,HumanEval_127,3,True,1.58
two-turn-nc-0.6nt-8t,HumanEval_127,4,True,50.62
two-turn-nc-0.6nt-8t,HumanEval_128,0,True,29.57
two-turn-nc-0.6nt-8t,HumanEval_128,1,True,35.22
two-turn-nc-0.6nt-8t,HumanEval_128,2,True,30.82
two-turn-nc-0.6nt-8t,HumanEval_128,3,True,30.23
two-turn-nc-0.6nt-8t,HumanEval_128,4,True,31.39
two-turn-nc-0.6nt-8t,HumanEval_129,0,True,122.8
two-turn-nc-0.6nt-8t,HumanEval_129,1,True,144.36
two-turn-nc-0.6nt-8t,HumanEval_129,2,True,138.88
two-turn-nc-0.6nt-8t,HumanEval_129,3,True,146.25
two-turn-nc-0.6nt-8t,HumanEval_129,4,True,295.15
two-turn-nc-0.6nt-8t,HumanEval_13,0,True,0.61
two-turn-nc-0.6nt-8t,HumanEval_13,1,True,0.62
two-turn-nc-0.6nt-8t,HumanEval_13,2,True,0.6
two-turn-nc-0.6nt-8t,HumanEval_13,3,True,0.62
two-turn-nc-0.6nt-8t,HumanEval_13,4,True,0.6
two-turn-nc-0.6nt-8t,HumanEval_130,0,True,114.21
two-turn-nc-0.6nt-8t,HumanEval_130,1,True,131.55
two-turn-nc-0.6nt-8t,HumanEval_130,2,True,95.81
two-turn-nc-0.6nt-8t,HumanEval_130,3,True,104.22
two-turn-nc-0.6nt-8t,HumanEval_130,4,True,144.07
two-turn-nc-0.6nt-8t,HumanEval_131,0,False,17.3
two-turn-nc-0.6nt-8t,HumanEval_131,1,False,17.29
two-turn-nc-0.6nt-8t,HumanEval_131,2,True,19.08
two-turn-nc-0.6nt-8t,HumanEval_131,3,True,18.93
two-turn-nc-0.6nt-8t,HumanEval_131,4,True,20.73
two-turn-nc-0.6nt-8t,HumanEval_132,0,False,54.1
two-turn-nc-0.6nt-8t,HumanEval_132,1,False,758.81
two-turn-nc-0.6nt-8t,HumanEval_132,2,False,128.82
two-turn-nc-0.6nt-8t,HumanEval_132,3,False,307.62
two-turn-nc-0.6nt-8t,HumanEval_132,4,False,154.76
two-turn-nc-0.6nt-8t,HumanEval_133,0,True,23.31
two-turn-nc-0.6nt-8t,HumanEval_133,1,True,22.18
two-turn-nc-0.6nt-8t,HumanEval_133,2,True,29.72
two-turn-nc-0.6nt-8t,HumanEval_133,3,True,27.63
two-turn-nc-0.6nt-8t,HumanEval_133,4,True,29.83
two-turn-nc-0.6nt-8t,HumanEval_134,0,True,121.83
two-turn-nc-0.6nt-8t,HumanEval_134,1,False,118.4
two-turn-nc-0.6nt-8t,HumanEval_134,2,False,54.56
two-turn-nc-0.6nt-8t,HumanEval_134,3,True,92.97
two-turn-nc-0.6nt-8t,HumanEval_134,4,False,144.02
two-turn-nc-0.6nt-8t,HumanEval_135,0,True,25.9
two-turn-nc-0.6nt-8t,HumanEval_135,1,True,0.79
two-turn-nc-0.6nt-8t,HumanEval_135,2,True,19.01
two-turn-nc-0.6nt-8t,HumanEval_135,3,True,23.88
two-turn-nc-0.6nt-8t,HumanEval_135,4,True,0.8
two-turn-nc-0.6nt-8t,HumanEval_136,0,True,32.74
two-turn-nc-0.6nt-8t,HumanEval_136,1,True,0.93
two-turn-nc-0.6nt-8t,HumanEval_136,2,True,30.07
two-turn-nc-0.6nt-8t,HumanEval_136,3,True,0.96
two-turn-nc-0.6nt-8t,HumanEval_136,4,True,25.51
two-turn-nc-0.6nt-8t,HumanEval_137,0,True,33.08
two-turn-nc-0.6nt-8t,HumanEval_137,1,True,44.69
two-turn-nc-0.6nt-8t,HumanEval_137,2,True,51.58
two-turn-nc-0.6nt-8t,HumanEval_137,3,True,64.01
two-turn-nc-0.6nt-8t,HumanEval_137,4,True,59.18
two-turn-nc-0.6nt-8t,HumanEval_138,0,True,31.28
two-turn-nc-0.6nt-8t,HumanEval_138,1,True,0.75
two-turn-nc-0.6nt-8t,HumanEval_138,2,True,42.33
two-turn-nc-0.6nt-8t,HumanEval_138,3,True,27.85
two-turn-nc-0.6nt-8t,HumanEval_138,4,True,34.13
two-turn-nc-0.6nt-8t,HumanEval_139,0,True,51.15
two-turn-nc-0.6nt-8t,HumanEval_139,1,True,36.66
two-turn-nc-0.6nt-8t,HumanEval_139,2,True,32.75
two-turn-nc-0.6nt-8t,HumanEval_139,3,True,38.49
two-turn-nc-0.6nt-8t,HumanEval_139,4,True,29.88
two-turn-nc-0.6nt-8t,HumanEval_14,0,True,0.55
two-turn-nc-0.6nt-8t,HumanEval_14,1,True,15.85
two-turn-nc-0.6nt-8t,HumanEval_14,2,True,22.5
two-turn-nc-0.6nt-8t,HumanEval_14,3,True,12.04
two-turn-nc-0.6nt-8t,HumanEval_14,4,True,16.16
two-turn-nc-0.6nt-8t,HumanEval_140,0,False,183.8
two-turn-nc-0.6nt-8t,HumanEval_140,1,False,54.33
two-turn-nc-0.6nt-8t,HumanEval_140,2,False,96.57
two-turn-nc-0.6nt-8t,HumanEval_140,3,False,144.95
two-turn-nc-0.6nt-8t,HumanEval_140,4,False,109.85
two-turn-nc-0.6nt-8t,HumanEval_141,0,True,55.18
two-turn-nc-0.6nt-8t,HumanEval_141,1,True,65.36
two-turn-nc-0.6nt-8t,HumanEval_141,2,True,35.6
two-turn-nc-0.6nt-8t,HumanEval_141,3,True,57.26
two-turn-nc-0.6nt-8t,HumanEval_141,4,True,53.66
two-turn-nc-0.6nt-8t,HumanEval_142,0,True,31.54
two-turn-nc-0.6nt-8t,HumanEval_142,1,True,31.63
two-turn-nc-0.6nt-8t,HumanEval_142,2,True,28.98
two-turn-nc-0.6nt-8t,HumanEval_142,3,True,35.94
two-turn-nc-0.6nt-8t,HumanEval_142,4,True,40.27
two-turn-nc-0.6nt-8t,HumanEval_143,0,True,0.9
two-turn-nc-0.6nt-8t,HumanEval_143,1,True,0.74
two-turn-nc-0.6nt-8t,HumanEval_143,2,True,0.88
two-turn-nc-0.6nt-8t,HumanEval_143,3,True,0.91
two-turn-nc-0.6nt-8t,HumanEval_143,4,True,28.07
two-turn-nc-0.6nt-8t,HumanEval_144,0,True,39.48
two-turn-nc-0.6nt-8t,HumanEval_144,1,True,34.37
two-turn-nc-0.6nt-8t,HumanEval_144,2,True,35.65
two-turn-nc-0.6nt-8t,HumanEval_144,3,True,49.46
two-turn-nc-0.6nt-8t,HumanEval_144,4,True,50.21
two-turn-nc-0.6nt-8t,HumanEval_145,0,False,270.24
two-turn-nc-0.6nt-8t,HumanEval_145,1,False,183.68
two-turn-nc-0.6nt-8t,HumanEval_145,2,False,212.19
two-turn-nc-0.6nt-8t,HumanEval_145,3,True,194.11
two-turn-nc-0.6nt-8t,HumanEval_145,4,False,168.45
two-turn-nc-0.6nt-8t,HumanEval_146,0,True,0.97
two-turn-nc-0.6nt-8t,HumanEval_146,1,True,0.79
two-turn-nc-0.6nt-8t,HumanEval_146,2,True,30.24
two-turn-nc-0.6nt-8t,HumanEval_146,3,True,0.98
two-turn-nc-0.6nt-8t,HumanEval_146,4,True,39.23
two-turn-nc-0.6nt-8t,HumanEval_147,0,True,0.97
two-turn-nc-0.6nt-8t,HumanEval_147,1,True,0.97
two-turn-nc-0.6nt-8t,HumanEval_147,2,True,0.98
two-turn-nc-0.6nt-8t,HumanEval_147,3,True,0.96
two-turn-nc-0.6nt-8t,HumanEval_147,4,True,0.97
two-turn-nc-0.6nt-8t,HumanEval_148,0,True,46.1
two-turn-nc-0.6nt-8t,HumanEval_148,1,True,53.45
two-turn-nc-0.6nt-8t,HumanEval_148,2,True,46.33
two-turn-nc-0.6nt-8t,HumanEval_148,3,True,46.53
two-turn-nc-0.6nt-8t,HumanEval_148,4,True,44.41
two-turn-nc-0.6nt-8t,HumanEval_149,0,True,23.75
two-turn-nc-0.6nt-8t,HumanEval_149,1,True,30.02
two-turn-nc-0.6nt-8t,HumanEval_149,2,True,29.28
two-turn-nc-0.6nt-8t,HumanEval_149,3,True,0.87
two-turn-nc-0.6nt-8t,HumanEval_149,4,True,0.94
two-turn-nc-0.6nt-8t,HumanEval_15,0,True,0.57
two-turn-nc-0.6nt-8t,HumanEval_15,1,True,0.69
two-turn-nc-0.6nt-8t,HumanEval_15,2,True,0.57
two-turn-nc-0.6nt-8t,HumanEval_15,3,True,0.65
two-turn-nc-0.6nt-8t,HumanEval_15,4,True,0.62
two-turn-nc-0.6nt-8t,HumanEval_150,0,True,0.81
two-turn-nc-0.6nt-8t,HumanEval_150,1,True,0.84
two-turn-nc-0.6nt-8t,HumanEval_150,2,True,39.74
two-turn-nc-0.6nt-8t,HumanEval_150,3,True,0.81
two-turn-nc-0.6nt-8t,HumanEval_150,4,True,0.69
two-turn-nc-0.6nt-8t,HumanEval_151,0,True,57.89
two-turn-nc-0.6nt-8t,HumanEval_151,1,True,0.68
two-turn-nc-0.6nt-8t,HumanEval_151,2,True,28.04
two-turn-nc-0.6nt-8t,HumanEval_151,3,True,0.76
two-turn-nc-0.6nt-8t,HumanEval_151,4,True,0.72
two-turn-nc-0.6nt-8t,HumanEval_152,0,True,0.99
two-turn-nc-0.6nt-8t,HumanEval_152,1,True,0.92
two-turn-nc-0.6nt-8t,HumanEval_152,2,True,1.03
two-turn-nc-0.6nt-8t,HumanEval_152,3,True,0.98
two-turn-nc-0.6nt-8t,HumanEval_152,4,True,0.95
two-turn-nc-0.6nt-8t,HumanEval_153,0,True,34.82
two-turn-nc-0.6nt-8t,HumanEval_153,1,True,36.05
two-turn-nc-0.6nt-8t,HumanEval_153,2,True,34.79
two-turn-nc-0.6nt-8t,HumanEval_153,3,True,28.13
two-turn-nc-0.6nt-8t,HumanEval_153,4,True,33.35
two-turn-nc-0.6nt-8t,HumanEval_154,0,True,54.7
two-turn-nc-0.6nt-8t,HumanEval_154,1,True,52.7
two-turn-nc-0.6nt-8t,HumanEval_154,2,True,0.8
two-turn-nc-0.6nt-8t,HumanEval_154,3,True,41.33
two-turn-nc-0.6nt-8t,HumanEval_154,4,True,0.81
two-turn-nc-0.6nt-8t,HumanEval_155,0,True,18.47
two-turn-nc-0.6nt-8t,HumanEval_155,1,True,22.79
two-turn-nc-0.6nt-8t,HumanEval_155,2,True,19.74
two-turn-nc-0.6nt-8t,HumanEval_155,3,True,15.46
two-turn-nc-0.6nt-8t,HumanEval_155,4,True,17.39
two-turn-nc-0.6nt-8t,HumanEval_156,0,True,35.55
two-turn-nc-0.6nt-8t,HumanEval_156,1,True,36.31
two-turn-nc-0.6nt-8t,HumanEval_156,2,True,25.38
two-turn-nc-0.6nt-8t,HumanEval_156,3,True,34.72
two-turn-nc-0.6nt-8t,HumanEval_156,4,True,59.72
two-turn-nc-0.6nt-8t,HumanEval_157,0,True,0.87
two-turn-nc-0.6nt-8t,HumanEval_157,1,True,64.04
two-turn-nc-0.6nt-8t,HumanEval_157,2,True,0.81
two-turn-nc-0.6nt-8t,HumanEval_157,3,True,19.32
two-turn-nc-0.6nt-8t,HumanEval_157,4,True,1.07
two-turn-nc-0.6nt-8t,HumanEval_158,0,True,42.01
two-turn-nc-0.6nt-8t,HumanEval_158,1,True,0.8
two-turn-nc-0.6nt-8t,HumanEval_158,2,True,0.82
two-turn-nc-0.6nt-8t,HumanEval_158,3,True,0.82
two-turn-nc-0.6nt-8t,HumanEval_158,4,True,39.51
two-turn-nc-0.6nt-8t,HumanEval_159,0,True,35.59
two-turn-nc-0.6nt-8t,HumanEval_159,1,True,33.42
two-turn-nc-0.6nt-8t,HumanEval_159,2,True,1.09
two-turn-nc-0.6nt-8t,HumanEval_159,3,True,76.93
two-turn-nc-0.6nt-8t,HumanEval_159,4,True,36.29
two-turn-nc-0.6nt-8t,HumanEval_16,0,True,0.68
two-turn-nc-0.6nt-8t,HumanEval_16,1,True,24.6
two-turn-nc-0.6nt-8t,HumanEval_16,2,True,0.66
two-turn-nc-0.6nt-8t,HumanEval_16,3,True,0.64
two-turn-nc-0.6nt-8t,HumanEval_16,4,True,0.67
two-turn-nc-0.6nt-8t,HumanEval_160,0,True,42.87
two-turn-nc-0.6nt-8t,HumanEval_160,1,True,46.53
two-turn-nc-0.6nt-8t,HumanEval_160,2,True,34.07
two-turn-nc-0.6nt-8t,HumanEval_160,3,True,39.51
two-turn-nc-0.6nt-8t,HumanEval_160,4,True,41.57
two-turn-nc-0.6nt-8t,HumanEval_161,0,True,25.88
two-turn-nc-0.6nt-8t,HumanEval_161,1,True,40.59
two-turn-nc-0.6nt-8t,HumanEval_161,2,True,41.25
two-turn-nc-0.6nt-8t,HumanEval_161,3,True,38.79
two-turn-nc-0.6nt-8t,HumanEval_161,4,True,30.36
two-turn-nc-0.6nt-8t,HumanEval_162,0,True,0.65
two-turn-nc-0.6nt-8t,HumanEval_162,1,True,19.16
two-turn-nc-0.6nt-8t,HumanEval_162,2,True,0.65
two-turn-nc-0.6nt-8t,HumanEval_162,3,True,0.62
two-turn-nc-0.6nt-8t,HumanEval_162,4,True,0.89
two-turn-nc-0.6nt-8t,HumanEval_163,0,False,40.03
two-turn-nc-0.6nt-8t,HumanEval_163,1,False,44.84
two-turn-nc-0.6nt-8t,HumanEval_163,2,False,34.11
two-turn-nc-0.6nt-8t,HumanEval_163,3,False,42.98
two-turn-nc-0.6nt-8t,HumanEval_163,4,False,41.09
two-turn-nc-0.6nt-8t,HumanEval_17,0,True,22.21
two-turn-nc-0.6nt-8t,HumanEval_17,1,True,35.43
two-turn-nc-0.6nt-8t,HumanEval_17,2,True,19.87
two-turn-nc-0.6nt-8t,HumanEval_17,3,True,20.75
two-turn-nc-0.6nt-8t,HumanEval_17,4,True,22.56
two-turn-nc-0.6nt-8t,HumanEval_18,0,True,44.53
two-turn-nc-0.6nt-8t,HumanEval_18,1,True,40.3
two-turn-nc-0.6nt-8t,HumanEval_18,2,True,0.82
two-turn-nc-0.6nt-8t,HumanEval_18,3,True,0.9
two-turn-nc-0.6nt-8t,HumanEval_18,4,True,0.84
two-turn-nc-0.6nt-8t,HumanEval_19,0,True,31.46
two-turn-nc-0.6nt-8t,HumanEval_19,1,True,24.63
two-turn-nc-0.6nt-8t,HumanEval_19,2,True,38.42
two-turn-nc-0.6nt-8t,HumanEval_19,3,True,53.33
two-turn-nc-0.6nt-8t,HumanEval_19,4,True,32.29
two-turn-nc-0.6nt-8t,HumanEval_2,0,True,0.67
two-turn-nc-0.6nt-8t,HumanEval_2,1,True,0.71
two-turn-nc-0.6nt-8t,HumanEval_2,2,True,0.73
two-turn-nc-0.6nt-8t,HumanEval_2,3,True,0.67
two-turn-nc-0.6nt-8t,HumanEval_2,4,True,0.58
two-turn-nc-0.6nt-8t,HumanEval_20,0,True,46.3
two-turn-nc-0.6nt-8t,HumanEval_20,1,True,55.07
two-turn-nc-0.6nt-8t,HumanEval_20,2,True,32.27
two-turn-nc-0.6nt-8t,HumanEval_20,3,True,45.62
two-turn-nc-0.6nt-8t,HumanEval_20,4,True,62.56
two-turn-nc-0.6nt-8t,HumanEval_21,0,True,29.89
two-turn-nc-0.6nt-8t,HumanEval_21,1,True,28.9
two-turn-nc-0.6nt-8t,HumanEval_21,2,True,28.81
two-turn-nc-0.6nt-8t,HumanEval_21,3,True,27.66
two-turn-nc-0.6nt-8t,HumanEval_21,4,True,27.16
two-turn-nc-0.6nt-8t,HumanEval_22,0,True,0.53
two-turn-nc-0.6nt-8t,HumanEval_22,1,True,0.68
two-turn-nc-0.6nt-8t,HumanEval_22,2,True,0.65
two-turn-nc-0.6nt-8t,HumanEval_22,3,True,0.55
two-turn-nc-0.6nt-8t,HumanEval_22,4,True,0.64
two-turn-nc-0.6nt-8t,HumanEval_23,0,True,0.46
two-turn-nc-0.6nt-8t,HumanEval_23,1,True,0.51
two-turn-nc-0.6nt-8t,HumanEval_23,2,True,0.47
two-turn-nc-0.6nt-8t,HumanEval_23,3,True,0.48
two-turn-nc-0.6nt-8t,HumanEval_23,4,True,0.47
two-turn-nc-0.6nt-8t,HumanEval_24,0,True,0.62
two-turn-nc-0.6nt-8t,HumanEval_24,1,True,0.84
two-turn-nc-0.6nt-8t,HumanEval_24,2,True,35.25
two-turn-nc-0.6nt-8t,HumanEval_24,3,True,50.52
two-turn-nc-0.6nt-8t,HumanEval_24,4,True,53.93
two-turn-nc-0.6nt-8t,HumanEval_25,0,True,44.5
two-turn-nc-0.6nt-8t,HumanEval_25,1,True,0.96
two-turn-nc-0.6nt-8t,HumanEval_25,2,True,42.9
two-turn-nc-0.6nt-8t,HumanEval_25,3,True,73.89
two-turn-nc-0.6nt-8t,HumanEval_25,4,True,58.38
two-turn-nc-0.6nt-8t,HumanEval_26,0,True,49.34
two-turn-nc-0.6nt-8t,HumanEval_26,1,True,37.68
two-turn-nc-0.6nt-8t,HumanEval_26,2,True,28.08
two-turn-nc-0.6nt-8t,HumanEval_26,3,True,28.76
two-turn-nc-0.6nt-8t,HumanEval_26,4,True,39.23
two-turn-nc-0.6nt-8t,HumanEval_27,0,True,0.53
two-turn-nc-0.6nt-8t,HumanEval_27,1,True,0.5
two-turn-nc-0.6nt-8t,HumanEval_27,2,True,13.93
two-turn-nc-0.6nt-8t,HumanEval_27,3,True,0.5
two-turn-nc-0.6nt-8t,HumanEval_27,4,True,18.52
two-turn-nc-0.6nt-8t,HumanEval_28,0,True,0.55
two-turn-nc-0.6nt-8t,HumanEval_28,1,True,0.57
two-turn-nc-0.6nt-8t,HumanEval_28,2,True,0.54
two-turn-nc-0.6nt-8t,HumanEval_28,3,True,0.54
two-turn-nc-0.6nt-8t,HumanEval_28,4,True,0.58
two-turn-nc-0.6nt-8t,HumanEval_29,0,True,0.69
two-turn-nc-0.6nt-8t,HumanEval_29,1,True,0.62
two-turn-nc-0.6nt-8t,HumanEval_29,2,True,0.58
two-turn-nc-0.6nt-8t,HumanEval_29,3,True,0.61
two-turn-nc-0.6nt-8t,HumanEval_29,4,True,0.69
two-turn-nc-0.6nt-8t,HumanEval_3,0,True,0.71
two-turn-nc-0.6nt-8t,HumanEval_3,1,True,16.05
two-turn-nc-0.6nt-8t,HumanEval_3,2,True,20.32
two-turn-nc-0.6nt-8t,HumanEval_3,3,True,16.03
two-turn-nc-0.6nt-8t,HumanEval_3,4,True,0.68
two-turn-nc-0.6nt-8t,HumanEval_30,0,True,0.69
two-turn-nc-0.6nt-8t,HumanEval_30,1,True,0.48
two-turn-nc-0.6nt-8t,HumanEval_30,2,True,0.65
two-turn-nc-0.6nt-8t,HumanEval_30,3,True,0.46
two-turn-nc-0.6nt-8t,HumanEval_30,4,True,0.68
two-turn-nc-0.6nt-8t,HumanEval_31,0,True,0.76
two-turn-nc-0.6nt-8t,HumanEval_31,1,True,49.72
two-turn-nc-0.6nt-8t,HumanEval_31,2,True,0.75
two-turn-nc-0.6nt-8t,HumanEval_31,3,True,0.77
two-turn-nc-0.6nt-8t,HumanEval_31,4,True,25.34
two-turn-nc-0.6nt-8t,HumanEval_32,0,False,87.48
two-turn-nc-0.6nt-8t,HumanEval_32,1,False,238.64
two-turn-nc-0.6nt-8t,HumanEval_32,2,False,176.85
two-turn-nc-0.6nt-8t,HumanEval_32,3,False,148.71
two-turn-nc-0.6nt-8t,HumanEval_32,4,True,159.28
two-turn-nc-0.6nt-8t,HumanEval_33,0,True,48.67
two-turn-nc-0.6nt-8t,HumanEval_33,1,True,30.68
two-turn-nc-0.6nt-8t,HumanEval_33,2,True,46.11
two-turn-nc-0.6nt-8t,HumanEval_33,3,True,43.22
two-turn-nc-0.6nt-8t,HumanEval_33,4,True,30.35
two-turn-nc-0.6nt-8t,HumanEval_34,0,True,0.62
two-turn-nc-0.6nt-8t,HumanEval_34,1,True,0.6
two-turn-nc-0.6nt-8t,HumanEval_34,2,True,0.64
two-turn-nc-0.6nt-8t,HumanEval_34,3,True,0.62
two-turn-nc-0.6nt-8t,HumanEval_34,4,True,0.6
two-turn-nc-0.6nt-8t,HumanEval_35,0,True,0.6
two-turn-nc-0.6nt-8t,HumanEval_35,1,True,0.72
two-turn-nc-0.6nt-8t,HumanEval_35,2,True,0.57
two-turn-nc-0.6nt-8t,HumanEval_35,3,True,0.61
two-turn-nc-0.6nt-8t,HumanEval_35,4,True,0.61
two-turn-nc-0.6nt-8t,HumanEval_36,0,True,35.45
two-turn-nc-0.6nt-8t,HumanEval_36,1,True,86.59
two-turn-nc-0.6nt-8t,HumanEval_36,2,True,0.71
two-turn-nc-0.6nt-8t,HumanEval_36,3,True,43.69
two-turn-nc-0.6nt-8t,HumanEval_36,4,True,61.37
two-turn-nc-0.6nt-8t,HumanEval_37,0,True,42.95
two-turn-nc-0.6nt-8t,HumanEval_37,1,True,26.57
two-turn-nc-0.6nt-8t,HumanEval_37,2,True,42.18
two-turn-nc-0.6nt-8t,HumanEval_37,3,True,32.06
two-turn-nc-0.6nt-8t,HumanEval_37,4,True,43.06
two-turn-nc-0.6nt-8t,HumanEval_38,0,False,21.72
two-turn-nc-0.6nt-8t,HumanEval_38,1,False,18.93
two-turn-nc-0.6nt-8t,HumanEval_38,2,False,26.67
two-turn-nc-0.6nt-8t,HumanEval_38,3,False,19.09
two-turn-nc-0.6nt-8t,HumanEval_38,4,False,21.25
two-turn-nc-0.6nt-8t,HumanEval_39,0,True,96.08
two-turn-nc-0.6nt-8t,HumanEval_39,1,True,81.94
two-turn-nc-0.6nt-8t,HumanEval_39,2,True,78.33
two-turn-nc-0.6nt-8t,HumanEval_39,3,True,92.01
two-turn-nc-0.6nt-8t,HumanEval_39,4,True,58.44
two-turn-nc-0.6nt-8t,HumanEval_4,0,True,0.79
two-turn-nc-0.6nt-8t,HumanEval_4,1,True,0.71
two-turn-nc-0.6nt-8t,HumanEval_4,2,True,0.73
two-turn-nc-0.6nt-8t,HumanEval_4,3,True,0.61
two-turn-nc-0.6nt-8t,HumanEval_4,4,True,0.76
two-turn-nc-0.6nt-8t,HumanEval_40,0,True,76.77
two-turn-nc-0.6nt-8t,HumanEval_40,1,True,0.99
two-turn-nc-0.6nt-8t,HumanEval_40,2,True,74.45
two-turn-nc-0.6nt-8t,HumanEval_40,3,True,89.0
two-turn-nc-0.6nt-8t,HumanEval_40,4,True,84.43
two-turn-nc-0.6nt-8t,HumanEval_41,0,True,16.61
two-turn-nc-0.6nt-8t,HumanEval_41,1,True,19.24
two-turn-nc-0.6nt-8t,HumanEval_41,2,True,16.67
two-turn-nc-0.6nt-8t,HumanEval_41,3,True,13.31
two-turn-nc-0.6nt-8t,HumanEval_41,4,True,19.66
two-turn-nc-0.6nt-8t,HumanEval_42,0,True,0.64
two-turn-nc-0.6nt-8t,HumanEval_42,1,True,0.66
two-turn-nc-0.6nt-8t,HumanEval_42,2,True,0.46
two-turn-nc-0.6nt-8t,HumanEval_42,3,True,0.63
two-turn-nc-0.6nt-8t,HumanEval_42,4,True,0.45
two-turn-nc-0.6nt-8t,HumanEval_43,0,True,29.24
two-turn-nc-0.6nt-8t,HumanEval_43,1,True,65.83
two-turn-nc-0.6nt-8t,HumanEval_43,2,True,40.83
two-turn-nc-0.6nt-8t,HumanEval_43,3,True,0.82
two-turn-nc-0.6nt-8t,HumanEval_43,4,True,39.07
two-turn-nc-0.6nt-8t,HumanEval_44,0,True,51.75
two-turn-nc-0.6nt-8t,HumanEval_44,1,True,0.95
two-turn-nc-0.6nt-8t,HumanEval_44,2,True,34.61
two-turn-nc-0.6nt-8t,HumanEval_44,3,True,0.73
two-turn-nc-0.6nt-8t,HumanEval_44,4,True,0.74
two-turn-nc-0.6nt-8t,HumanEval_45,0,True,0.54
two-turn-nc-0.6nt-8t,HumanEval_45,1,True,0.54
two-turn-nc-0.6nt-8t,HumanEval_45,2,True,0.5
two-turn-nc-0.6nt-8t,HumanEval_45,3,True,0.49
two-turn-nc-0.6nt-8t,HumanEval_45,4,True,0.46
two-turn-nc-0.6nt-8t,HumanEval_46,0,True,42.89
two-turn-nc-0.6nt-8t,HumanEval_46,1,True,84.89
two-turn-nc-0.6nt-8t,HumanEval_46,2,True,0.89
two-turn-nc-0.6nt-8t,HumanEval_46,3,True,54.63
two-turn-nc-0.6nt-8t,HumanEval_46,4,True,54.49
two-turn-nc-0.6nt-8t,HumanEval_47,0,True,0.81
two-turn-nc-0.6nt-8t,HumanEval_47,1,True,0.75
two-turn-nc-0.6nt-8t,HumanEval_47,2,True,0.67
two-turn-nc-0.6nt-8t,HumanEval_47,3,False,113.1
two-turn-nc-0.6nt-8t,HumanEval_47,4,True,0.7
two-turn-nc-0.6nt-8t,HumanEval_48,0,True,0.59
two-turn-nc-0.6nt-8t,HumanEval_48,1,True,0.56
two-turn-nc-0.6nt-8t,HumanEval_48,2,True,0.59
two-turn-nc-0.6nt-8t,HumanEval_48,3,True,0.61
two-turn-nc-0.6nt-8t,HumanEval_48,4,True,0.66
two-turn-nc-0.6nt-8t,HumanEval_49,0,True,0.64
two-turn-nc-0.6nt-8t,HumanEval_49,1,True,0.66
two-turn-nc-0.6nt-8t,HumanEval_49,2,True,0.69
two-turn-nc-0.6nt-8t,HumanEval_49,3,True,0.64
two-turn-nc-0.6nt-8t,HumanEval_49,4,True,0.64
two-turn-nc-0.6nt-8t,HumanEval_5,0,True,0.57
two-turn-nc-0.6nt-8t,HumanEval_5,1,True,17.33
two-turn-nc-0.6nt-8t,HumanEval_5,2,True,0.68
two-turn-nc-0.6nt-8t,HumanEval_5,3,True,28.04
two-turn-nc-0.6nt-8t,HumanEval_5,4,True,21.04
two-turn-nc-0.6nt-8t,HumanEval_50,0,True,0.63
two-turn-nc-0.6nt-8t,HumanEval_50,1,True,0.66
two-turn-nc-0.6nt-8t,HumanEval_50,2,True,0.67
two-turn-nc-0.6nt-8t,HumanEval_50,3,True,0.64
two-turn-nc-0.6nt-8t,HumanEval_50,4,True,0.64
two-turn-nc-0.6nt-8t,HumanEval_51,0,True,27.4
two-turn-nc-0.6nt-8t,HumanEval_51,1,True,24.48
two-turn-nc-0.6nt-8t,HumanEval_51,2,True,24.16
two-turn-nc-0.6nt-8t,HumanEval_51,3,True,21.89
two-turn-nc-0.6nt-8t,HumanEval_51,4,True,18.53
two-turn-nc-0.6nt-8t,HumanEval_52,0,True,0.62
two-turn-nc-0.6nt-8t,HumanEval_52,1,True,0.65
two-turn-nc-0.6nt-8t,HumanEval_52,2,True,0.51
two-turn-nc-0.6nt-8t,HumanEval_52,3,True,0.51
two-turn-nc-0.6nt-8t,HumanEval_52,4,True,0.5
two-turn-nc-0.6nt-8t,HumanEval_53,0,True,0.5
two-turn-nc-0.6nt-8t,HumanEval_53,1,True,0.54
two-turn-nc-0.6nt-8t,HumanEval_53,2,True,0.51
two-turn-nc-0.6nt-8t,HumanEval_53,3,True,0.52
two-turn-nc-0.6nt-8t,HumanEval_53,4,True,0.57
two-turn-nc-0.6nt-8t,HumanEval_54,0,True,85.03
two-turn-nc-0.6nt-8t,HumanEval_54,1,True,27.57
two-turn-nc-0.6nt-8t,HumanEval_54,2,False,220.89
two-turn-nc-0.6nt-8t,HumanEval_54,3,True,72.46
two-turn-nc-0.6nt-8t,HumanEval_54,4,True,0.6
two-turn-nc-0.6nt-8t,HumanEval_55,0,True,0.56
two-turn-nc-0.6nt-8t,HumanEval_55,1,True,0.61
two-turn-nc-0.6nt-8t,HumanEval_55,2,True,0.68
two-turn-nc-0.6nt-8t,HumanEval_55,3,True,0.64
two-turn-nc-0.6nt-8t,HumanEval_55,4,True,0.58
two-turn-nc-0.6nt-8t,HumanEval_56,0,True,24.56
two-turn-nc-0.6nt-8t,HumanEval_56,1,True,15.47
two-turn-nc-0.6nt-8t,HumanEval_56,2,True,18.25
two-turn-nc-0.6nt-8t,HumanEval_56,3,True,18.34
two-turn-nc-0.6nt-8t,HumanEval_56,4,True,18.0
two-turn-nc-0.6nt-8t,HumanEval_57,0,True,23.24
two-turn-nc-0.6nt-8t,HumanEval_57,1,True,22.96
two-turn-nc-0.6nt-8t,HumanEval_57,2,True,41.44
two-turn-nc-0.6nt-8t,HumanEval_57,3,True,27.0
two-turn-nc-0.6nt-8t,HumanEval_57,4,True,27.92
two-turn-nc-0.6nt-8t,HumanEval_58,0,True,22.68
two-turn-nc-0.6nt-8t,HumanEval_58,1,True,16.64
two-turn-nc-0.6nt-8t,HumanEval_58,2,True,0.77
two-turn-nc-0.6nt-8t,HumanEval_58,3,True,0.69
two-turn-nc-0.6nt-8t,HumanEval_58,4,True,0.81
two-turn-nc-0.6nt-8t,HumanEval_59,0,True,43.04
two-turn-nc-0.6nt-8t,HumanEval_59,1,True,0.89
two-turn-nc-0.6nt-8t,HumanEval_59,2,True,0.67
two-turn-nc-0.6nt-8t,HumanEval_59,3,True,39.58
two-turn-nc-0.6nt-8t,HumanEval_59,4,True,56.37
two-turn-nc-0.6nt-8t,HumanEval_6,0,True,26.57
two-turn-nc-0.6nt-8t,HumanEval_6,1,True,19.53
two-turn-nc-0.6nt-8t,HumanEval_6,2,True,23.33
two-turn-nc-0.6nt-8t,HumanEval_6,3,True,22.74
two-turn-nc-0.6nt-8t,HumanEval_6,4,True,25.04
two-turn-nc-0.6nt-8t,HumanEval_60,0,True,0.65
two-turn-nc-0.6nt-8t,HumanEval_60,1,True,0.55
two-turn-nc-0.6nt-8t,HumanEval_60,2,True,0.8
two-turn-nc-0.6nt-8t,HumanEval_60,3,True,0.72
two-turn-nc-0.6nt-8t,HumanEval_60,4,True,0.67
two-turn-nc-0.6nt-8t,HumanEval_61,0,True,14.15
two-turn-nc-0.6nt-8t,HumanEval_61,1,True,0.68
two-turn-nc-0.6nt-8t,HumanEval_61,2,True,16.03
two-turn-nc-0.6nt-8t,HumanEval_61,3,True,15.48
two-turn-nc-0.6nt-8t,HumanEval_61,4,True,0.74
two-turn-nc-0.6nt-8t,HumanEval_62,0,True,26.06
two-turn-nc-0.6nt-8t,HumanEval_62,1,False,41.54
two-turn-nc-0.6nt-8t,HumanEval_62,2,False,57.53
two-turn-nc-0.6nt-8t,HumanEval_62,3,True,34.62
two-turn-nc-0.6nt-8t,HumanEval_62,4,True,22.09
two-turn-nc-0.6nt-8t,HumanEval_63,0,True,0.8
two-turn-nc-0.6nt-8t,HumanEval_63,1,True,0.84
two-turn-nc-0.6nt-8t,HumanEval_63,2,True,0.87
two-turn-nc-0.6nt-8t,HumanEval_63,3,True,0.93
two-turn-nc-0.6nt-8t,HumanEval_63,4,True,45.51
two-turn-nc-0.6nt-8t,HumanEval_64,0,False,37.19
two-turn-nc-0.6nt-8t,HumanEval_64,1,True,36.76
two-turn-nc-0.6nt-8t,HumanEval_64,2,True,41.47
two-turn-nc-0.6nt-8t,HumanEval_64,3,True,45.91
two-turn-nc-0.6nt-8t,HumanEval_64,4,True,74.8
two-turn-nc-0.6nt-8t,HumanEval_65,0,True,39.58
two-turn-nc-0.6nt-8t,HumanEval_65,1,True,35.15
two-turn-nc-0.6nt-8t,HumanEval_65,2,True,37.15
two-turn-nc-0.6nt-8t,HumanEval_65,3,True,26.97
two-turn-nc-0.6nt-8t,HumanEval_65,4,True,30.48
two-turn-nc-0.6nt-8t,HumanEval_66,0,True,0.69
two-turn-nc-0.6nt-8t,HumanEval_66,1,True,0.72
two-turn-nc-0.6nt-8t,HumanEval_66,2,True,0.7
two-turn-nc-0.6nt-8t,HumanEval_66,3,True,0.81
two-turn-nc-0.6nt-8t,HumanEval_66,4,True,0.82
two-turn-nc-0.6nt-8t,HumanEval_67,0,True,23.59
two-turn-nc-0.6nt-8t,HumanEval_67,1,True,22.54
two-turn-nc-0.6nt-8t,HumanEval_67,2,True,30.17
two-turn-nc-0.6nt-8t,HumanEval_67,3,True,22.21
two-turn-nc-0.6nt-8t,HumanEval_67,4,True,36.19
two-turn-nc-0.6nt-8t,HumanEval_68,0,True,65.37
two-turn-nc-0.6nt-8t,HumanEval_68,1,True,1.39
two-turn-nc-0.6nt-8t,HumanEval_68,2,True,38.73
two-turn-nc-0.6nt-8t,HumanEval_68,3,True,81.36
two-turn-nc-0.6nt-8t,HumanEval_68,4,True,43.41
two-turn-nc-0.6nt-8t,HumanEval_69,0,True,57.18
two-turn-nc-0.6nt-8t,HumanEval_69,1,True,29.17
two-turn-nc-0.6nt-8t,HumanEval_69,2,True,37.92
two-turn-nc-0.6nt-8t,HumanEval_69,3,True,30.16
two-turn-nc-0.6nt-8t,HumanEval_69,4,True,34.99
two-turn-nc-0.6nt-8t,HumanEval_7,0,True,0.54
two-turn-nc-0.6nt-8t,HumanEval_7,1,True,0.77
two-turn-nc-0.6nt-8t,HumanEval_7,2,True,0.72
two-turn-nc-0.6nt-8t,HumanEval_7,3,True,0.72
two-turn-nc-0.6nt-8t,HumanEval_7,4,True,0.53
two-turn-nc-0.6nt-8t,HumanEval_70,0,True,0.86
two-turn-nc-0.6nt-8t,HumanEval_70,1,True,85.18
two-turn-nc-0.6nt-8t,HumanEval_70,2,True,24.75
two-turn-nc-0.6nt-8t,HumanEval_70,3,True,32.23
two-turn-nc-0.6nt-8t,HumanEval_70,4,True,33.64
two-turn-nc-0.6nt-8t,HumanEval_71,0,True,61.47
two-turn-nc-0.6nt-8t,HumanEval_71,1,True,51.85
two-turn-nc-0.6nt-8t,HumanEval_71,2,True,63.59
two-turn-nc-0.6nt-8t,HumanEval_71,3,True,75.34
two-turn-nc-0.6nt-8t,HumanEval_71,4,True,52.5
two-turn-nc-0.6nt-8t,HumanEval_72,0,True,0.76
two-turn-nc-0.6nt-8t,HumanEval_72,1,True,15.94
two-turn-nc-0.6nt-8t,HumanEval_72,2,True,0.77
two-turn-nc-0.6nt-8t,HumanEval_72,3,True,0.7
two-turn-nc-0.6nt-8t,HumanEval_72,4,True,1.05
two-turn-nc-0.6nt-8t,HumanEval_73,0,True,0.81
two-turn-nc-0.6nt-8t,HumanEval_73,1,True,0.91
two-turn-nc-0.6nt-8t,HumanEval_73,2,True,0.84
two-turn-nc-0.6nt-8t,HumanEval_73,3,True,0.86
two-turn-nc-0.6nt-8t,HumanEval_73,4,True,0.91
two-turn-nc-0.6nt-8t,HumanEval_74,0,True,0.99
two-turn-nc-0.6nt-8t,HumanEval_74,1,True,0.99
two-turn-nc-0.6nt-8t,HumanEval_74,2,True,23.8
two-turn-nc-0.6nt-8t,HumanEval_74,3,True,0.95
two-turn-nc-0.6nt-8t,HumanEval_74,4,True,0.96
two-turn-nc-0.6nt-8t,HumanEval_75,0,True,60.84
two-turn-nc-0.6nt-8t,HumanEval_75,1,True,63.38
two-turn-nc-0.6nt-8t,HumanEval_75,2,False,92.52
two-turn-nc-0.6nt-8t,HumanEval_75,3,True,97.47
two-turn-nc-0.6nt-8t,HumanEval_75,4,True,61.58
two-turn-nc-0.6nt-8t,HumanEval_76,0,True,124.81
two-turn-nc-0.6nt-8t,HumanEval_76,1,True,175.17
two-turn-nc-0.6nt-8t,HumanEval_76,2,True,93.65
two-turn-nc-0.6nt-8t,HumanEval_76,3,True,67.69
two-turn-nc-0.6nt-8t,HumanEval_76,4,True,91.81
two-turn-nc-0.6nt-8t,HumanEval_77,0,True,702.54
two-turn-nc-0.6nt-8t,HumanEval_77,1,True,122.77
two-turn-nc-0.6nt-8t,HumanEval_77,2,True,106.33
two-turn-nc-0.6nt-8t,HumanEval_77,3,True,90.11
two-turn-nc-0.6nt-8t,HumanEval_77,4,True,127.36
two-turn-nc-0.6nt-8t,HumanEval_78,0,True,18.15
two-turn-nc-0.6nt-8t,HumanEval_78,1,True,1.39
two-turn-nc-0.6nt-8t,HumanEval_78,2,True,18.12
two-turn-nc-0.6nt-8t,HumanEval_78,3,True,1.33
two-turn-nc-0.6nt-8t,HumanEval_78,4,True,1.36
two-turn-nc-0.6nt-8t,HumanEval_79,0,True,0.82
two-turn-nc-0.6nt-8t,HumanEval_79,1,True,0.81
two-turn-nc-0.6nt-8t,HumanEval_79,2,True,0.82
two-turn-nc-0.6nt-8t,HumanEval_79,3,True,24.91
two-turn-nc-0.6nt-8t,HumanEval_79,4,True,0.8
two-turn-nc-0.6nt-8t,HumanEval_8,0,True,0.74
two-turn-nc-0.6nt-8t,HumanEval_8,1,True,0.73
two-turn-nc-0.6nt-8t,HumanEval_8,2,True,0.72
two-turn-nc-0.6nt-8t,HumanEval_8,3,True,0.72
two-turn-nc-0.6nt-8t,HumanEval_8,4,True,0.73
two-turn-nc-0.6nt-8t,HumanEval_80,0,True,28.25
two-turn-nc-0.6nt-8t,HumanEval_80,1,True,0.84
two-turn-nc-0.6nt-8t,HumanEval_80,2,True,28.28
two-turn-nc-0.6nt-8t,HumanEval_80,3,True,28.3
two-turn-nc-0.6nt-8t,HumanEval_80,4,True,0.79
two-turn-nc-0.6nt-8t,HumanEval_81,0,True,79.72
two-turn-nc-0.6nt-8t,HumanEval_81,1,True,70.55
two-turn-nc-0.6nt-8t,HumanEval_81,2,True,155.26
two-turn-nc-0.6nt-8t,HumanEval_81,3,True,77.46
two-turn-nc-0.6nt-8t,HumanEval_81,4,True,86.24
two-turn-nc-0.6nt-8t,HumanEval_82,0,True,0.87
two-turn-nc-0.6nt-8t,HumanEval_82,1,True,0.88
two-turn-nc-0.6nt-8t,HumanEval_82,2,True,0.89
two-turn-nc-0.6nt-8t,HumanEval_82,3,True,28.35
two-turn-nc-0.6nt-8t,HumanEval_82,4,True,1.17
two-turn-nc-0.6nt-8t,HumanEval_83,0,True,69.6
two-turn-nc-0.6nt-8t,HumanEval_83,1,True,54.17
two-turn-nc-0.6nt-8t,HumanEval_83,2,True,42.88
two-turn-nc-0.6nt-8t,HumanEval_83,3,True,50.29
two-turn-nc-0.6nt-8t,HumanEval_83,4,True,34.19
two-turn-nc-0.6nt-8t,HumanEval_84,0,True,19.36
two-turn-nc-0.6nt-8t,HumanEval_84,1,True,20.01
two-turn-nc-0.6nt-8t,HumanEval_84,2,True,17.15
two-turn-nc-0.6nt-8t,HumanEval_84,3,True,18.32
two-turn-nc-0.6nt-8t,HumanEval_84,4,True,18.78
two-turn-nc-0.6nt-8t,HumanEval_85,0,True,13.73
two-turn-nc-0.6nt-8t,HumanEval_85,1,True,12.43
two-turn-nc-0.6nt-8t,HumanEval_85,2,True,18.66
two-turn-nc-0.6nt-8t,HumanEval_85,3,True,18.45
two-turn-nc-0.6nt-8t,HumanEval_85,4,True,14.2
two-turn-nc-0.6nt-8t,HumanEval_86,0,True,54.66
two-turn-nc-0.6nt-8t,HumanEval_86,1,True,80.11
two-turn-nc-0.6nt-8t,HumanEval_86,2,True,83.85
two-turn-nc-0.6nt-8t,HumanEval_86,3,True,70.94
two-turn-nc-0.6nt-8t,HumanEval_86,4,True,51.97
two-turn-nc-0.6nt-8t,HumanEval_87,0,True,47.39
two-turn-nc-0.6nt-8t,HumanEval_87,1,True,43.6
two-turn-nc-0.6nt-8t,HumanEval_87,2,True,41.73
two-turn-nc-0.6nt-8t,HumanEval_87,3,True,46.97
two-turn-nc-0.6nt-8t,HumanEval_87,4,True,1.1
two-turn-nc-0.6nt-8t,HumanEval_88,0,True,36.01
two-turn-nc-0.6nt-8t,HumanEval_88,1,True,35.73
two-turn-nc-0.6nt-8t,HumanEval_88,2,True,29.88
two-turn-nc-0.6nt-8t,HumanEval_88,3,True,26.54
two-turn-nc-0.6nt-8t,HumanEval_88,4,True,57.7
two-turn-nc-0.6nt-8t,HumanEval_89,0,True,39.12
two-turn-nc-0.6nt-8t,HumanEval_89,1,True,66.14
two-turn-nc-0.6nt-8t,HumanEval_89,2,True,34.2
two-turn-nc-0.6nt-8t,HumanEval_89,3,True,25.95
two-turn-nc-0.6nt-8t,HumanEval_89,4,True,32.05
two-turn-nc-0.6nt-8t,HumanEval_9,0,True,29.08
two-turn-nc-0.6nt-8t,HumanEval_9,1,True,0.67
two-turn-nc-0.6nt-8t,HumanEval_9,2,True,0.75
two-turn-nc-0.6nt-8t,HumanEval_9,3,True,22.77
two-turn-nc-0.6nt-8t,HumanEval_9,4,True,0.66
two-turn-nc-0.6nt-8t,HumanEval_90,0,True,71.76
two-turn-nc-0.6nt-8t,HumanEval_90,1,True,646.79
two-turn-nc-0.6nt-8t,HumanEval_90,2,True,38.01
two-turn-nc-0.6nt-8t,HumanEval_90,3,True,46.47
two-turn-nc-0.6nt-8t,HumanEval_90,4,True,89.69
two-turn-nc-0.6nt-8t,HumanEval_91,0,False,76.76
two-turn-nc-0.6nt-8t,HumanEval_91,1,False,45.71
two-turn-nc-0.6nt-8t,HumanEval_91,2,False,48.99
two-turn-nc-0.6nt-8t,HumanEval_91,3,False,68.69
two-turn-nc-0.6nt-8t,HumanEval_91,4,False,107.59
two-turn-nc-0.6nt-8t,HumanEval_92,0,False,95.4
two-turn-nc-0.6nt-8t,HumanEval_92,1,True,0.85
two-turn-nc-0.6nt-8t,HumanEval_92,2,True,0.87
two-turn-nc-0.6nt-8t,HumanEval_92,3,True,0.86
two-turn-nc-0.6nt-8t,HumanEval_92,4,True,0.92
two-turn-nc-0.6nt-8t,HumanEval_93,0,True,118.43
two-turn-nc-0.6nt-8t,HumanEval_93,1,True,102.83
two-turn-nc-0.6nt-8t,HumanEval_93,2,True,98.31
two-turn-nc-0.6nt-8t,HumanEval_93,3,True,74.88
two-turn-nc-0.6nt-8t,HumanEval_93,4,True,69.42
two-turn-nc-0.6nt-8t,HumanEval_94,0,True,46.65
two-turn-nc-0.6nt-8t,HumanEval_94,1,True,1.43
two-turn-nc-0.6nt-8t,HumanEval_94,2,True,45.44
two-turn-nc-0.6nt-8t,HumanEval_94,3,True,65.42
two-turn-nc-0.6nt-8t,HumanEval_94,4,True,43.53
two-turn-nc-0.6nt-8t,HumanEval_95,0,True,47.35
two-turn-nc-0.6nt-8t,HumanEval_95,1,True,36.7
two-turn-nc-0.6nt-8t,HumanEval_95,2,True,57.07
two-turn-nc-0.6nt-8t,HumanEval_95,3,True,29.03
two-turn-nc-0.6nt-8t,HumanEval_95,4,True,42.14
two-turn-nc-0.6nt-8t,HumanEval_96,0,True,0.87
two-turn-nc-0.6nt-8t,HumanEval_96,1,True,1.01
two-turn-nc-0.6nt-8t,HumanEval_96,2,True,0.9
two-turn-nc-0.6nt-8t,HumanEval_96,3,True,1.0
two-turn-nc-0.6nt-8t,HumanEval_96,4,True,1.1
two-turn-nc-0.6nt-8t,HumanEval_97,0,True,0.54
two-turn-nc-0.6nt-8t,HumanEval_97,1,True,0.67
two-turn-nc-0.6nt-8t,HumanEval_97,2,True,0.63
two-turn-nc-0.6nt-8t,HumanEval_97,3,True,0.65
two-turn-nc-0.6nt-8t,HumanEval_97,4,True,19.25
two-turn-nc-0.6nt-8t,HumanEval_98,0,True,17.93
two-turn-nc-0.6nt-8t,HumanEval_98,1,True,20.41
two-turn-nc-0.6nt-8t,HumanEval_98,2,True,21.22
two-turn-nc-0.6nt-8t,HumanEval_98,3,True,0.65
two-turn-nc-0.6nt-8t,HumanEval_98,4,True,0.64
two-turn-nc-0.6nt-8t,HumanEval_99,0,True,724.77
two-turn-nc-0.6nt-8t,HumanEval_99,1,True,117.32
two-turn-nc-0.6nt-8t,HumanEval_99,2,True,138.15
two-turn-nc-0.6nt-8t,HumanEval_99,3,False,1200.085036277771
two-turn-nc-0.6nt-8t,HumanEval_99,4,True,112.75
two-turn-nc-1.7nt-1.7t,HumanEval_0,0,True,10.73
two-turn-nc-1.7nt-1.7t,HumanEval_0,1,True,11.52
two-turn-nc-1.7nt-1.7t,HumanEval_1,0,False,91.89
two-turn-nc-1.7nt-1.7t,HumanEval_1,1,False,104.27
two-turn-nc-1.7nt-1.7t,HumanEval_10,0,True,56.81
two-turn-nc-1.7nt-1.7t,HumanEval_10,1,True,3.82
two-turn-nc-1.7nt-1.7t,HumanEval_100,0,True,9.9
two-turn-nc-1.7nt-1.7t,HumanEval_100,1,True,3.92
two-turn-nc-1.7nt-1.7t,HumanEval_101,0,True,8.59
two-turn-nc-1.7nt-1.7t,HumanEval_101,1,False,16.77
two-turn-nc-1.7nt-1.7t,HumanEval_102,0,False,14.39
two-turn-nc-1.7nt-1.7t,HumanEval_102,1,True,3.46
two-turn-nc-1.7nt-1.7t,HumanEval_103,0,False,11.44
two-turn-nc-1.7nt-1.7t,HumanEval_103,1,True,4.41
two-turn-nc-1.7nt-1.7t,HumanEval_104,0,True,16.37
two-turn-nc-1.7nt-1.7t,HumanEval_104,1,True,3.61
two-turn-nc-1.7nt-1.7t,HumanEval_105,0,True,4.86
two-turn-nc-1.7nt-1.7t,HumanEval_105,1,True,4.49
two-turn-nc-1.7nt-1.7t,HumanEval_106,0,True,3.81
two-turn-nc-1.7nt-1.7t,HumanEval_106,1,True,3.75
two-turn-nc-1.7nt-1.7t,HumanEval_107,0,True,3.82
two-turn-nc-1.7nt-1.7t,HumanEval_107,1,True,4.09
two-turn-nc-1.7nt-1.7t,HumanEval_108,0,False,36.41
two-turn-nc-1.7nt-1.7t,HumanEval_108,1,True,18.96
two-turn-nc-1.7nt-1.7t,HumanEval_109,0,True,4.08
two-turn-nc-1.7nt-1.7t,HumanEval_109,1,True,5.29
two-turn-nc-1.7nt-1.7t,HumanEval_11,0,True,3.73
two-turn-nc-1.7nt-1.7t,HumanEval_11,1,True,3.0
two-turn-nc-1.7nt-1.7t,HumanEval_110,0,True,4.87
two-turn-nc-1.7nt-1.7t,HumanEval_110,1,True,4.72
two-turn-nc-1.7nt-1.7t,HumanEval_111,0,True,3.28
two-turn-nc-1.7nt-1.7t,HumanEval_111,1,True,4.54
two-turn-nc-1.7nt-1.7t,HumanEval_112,0,True,3.1
two-turn-nc-1.7nt-1.7t,HumanEval_112,1,True,3.02
two-turn-nc-1.7nt-1.7t,HumanEval_113,0,True,3.88
two-turn-nc-1.7nt-1.7t,HumanEval_113,1,True,3.46
two-turn-nc-1.7nt-1.7t,HumanEval_114,0,True,10.53
two-turn-nc-1.7nt-1.7t,HumanEval_114,1,True,12.5
two-turn-nc-1.7nt-1.7t,HumanEval_115,0,True,4.88
two-turn-nc-1.7nt-1.7t,HumanEval_115,1,True,5.42
two-turn-nc-1.7nt-1.7t,HumanEval_116,0,True,3.49
two-turn-nc-1.7nt-1.7t,HumanEval_116,1,True,4.02
two-turn-nc-1.7nt-1.7t,HumanEval_117,0,False,20.96
two-turn-nc-1.7nt-1.7t,HumanEval_117,1,False,15.06
two-turn-nc-1.7nt-1.7t,HumanEval_118,0,True,22.37
two-turn-nc-1.7nt-1.7t,HumanEval_118,1,True,4.25
two-turn-nc-1.7nt-1.7t,HumanEval_119,0,True,4.48
two-turn-nc-1.7nt-1.7t,HumanEval_119,1,True,23.4
two-turn-nc-1.7nt-1.7t,HumanEval_12,0,True,2.96
two-turn-nc-1.7nt-1.7t,HumanEval_12,1,True,3.23
two-turn-nc-1.7nt-1.7t,HumanEval_120,0,True,12.62
two-turn-nc-1.7nt-1.7t,HumanEval_120,1,True,11.62
two-turn-nc-1.7nt-1.7t,HumanEval_121,0,True,3.5
two-turn-nc-1.7nt-1.7t,HumanEval_121,1,True,3.38
two-turn-nc-1.7nt-1.7t,HumanEval_122,0,True,10.62
two-turn-nc-1.7nt-1.7t,HumanEval_122,1,True,11.35
two-turn-nc-1.7nt-1.7t,HumanEval_123,0,True,3.98
two-turn-nc-1.7nt-1.7t,HumanEval_123,1,True,4.43
two-turn-nc-1.7nt-1.7t,HumanEval_124,0,True,4.68
two-turn-nc-1.7nt-1.7t,HumanEval_124,1,True,50.29
two-turn-nc-1.7nt-1.7t,HumanEval_125,0,True,3.64
two-turn-nc-1.7nt-1.7t,HumanEval_125,1,False,12.48
two-turn-nc-1.7nt-1.7t,HumanEval_126,0,False,23.94
two-turn-nc-1.7nt-1.7t,HumanEval_126,1,False,25.33
two-turn-nc-1.7nt-1.7t,HumanEval_127,0,True,4.36
two-turn-nc-1.7nt-1.7t,HumanEval_127,1,True,4.18
two-turn-nc-1.7nt-1.7t,HumanEval_128,0,True,3.86
two-turn-nc-1.7nt-1.7t,HumanEval_128,1,True,11.62
two-turn-nc-1.7nt-1.7t,HumanEval_129,0,False,46.72
two-turn-nc-1.7nt-1.7t,HumanEval_129,1,True,44.92
two-turn-nc-1.7nt-1.7t,HumanEval_13,0,True,2.68
two-turn-nc-1.7nt-1.7t,HumanEval_13,1,True,2.23
two-turn-nc-1.7nt-1.7t,HumanEval_130,0,True,54.72
two-turn-nc-1.7nt-1.7t,HumanEval_130,1,True,65.76
two-turn-nc-1.7nt-1.7t,HumanEval_131,0,True,13.86
two-turn-nc-1.7nt-1.7t,HumanEval_131,1,True,34.02
two-turn-nc-1.7nt-1.7t,HumanEval_132,0,False,63.74
two-turn-nc-1.7nt-1.7t,HumanEval_132,1,False,30.38
two-turn-nc-1.7nt-1.7t,HumanEval_133,0,True,4.0
two-turn-nc-1.7nt-1.7t,HumanEval_133,1,True,4.51
two-turn-nc-1.7nt-1.7t,HumanEval_134,0,False,61.77
two-turn-nc-1.7nt-1.7t,HumanEval_134,1,False,86.49
two-turn-nc-1.7nt-1.7t,HumanEval_135,0,True,3.49
two-turn-nc-1.7nt-1.7t,HumanEval_135,1,True,4.0
two-turn-nc-1.7nt-1.7t,HumanEval_136,0,True,3.85
two-turn-nc-1.7nt-1.7t,HumanEval_136,1,True,3.99
two-turn-nc-1.7nt-1.7t,HumanEval_137,0,True,18.85
two-turn-nc-1.7nt-1.7t,HumanEval_137,1,True,19.03
two-turn-nc-1.7nt-1.7t,HumanEval_138,0,True,10.85
two-turn-nc-1.7nt-1.7t,HumanEval_138,1,True,11.17
two-turn-nc-1.7nt-1.7t,HumanEval_139,0,True,9.78
two-turn-nc-1.7nt-1.7t,HumanEval_139,1,True,11.61
two-turn-nc-1.7nt-1.7t,HumanEval_14,0,True,2.12
two-turn-nc-1.7nt-1.7t,HumanEval_14,1,True,2.3
two-turn-nc-1.7nt-1.7t,HumanEval_140,0,True,19.56
two-turn-nc-1.7nt-1.7t,HumanEval_140,1,False,19.86
two-turn-nc-1.7nt-1.7t,HumanEval_141,0,False,15.9
two-turn-nc-1.7nt-1.7t,HumanEval_141,1,True,14.74
two-turn-nc-1.7nt-1.7t,HumanEval_142,0,True,3.38
two-turn-nc-1.7nt-1.7t,HumanEval_142,1,True,3.57
two-turn-nc-1.7nt-1.7t,HumanEval_143,0,True,3.59
two-turn-nc-1.7nt-1.7t,HumanEval_143,1,True,3.7
two-turn-nc-1.7nt-1.7t,HumanEval_144,0,True,8.8
two-turn-nc-1.7nt-1.7t,HumanEval_144,1,True,18.02
two-turn-nc-1.7nt-1.7t,HumanEval_145,0,False,62.82
two-turn-nc-1.7nt-1.7t,HumanEval_145,1,False,50.51
two-turn-nc-1.7nt-1.7t,HumanEval_146,0,True,3.98
two-turn-nc-1.7nt-1.7t,HumanEval_146,1,True,29.02
two-turn-nc-1.7nt-1.7t,HumanEval_147,0,True,4.12
two-turn-nc-1.7nt-1.7t,HumanEval_147,1,True,3.77
two-turn-nc-1.7nt-1.7t,HumanEval_148,0,True,16.27
two-turn-nc-1.7nt-1.7t,HumanEval_148,1,False,15.54
two-turn-nc-1.7nt-1.7t,HumanEval_149,0,True,3.61
two-turn-nc-1.7nt-1.7t,HumanEval_149,1,True,3.06
two-turn-nc-1.7nt-1.7t,HumanEval_15,0,True,2.09
two-turn-nc-1.7nt-1.7t,HumanEval_15,1,True,2.16
two-turn-nc-1.7nt-1.7t,HumanEval_150,0,True,3.22
two-turn-nc-1.7nt-1.7t,HumanEval_150,1,True,3.82
two-turn-nc-1.7nt-1.7t,HumanEval_151,0,True,3.12
two-turn-nc-1.7nt-1.7t,HumanEval_151,1,True,3.27
two-turn-nc-1.7nt-1.7t,HumanEval_152,0,True,2.24
two-turn-nc-1.7nt-1.7t,HumanEval_152,1,True,3.23
two-turn-nc-1.7nt-1.7t,HumanEval_153,0,True,19.65
two-turn-nc-1.7nt-1.7t,HumanEval_153,1,True,17.65
two-turn-nc-1.7nt-1.7t,HumanEval_154,0,True,3.65
two-turn-nc-1.7nt-1.7t,HumanEval_154,1,True,4.07
two-turn-nc-1.7nt-1.7t,HumanEval_155,0,True,6.39
two-turn-nc-1.7nt-1.7t,HumanEval_155,1,True,7.74
two-turn-nc-1.7nt-1.7t,HumanEval_156,0,True,3.34
two-turn-nc-1.7nt-1.7t,HumanEval_156,1,True,3.9
two-turn-nc-1.7nt-1.7t,HumanEval_157,0,True,3.23
two-turn-nc-1.7nt-1.7t,HumanEval_157,1,True,3.1
two-turn-nc-1.7nt-1.7t,HumanEval_158,0,True,3.77
two-turn-nc-1.7nt-1.7t,HumanEval_158,1,True,3.77
two-turn-nc-1.7nt-1.7t,HumanEval_159,0,True,15.8
two-turn-nc-1.7nt-1.7t,HumanEval_159,1,True,15.99
two-turn-nc-1.7nt-1.7t,HumanEval_16,0,True,2.3
two-turn-nc-1.7nt-1.7t,HumanEval_16,1,True,2.3
two-turn-nc-1.7nt-1.7t,HumanEval_160,0,True,14.47
two-turn-nc-1.7nt-1.7t,HumanEval_160,1,True,30.94
two-turn-nc-1.7nt-1.7t,HumanEval_161,0,True,3.81
two-turn-nc-1.7nt-1.7t,HumanEval_161,1,True,3.75
two-turn-nc-1.7nt-1.7t,HumanEval_162,0,True,3.25
two-turn-nc-1.7nt-1.7t,HumanEval_162,1,True,2.99
two-turn-nc-1.7nt-1.7t,HumanEval_163,0,False,38.4
two-turn-nc-1.7nt-1.7t,HumanEval_163,1,False,38.64
two-turn-nc-1.7nt-1.7t,HumanEval_17,0,True,9.71
two-turn-nc-1.7nt-1.7t,HumanEval_17,1,True,3.06
two-turn-nc-1.7nt-1.7t,HumanEval_18,0,True,3.21
two-turn-nc-1.7nt-1.7t,HumanEval_18,1,True,2.91
two-turn-nc-1.7nt-1.7t,HumanEval_19,0,False,9.36
two-turn-nc-1.7nt-1.7t,HumanEval_19,1,False,10.7
two-turn-nc-1.7nt-1.7t,HumanEval_2,0,True,8.27
two-turn-nc-1.7nt-1.7t,HumanEval_2,1,True,3.3
two-turn-nc-1.7nt-1.7t,HumanEval_20,0,True,3.78
two-turn-nc-1.7nt-1.7t,HumanEval_20,1,True,24.12
two-turn-nc-1.7nt-1.7t,HumanEval_21,0,True,3.35
two-turn-nc-1.7nt-1.7t,HumanEval_21,1,True,3.12
two-turn-nc-1.7nt-1.7t,HumanEval_22,0,True,2.93
two-turn-nc-1.7nt-1.7t,HumanEval_22,1,True,2.36
two-turn-nc-1.7nt-1.7t,HumanEval_23,0,True,1.89
two-turn-nc-1.7nt-1.7t,HumanEval_23,1,True,2.02
two-turn-nc-1.7nt-1.7t,HumanEval_24,0,True,2.77
two-turn-nc-1.7nt-1.7t,HumanEval_24,1,True,15.42
two-turn-nc-1.7nt-1.7t,HumanEval_25,0,True,3.44
two-turn-nc-1.7nt-1.7t,HumanEval_25,1,True,3.88
two-turn-nc-1.7nt-1.7t,HumanEval_26,0,True,20.35
two-turn-nc-1.7nt-1.7t,HumanEval_26,1,True,30.13
two-turn-nc-1.7nt-1.7t,HumanEval_27,0,True,1.97
two-turn-nc-1.7nt-1.7t,HumanEval_27,1,True,2.36
two-turn-nc-1.7nt-1.7t,HumanEval_28,0,True,2.0
two-turn-nc-1.7nt-1.7t,HumanEval_28,1,True,2.3
two-turn-nc-1.7nt-1.7t,HumanEval_29,0,True,2.8
two-turn-nc-1.7nt-1.7t,HumanEval_29,1,True,2.41
two-turn-nc-1.7nt-1.7t,HumanEval_3,0,True,3.31
two-turn-nc-1.7nt-1.7t,HumanEval_3,1,True,3.09
two-turn-nc-1.7nt-1.7t,HumanEval_30,0,True,2.78
two-turn-nc-1.7nt-1.7t,HumanEval_30,1,True,2.78
two-turn-nc-1.7nt-1.7t,HumanEval_31,0,True,3.54
two-turn-nc-1.7nt-1.7t,HumanEval_31,1,True,3.54
two-turn-nc-1.7nt-1.7t,HumanEval_32,0,False,52.58
two-turn-nc-1.7nt-1.7t,HumanEval_32,1,False,305.11
two-turn-nc-1.7nt-1.7t,HumanEval_33,0,True,3.65
two-turn-nc-1.7nt-1.7t,HumanEval_33,1,True,4.13
two-turn-nc-1.7nt-1.7t,HumanEval_34,0,True,2.37
two-turn-nc-1.7nt-1.7t,HumanEval_34,1,True,2.63
two-turn-nc-1.7nt-1.7t,HumanEval_35,0,True,2.34
two-turn-nc-1.7nt-1.7t,HumanEval_35,1,True,2.35
two-turn-nc-1.7nt-1.7t,HumanEval_36,0,True,3.28
two-turn-nc-1.7nt-1.7t,HumanEval_36,1,True,3.0
two-turn-nc-1.7nt-1.7t,HumanEval_37,0,True,3.21
two-turn-nc-1.7nt-1.7t,HumanEval_37,1,True,3.09
two-turn-nc-1.7nt-1.7t,HumanEval_38,0,False,22.1
two-turn-nc-1.7nt-1.7t,HumanEval_38,1,False,14.24
two-turn-nc-1.7nt-1.7t,HumanEval_39,0,True,3.79
two-turn-nc-1.7nt-1.7t,HumanEval_39,1,True,77.83
two-turn-nc-1.7nt-1.7t,HumanEval_4,0,True,3.34
two-turn-nc-1.7nt-1.7t,HumanEval_4,1,True,3.1
two-turn-nc-1.7nt-1.7t,HumanEval_40,0,True,3.4
two-turn-nc-1.7nt-1.7t,HumanEval_40,1,True,3.87
two-turn-nc-1.7nt-1.7t,HumanEval_41,0,True,2.94
two-turn-nc-1.7nt-1.7t,HumanEval_41,1,True,2.74
two-turn-nc-1.7nt-1.7t,HumanEval_42,0,True,2.99
two-turn-nc-1.7nt-1.7t,HumanEval_42,1,True,2.29
two-turn-nc-1.7nt-1.7t,HumanEval_43,0,True,3.57
two-turn-nc-1.7nt-1.7t,HumanEval_43,1,True,3.17
two-turn-nc-1.7nt-1.7t,HumanEval_44,0,True,11.75
two-turn-nc-1.7nt-1.7t,HumanEval_44,1,True,3.17
two-turn-nc-1.7nt-1.7t,HumanEval_45,0,True,2.9
two-turn-nc-1.7nt-1.7t,HumanEval_45,1,True,1.94
two-turn-nc-1.7nt-1.7t,HumanEval_46,0,True,4.61
two-turn-nc-1.7nt-1.7t,HumanEval_46,1,True,4.22
two-turn-nc-1.7nt-1.7t,HumanEval_47,0,True,3.23
two-turn-nc-1.7nt-1.7t,HumanEval_47,1,True,2.82
two-turn-nc-1.7nt-1.7t,HumanEval_48,0,True,2.61
two-turn-nc-1.7nt-1.7t,HumanEval_48,1,True,2.28
two-turn-nc-1.7nt-1.7t,HumanEval_49,0,True,3.29
two-turn-nc-1.7nt-1.7t,HumanEval_49,1,True,3.38
two-turn-nc-1.7nt-1.7t,HumanEval_5,0,True,8.11
two-turn-nc-1.7nt-1.7t,HumanEval_5,1,True,2.74
two-turn-nc-1.7nt-1.7t,HumanEval_50,0,True,3.4
two-turn-nc-1.7nt-1.7t,HumanEval_50,1,True,3.13
two-turn-nc-1.7nt-1.7t,HumanEval_51,0,True,3.38
two-turn-nc-1.7nt-1.7t,HumanEval_51,1,True,3.2
two-turn-nc-1.7nt-1.7t,HumanEval_52,0,True,2.47
two-turn-nc-1.7nt-1.7t,HumanEval_52,1,True,2.21
two-turn-nc-1.7nt-1.7t,HumanEval_53,0,True,2.54
two-turn-nc-1.7nt-1.7t,HumanEval_53,1,True,1.99
two-turn-nc-1.7nt-1.7t,HumanEval_54,0,True,3.17
two-turn-nc-1.7nt-1.7t,HumanEval_54,1,True,11.44
two-turn-nc-1.7nt-1.7t,HumanEval_55,0,True,3.05
two-turn-nc-1.7nt-1.7t,HumanEval_55,1,True,7.85
two-turn-nc-1.7nt-1.7t,HumanEval_56,0,True,3.43
two-turn-nc-1.7nt-1.7t,HumanEval_56,1,True,3.25
two-turn-nc-1.7nt-1.7t,HumanEval_57,0,True,11.5
two-turn-nc-1.7nt-1.7t,HumanEval_57,1,True,9.76
two-turn-nc-1.7nt-1.7t,HumanEval_58,0,True,3.26
two-turn-nc-1.7nt-1.7t,HumanEval_58,1,True,2.8
two-turn-nc-1.7nt-1.7t,HumanEval_59,0,True,3.33
two-turn-nc-1.7nt-1.7t,HumanEval_59,1,True,3.9
two-turn-nc-1.7nt-1.7t,HumanEval_6,0,True,3.76
two-turn-nc-1.7nt-1.7t,HumanEval_6,1,True,3.25
two-turn-nc-1.7nt-1.7t,HumanEval_60,0,True,2.73
two-turn-nc-1.7nt-1.7t,HumanEval_60,1,True,2.9
two-turn-nc-1.7nt-1.7t,HumanEval_61,0,True,2.95
two-turn-nc-1.7nt-1.7t,HumanEval_61,1,True,3.55
two-turn-nc-1.7nt-1.7t,HumanEval_62,0,True,17.08
two-turn-nc-1.7nt-1.7t,HumanEval_62,1,True,17.4
two-turn-nc-1.7nt-1.7t,HumanEval_63,0,True,4.13
two-turn-nc-1.7nt-1.7t,HumanEval_63,1,True,3.8
two-turn-nc-1.7nt-1.7t,HumanEval_64,0,False,12.95
two-turn-nc-1.7nt-1.7t,HumanEval_64,1,False,14.22
two-turn-nc-1.7nt-1.7t,HumanEval_65,0,True,10.12
two-turn-nc-1.7nt-1.7t,HumanEval_65,1,True,3.0
two-turn-nc-1.7nt-1.7t,HumanEval_66,0,True,2.82
two-turn-nc-1.7nt-1.7t,HumanEval_66,1,True,3.75
two-turn-nc-1.7nt-1.7t,HumanEval_67,0,True,8.31
two-turn-nc-1.7nt-1.7t,HumanEval_67,1,True,8.43
two-turn-nc-1.7nt-1.7t,HumanEval_68,0,True,4.16
two-turn-nc-1.7nt-1.7t,HumanEval_68,1,True,4.92
two-turn-nc-1.7nt-1.7t,HumanEval_69,0,True,3.57
two-turn-nc-1.7nt-1.7t,HumanEval_69,1,True,3.81
two-turn-nc-1.7nt-1.7t,HumanEval_7,0,True,2.95
two-turn-nc-1.7nt-1.7t,HumanEval_7,1,True,2.77
two-turn-nc-1.7nt-1.7t,HumanEval_70,0,True,15.09
two-turn-nc-1.7nt-1.7t,HumanEval_70,1,True,4.06
two-turn-nc-1.7nt-1.7t,HumanEval_71,0,True,3.79
two-turn-nc-1.7nt-1.7t,HumanEval_71,1,True,3.75
two-turn-nc-1.7nt-1.7t,HumanEval_72,0,True,3.91
two-turn-nc-1.7nt-1.7t,HumanEval_72,1,True,3.91
two-turn-nc-1.7nt-1.7t,HumanEval_73,0,True,13.19
two-turn-nc-1.7nt-1.7t,HumanEval_73,1,True,11.21
two-turn-nc-1.7nt-1.7t,HumanEval_74,0,True,3.49
two-turn-nc-1.7nt-1.7t,HumanEval_74,1,True,3.77
two-turn-nc-1.7nt-1.7t,HumanEval_75,0,True,32.62
two-turn-nc-1.7nt-1.7t,HumanEval_75,1,True,45.7
two-turn-nc-1.7nt-1.7t,HumanEval_76,0,True,4.1
two-turn-nc-1.7nt-1.7t,HumanEval_76,1,True,4.18
two-turn-nc-1.7nt-1.7t,HumanEval_77,0,False,21.04
two-turn-nc-1.7nt-1.7t,HumanEval_77,1,False,17.86
two-turn-nc-1.7nt-1.7t,HumanEval_78,0,True,15.41
two-turn-nc-1.7nt-1.7t,HumanEval_78,1,True,3.97
two-turn-nc-1.7nt-1.7t,HumanEval_79,0,True,2.98
two-turn-nc-1.7nt-1.7t,HumanEval_79,1,True,3.22
two-turn-nc-1.7nt-1.7t,HumanEval_8,0,True,3.2
two-turn-nc-1.7nt-1.7t,HumanEval_8,1,True,2.94
two-turn-nc-1.7nt-1.7t,HumanEval_80,0,True,3.25
two-turn-nc-1.7nt-1.7t,HumanEval_80,1,True,3.73
two-turn-nc-1.7nt-1.7t,HumanEval_81,0,False,86.09
two-turn-nc-1.7nt-1.7t,HumanEval_81,1,False,30.76
two-turn-nc-1.7nt-1.7t,HumanEval_82,0,True,3.6
two-turn-nc-1.7nt-1.7t,HumanEval_82,1,True,3.95
two-turn-nc-1.7nt-1.7t,HumanEval_83,0,True,17.23
two-turn-nc-1.7nt-1.7t,HumanEval_83,1,True,15.35
two-turn-nc-1.7nt-1.7t,HumanEval_84,0,True,10.79
two-turn-nc-1.7nt-1.7t,HumanEval_84,1,True,16.95
two-turn-nc-1.7nt-1.7t,HumanEval_85,0,True,2.81
two-turn-nc-1.7nt-1.7t,HumanEval_85,1,True,3.11
two-turn-nc-1.7nt-1.7t,HumanEval_86,0,True,3.25
two-turn-nc-1.7nt-1.7t,HumanEval_86,1,True,3.7
two-turn-nc-1.7nt-1.7t,HumanEval_87,0,True,4.37
two-turn-nc-1.7nt-1.7t,HumanEval_87,1,True,4.72
two-turn-nc-1.7nt-1.7t,HumanEval_88,0,True,3.84
two-turn-nc-1.7nt-1.7t,HumanEval_88,1,True,8.22
two-turn-nc-1.7nt-1.7t,HumanEval_89,0,True,3.67
two-turn-nc-1.7nt-1.7t,HumanEval_89,1,True,4.14
two-turn-nc-1.7nt-1.7t,HumanEval_9,0,True,3.45
two-turn-nc-1.7nt-1.7t,HumanEval_9,1,True,9.03
two-turn-nc-1.7nt-1.7t,HumanEval_90,0,True,17.02
two-turn-nc-1.7nt-1.7t,HumanEval_90,1,True,30.64
two-turn-nc-1.7nt-1.7t,HumanEval_91,0,False,21.38
two-turn-nc-1.7nt-1.7t,HumanEval_91,1,False,21.55
two-turn-nc-1.7nt-1.7t,HumanEval_92,0,False,36.88
two-turn-nc-1.7nt-1.7t,HumanEval_92,1,True,18.36
two-turn-nc-1.7nt-1.7t,HumanEval_93,0,False,22.56
two-turn-nc-1.7nt-1.7t,HumanEval_93,1,False,46.34
two-turn-nc-1.7nt-1.7t,HumanEval_94,0,True,24.13
two-turn-nc-1.7nt-1.7t,HumanEval_94,1,True,5.34
two-turn-nc-1.7nt-1.7t,HumanEval_95,0,True,3.71
two-turn-nc-1.7nt-1.7t,HumanEval_95,1,True,3.34
two-turn-nc-1.7nt-1.7t,HumanEval_96,0,True,4.02
two-turn-nc-1.7nt-1.7t,HumanEval_96,1,True,4.14
two-turn-nc-1.7nt-1.7t,HumanEval_97,0,True,3.77
two-turn-nc-1.7nt-1.7t,HumanEval_97,1,True,3.56
two-turn-nc-1.7nt-1.7t,HumanEval_98,0,True,3.36
two-turn-nc-1.7nt-1.7t,HumanEval_98,1,True,2.66
two-turn-nc-1.7nt-1.7t,HumanEval_99,0,True,3.85
two-turn-nc-1.7nt-1.7t,HumanEval_99,1,False,21.46
two-turn-nc-1.7nt-14t,HumanEval_0,0,True,48.73
two-turn-nc-1.7nt-14t,HumanEval_0,1,True,3.71
two-turn-nc-1.7nt-14t,HumanEval_1,0,True,64.69
two-turn-nc-1.7nt-14t,HumanEval_1,1,True,52.36
two-turn-nc-1.7nt-14t,HumanEval_10,0,True,94.41
two-turn-nc-1.7nt-14t,HumanEval_10,1,True,3.72
two-turn-nc-1.7nt-14t,HumanEval_100,0,True,4.92
two-turn-nc-1.7nt-14t,HumanEval_100,1,True,4.11
two-turn-nc-1.7nt-14t,HumanEval_101,0,True,35.47
two-turn-nc-1.7nt-14t,HumanEval_101,1,True,58.02
two-turn-nc-1.7nt-14t,HumanEval_102,0,True,175.88
two-turn-nc-1.7nt-14t,HumanEval_102,1,True,4.25
two-turn-nc-1.7nt-14t,HumanEval_103,0,True,4.65
two-turn-nc-1.7nt-14t,HumanEval_103,1,True,4.07
two-turn-nc-1.7nt-14t,HumanEval_104,0,True,3.17
two-turn-nc-1.7nt-14t,HumanEval_104,1,True,3.59
two-turn-nc-1.7nt-14t,HumanEval_105,0,True,4.66
two-turn-nc-1.7nt-14t,HumanEval_105,1,True,4.64
two-turn-nc-1.7nt-14t,HumanEval_106,0,True,3.99
two-turn-nc-1.7nt-14t,HumanEval_106,1,True,4.08
two-turn-nc-1.7nt-14t,HumanEval_107,0,True,3.99
two-turn-nc-1.7nt-14t,HumanEval_107,1,True,4.21
two-turn-nc-1.7nt-14t,HumanEval_108,0,True,4.16
two-turn-nc-1.7nt-14t,HumanEval_108,1,True,95.02
two-turn-nc-1.7nt-14t,HumanEval_109,0,True,4.8
two-turn-nc-1.7nt-14t,HumanEval_109,1,True,4.21
two-turn-nc-1.7nt-14t,HumanEval_11,0,True,4.01
two-turn-nc-1.7nt-14t,HumanEval_11,1,True,3.12
two-turn-nc-1.7nt-14t,HumanEval_110,0,True,4.87
two-turn-nc-1.7nt-14t,HumanEval_110,1,True,4.65
two-turn-nc-1.7nt-14t,HumanEval_111,0,True,4.21
two-turn-nc-1.7nt-14t,HumanEval_111,1,True,3.53
two-turn-nc-1.7nt-14t,HumanEval_112,0,True,3.77
two-turn-nc-1.7nt-14t,HumanEval_112,1,True,3.38
two-turn-nc-1.7nt-14t,HumanEval_113,0,True,4.22
two-turn-nc-1.7nt-14t,HumanEval_113,1,True,3.72
two-turn-nc-1.7nt-14t,HumanEval_114,0,True,70.83
two-turn-nc-1.7nt-14t,HumanEval_114,1,True,82.43
two-turn-nc-1.7nt-14t,HumanEval_115,0,True,4.99
two-turn-nc-1.7nt-14t,HumanEval_115,1,True,160.05
two-turn-nc-1.7nt-14t,HumanEval_116,0,True,3.96
two-turn-nc-1.7nt-14t,HumanEval_116,1,True,4.59
two-turn-nc-1.7nt-14t,HumanEval_117,0,True,75.52
two-turn-nc-1.7nt-14t,HumanEval_117,1,True,79.96
two-turn-nc-1.7nt-14t,HumanEval_118,0,True,4.92
two-turn-nc-1.7nt-14t,HumanEval_118,1,True,126.15
two-turn-nc-1.7nt-14t,HumanEval_119,0,True,187.13
two-turn-nc-1.7nt-14t,HumanEval_119,1,True,110.34
two-turn-nc-1.7nt-14t,HumanEval_12,0,True,2.64
two-turn-nc-1.7nt-14t,HumanEval_12,1,True,3.4
two-turn-nc-1.7nt-14t,HumanEval_120,0,True,56.5
two-turn-nc-1.7nt-14t,HumanEval_120,1,True,81.45
two-turn-nc-1.7nt-14t,HumanEval_121,0,True,3.06
two-turn-nc-1.7nt-14t,HumanEval_121,1,True,3.53
two-turn-nc-1.7nt-14t,HumanEval_122,0,True,40.26
two-turn-nc-1.7nt-14t,HumanEval_122,1,True,49.08
two-turn-nc-1.7nt-14t,HumanEval_123,0,True,4.12
two-turn-nc-1.7nt-14t,HumanEval_123,1,True,4.32
two-turn-nc-1.7nt-14t,HumanEval_124,0,True,4.92
two-turn-nc-1.7nt-14t,HumanEval_124,1,True,116.71
two-turn-nc-1.7nt-14t,HumanEval_125,0,True,3.96
two-turn-nc-1.7nt-14t,HumanEval_125,1,True,78.74
two-turn-nc-1.7nt-14t,HumanEval_126,0,True,137.38
two-turn-nc-1.7nt-14t,HumanEval_126,1,True,73.62
two-turn-nc-1.7nt-14t,HumanEval_127,0,True,4.51
two-turn-nc-1.7nt-14t,HumanEval_127,1,True,4.61
two-turn-nc-1.7nt-14t,HumanEval_128,0,True,4.36
two-turn-nc-1.7nt-14t,HumanEval_128,1,True,3.9
two-turn-nc-1.7nt-14t,HumanEval_129,0,True,271.14
two-turn-nc-1.7nt-14t,HumanEval_129,1,True,251.2
two-turn-nc-1.7nt-14t,HumanEval_13,0,True,2.42
two-turn-nc-1.7nt-14t,HumanEval_13,1,True,3.15
two-turn-nc-1.7nt-14t,HumanEval_130,0,True,181.93
two-turn-nc-1.7nt-14t,HumanEval_130,1,True,170.59
two-turn-nc-1.7nt-14t,HumanEval_131,0,True,40.4
two-turn-nc-1.7nt-14t,HumanEval_131,1,True,39.51
two-turn-nc-1.7nt-14t,HumanEval_132,0,True,215.48
two-turn-nc-1.7nt-14t,HumanEval_132,1,False,1178.13
two-turn-nc-1.7nt-14t,HumanEval_133,0,True,64.0
two-turn-nc-1.7nt-14t,HumanEval_133,1,True,118.9
two-turn-nc-1.7nt-14t,HumanEval_134,0,True,504.45
two-turn-nc-1.7nt-14t,HumanEval_134,1,True,178.45
two-turn-nc-1.7nt-14t,HumanEval_135,0,True,4.12
two-turn-nc-1.7nt-14t,HumanEval_135,1,True,7.41
two-turn-nc-1.7nt-14t,HumanEval_136,0,True,4.02
two-turn-nc-1.7nt-14t,HumanEval_136,1,True,5.26
two-turn-nc-1.7nt-14t,HumanEval_137,0,True,87.78
two-turn-nc-1.7nt-14t,HumanEval_137,1,True,87.47
two-turn-nc-1.7nt-14t,HumanEval_138,0,True,4.12
two-turn-nc-1.7nt-14t,HumanEval_138,1,True,4.73
two-turn-nc-1.7nt-14t,HumanEval_139,0,True,54.85
two-turn-nc-1.7nt-14t,HumanEval_139,1,True,4.45
two-turn-nc-1.7nt-14t,HumanEval_14,0,True,2.46
two-turn-nc-1.7nt-14t,HumanEval_14,1,True,2.61
two-turn-nc-1.7nt-14t,HumanEval_140,0,True,75.98
two-turn-nc-1.7nt-14t,HumanEval_140,1,True,74.31
two-turn-nc-1.7nt-14t,HumanEval_141,0,True,84.94
two-turn-nc-1.7nt-14t,HumanEval_141,1,True,73.67
two-turn-nc-1.7nt-14t,HumanEval_142,0,True,4.48
two-turn-nc-1.7nt-14t,HumanEval_142,1,True,4.66
two-turn-nc-1.7nt-14t,HumanEval_143,0,True,3.69
two-turn-nc-1.7nt-14t,HumanEval_143,1,True,4.14
two-turn-nc-1.7nt-14t,HumanEval_144,0,True,52.44
two-turn-nc-1.7nt-14t,HumanEval_144,1,True,74.07
two-turn-nc-1.7nt-14t,HumanEval_145,0,False,418.72
two-turn-nc-1.7nt-14t,HumanEval_145,1,False,467.06
two-turn-nc-1.7nt-14t,HumanEval_146,0,True,4.72
two-turn-nc-1.7nt-14t,HumanEval_146,1,True,4.67
two-turn-nc-1.7nt-14t,HumanEval_147,0,True,4.33
two-turn-nc-1.7nt-14t,HumanEval_147,1,True,4.54
two-turn-nc-1.7nt-14t,HumanEval_148,0,True,4.19
two-turn-nc-1.7nt-14t,HumanEval_148,1,True,64.08
two-turn-nc-1.7nt-14t,HumanEval_149,0,True,3.6
two-turn-nc-1.7nt-14t,HumanEval_149,1,True,4.15
two-turn-nc-1.7nt-14t,HumanEval_15,0,True,2.33
two-turn-nc-1.7nt-14t,HumanEval_15,1,True,2.38
two-turn-nc-1.7nt-14t,HumanEval_150,0,True,3.62
two-turn-nc-1.7nt-14t,HumanEval_150,1,True,4.4
two-turn-nc-1.7nt-14t,HumanEval_151,0,True,3.08
two-turn-nc-1.7nt-14t,HumanEval_151,1,True,3.51
two-turn-nc-1.7nt-14t,HumanEval_152,0,True,2.48
two-turn-nc-1.7nt-14t,HumanEval_152,1,True,3.02
two-turn-nc-1.7nt-14t,HumanEval_153,0,True,54.24
two-turn-nc-1.7nt-14t,HumanEval_153,1,True,218.71
two-turn-nc-1.7nt-14t,HumanEval_154,0,True,3.91
two-turn-nc-1.7nt-14t,HumanEval_154,1,True,5.22
two-turn-nc-1.7nt-14t,HumanEval_155,0,True,2.73
two-turn-nc-1.7nt-14t,HumanEval_155,1,True,40.96
two-turn-nc-1.7nt-14t,HumanEval_156,0,True,3.88
two-turn-nc-1.7nt-14t,HumanEval_156,1,True,4.55
two-turn-nc-1.7nt-14t,HumanEval_157,0,True,3.55
two-turn-nc-1.7nt-14t,HumanEval_157,1,True,3.67
two-turn-nc-1.7nt-14t,HumanEval_158,0,True,3.65
two-turn-nc-1.7nt-14t,HumanEval_158,1,True,4.28
two-turn-nc-1.7nt-14t,HumanEval_159,0,True,41.89
two-turn-nc-1.7nt-14t,HumanEval_159,1,True,39.4
two-turn-nc-1.7nt-14t,HumanEval_16,0,True,2.9
two-turn-nc-1.7nt-14t,HumanEval_16,1,True,2.97
two-turn-nc-1.7nt-14t,HumanEval_160,0,True,51.09
two-turn-nc-1.7nt-14t,HumanEval_160,1,True,91.24
two-turn-nc-1.7nt-14t,HumanEval_161,0,True,3.69
two-turn-nc-1.7nt-14t,HumanEval_161,1,True,4.5
two-turn-nc-1.7nt-14t,HumanEval_162,0,True,3.18
two-turn-nc-1.7nt-14t,HumanEval_162,1,True,3.64
two-turn-nc-1.7nt-14t,HumanEval_163,0,True,116.85
two-turn-nc-1.7nt-14t,HumanEval_163,1,True,90.97
two-turn-nc-1.7nt-14t,HumanEval_17,0,True,3.09
two-turn-nc-1.7nt-14t,HumanEval_17,1,True,3.72
two-turn-nc-1.7nt-14t,HumanEval_18,0,True,3.62
two-turn-nc-1.7nt-14t,HumanEval_18,1,True,3.59
two-turn-nc-1.7nt-14t,HumanEval_19,0,True,36.47
two-turn-nc-1.7nt-14t,HumanEval_19,1,True,32.64
two-turn-nc-1.7nt-14t,HumanEval_2,0,True,3.78
two-turn-nc-1.7nt-14t,HumanEval_2,1,True,3.13
two-turn-nc-1.7nt-14t,HumanEval_20,0,True,122.09
two-turn-nc-1.7nt-14t,HumanEval_20,1,True,103.19
two-turn-nc-1.7nt-14t,HumanEval_21,0,True,4.17
two-turn-nc-1.7nt-14t,HumanEval_21,1,True,4.0
two-turn-nc-1.7nt-14t,HumanEval_22,0,True,2.93
two-turn-nc-1.7nt-14t,HumanEval_22,1,True,3.05
two-turn-nc-1.7nt-14t,HumanEval_23,0,True,2.49
two-turn-nc-1.7nt-14t,HumanEval_23,1,True,2.15
two-turn-nc-1.7nt-14t,HumanEval_24,0,True,95.81
two-turn-nc-1.7nt-14t,HumanEval_24,1,True,2.93
two-turn-nc-1.7nt-14t,HumanEval_25,0,True,4.86
two-turn-nc-1.7nt-14t,HumanEval_25,1,True,3.85
two-turn-nc-1.7nt-14t,HumanEval_26,0,True,55.3
two-turn-nc-1.7nt-14t,HumanEval_26,1,True,63.43
two-turn-nc-1.7nt-14t,HumanEval_27,0,True,2.53
two-turn-nc-1.7nt-14t,HumanEval_27,1,True,2.55
two-turn-nc-1.7nt-14t,HumanEval_28,0,True,2.23
two-turn-nc-1.7nt-14t,HumanEval_28,1,True,2.2
two-turn-nc-1.7nt-14t,HumanEval_29,0,True,2.43
two-turn-nc-1.7nt-14t,HumanEval_29,1,True,2.46
two-turn-nc-1.7nt-14t,HumanEval_3,0,True,3.36
two-turn-nc-1.7nt-14t,HumanEval_3,1,True,3.0
two-turn-nc-1.7nt-14t,HumanEval_30,0,True,3.22
two-turn-nc-1.7nt-14t,HumanEval_30,1,True,3.04
two-turn-nc-1.7nt-14t,HumanEval_31,0,True,3.38
two-turn-nc-1.7nt-14t,HumanEval_31,1,True,3.61
two-turn-nc-1.7nt-14t,HumanEval_32,0,True,346.07
two-turn-nc-1.7nt-14t,HumanEval_32,1,False,258.43
two-turn-nc-1.7nt-14t,HumanEval_33,0,True,4.83
two-turn-nc-1.7nt-14t,HumanEval_33,1,True,4.72
two-turn-nc-1.7nt-14t,HumanEval_34,0,True,2.84
two-turn-nc-1.7nt-14t,HumanEval_34,1,True,2.88
two-turn-nc-1.7nt-14t,HumanEval_35,0,True,2.59
two-turn-nc-1.7nt-14t,HumanEval_35,1,True,2.55
two-turn-nc-1.7nt-14t,HumanEval_36,0,True,3.42
two-turn-nc-1.7nt-14t,HumanEval_36,1,True,3.48
two-turn-nc-1.7nt-14t,HumanEval_37,0,True,3.52
two-turn-nc-1.7nt-14t,HumanEval_37,1,True,3.42
two-turn-nc-1.7nt-14t,HumanEval_38,0,False,45.01
two-turn-nc-1.7nt-14t,HumanEval_38,1,False,56.36
two-turn-nc-1.7nt-14t,HumanEval_39,0,True,4.71
two-turn-nc-1.7nt-14t,HumanEval_39,1,True,3.99
two-turn-nc-1.7nt-14t,HumanEval_4,0,True,3.28
two-turn-nc-1.7nt-14t,HumanEval_4,1,True,3.48
two-turn-nc-1.7nt-14t,HumanEval_40,0,True,3.6
two-turn-nc-1.7nt-14t,HumanEval_40,1,True,3.57
two-turn-nc-1.7nt-14t,HumanEval_41,0,True,3.06
two-turn-nc-1.7nt-14t,HumanEval_41,1,True,3.12
two-turn-nc-1.7nt-14t,HumanEval_42,0,True,2.52
two-turn-nc-1.7nt-14t,HumanEval_42,1,True,2.53
two-turn-nc-1.7nt-14t,HumanEval_43,0,True,3.4
two-turn-nc-1.7nt-14t,HumanEval_43,1,True,3.44
two-turn-nc-1.7nt-14t,HumanEval_44,0,True,93.24
two-turn-nc-1.7nt-14t,HumanEval_44,1,True,3.77
two-turn-nc-1.7nt-14t,HumanEval_45,0,True,3.23
two-turn-nc-1.7nt-14t,HumanEval_45,1,True,2.67
two-turn-nc-1.7nt-14t,HumanEval_46,0,True,4.03
two-turn-nc-1.7nt-14t,HumanEval_46,1,True,4.52
two-turn-nc-1.7nt-14t,HumanEval_47,0,True,3.0
two-turn-nc-1.7nt-14t,HumanEval_47,1,True,3.58
two-turn-nc-1.7nt-14t,HumanEval_48,0,True,2.51
two-turn-nc-1.7nt-14t,HumanEval_48,1,True,2.53
two-turn-nc-1.7nt-14t,HumanEval_49,0,True,3.7
two-turn-nc-1.7nt-14t,HumanEval_49,1,True,3.03
two-turn-nc-1.7nt-14t,HumanEval_5,0,True,3.14
two-turn-nc-1.7nt-14t,HumanEval_5,1,True,3.2
two-turn-nc-1.7nt-14t,HumanEval_50,0,True,37.99
two-turn-nc-1.7nt-14t,HumanEval_50,1,True,3.34
two-turn-nc-1.7nt-14t,HumanEval_51,0,True,3.43
two-turn-nc-1.7nt-14t,HumanEval_51,1,True,3.75
two-turn-nc-1.7nt-14t,HumanEval_52,0,True,2.4
two-turn-nc-1.7nt-14t,HumanEval_52,1,True,2.41
two-turn-nc-1.7nt-14t,HumanEval_53,0,True,2.36
two-turn-nc-1.7nt-14t,HumanEval_53,1,True,2.25
two-turn-nc-1.7nt-14t,HumanEval_54,0,True,53.07
two-turn-nc-1.7nt-14t,HumanEval_54,1,True,3.04
two-turn-nc-1.7nt-14t,HumanEval_55,0,True,2.75
two-turn-nc-1.7nt-14t,HumanEval_55,1,True,2.4
two-turn-nc-1.7nt-14t,HumanEval_56,0,True,3.16
two-turn-nc-1.7nt-14t,HumanEval_56,1,True,3.38
two-turn-nc-1.7nt-14t,HumanEval_57,0,True,2.85
two-turn-nc-1.7nt-14t,HumanEval_57,1,True,51.79
two-turn-nc-1.7nt-14t,HumanEval_58,0,True,3.34
two-turn-nc-1.7nt-14t,HumanEval_58,1,True,3.76
two-turn-nc-1.7nt-14t,HumanEval_59,0,True,3.7
two-turn-nc-1.7nt-14t,HumanEval_59,1,True,3.99
two-turn-nc-1.7nt-14t,HumanEval_6,0,True,3.42
two-turn-nc-1.7nt-14t,HumanEval_6,1,True,3.64
two-turn-nc-1.7nt-14t,HumanEval_60,0,True,2.5
two-turn-nc-1.7nt-14t,HumanEval_60,1,True,3.12
two-turn-nc-1.7nt-14t,HumanEval_61,0,True,3.46
two-turn-nc-1.7nt-14t,HumanEval_61,1,True,3.24
two-turn-nc-1.7nt-14t,HumanEval_62,0,False,165.92
two-turn-nc-1.7nt-14t,HumanEval_62,1,True,4.01
two-turn-nc-1.7nt-14t,HumanEval_63,0,True,68.13
two-turn-nc-1.7nt-14t,HumanEval_63,1,True,4.33
two-turn-nc-1.7nt-14t,HumanEval_64,0,True,101.1
two-turn-nc-1.7nt-14t,HumanEval_64,1,True,81.8
two-turn-nc-1.7nt-14t,HumanEval_65,0,True,4.51
two-turn-nc-1.7nt-14t,HumanEval_65,1,True,109.85
two-turn-nc-1.7nt-14t,HumanEval_66,0,True,3.08
two-turn-nc-1.7nt-14t,HumanEval_66,1,True,3.75
two-turn-nc-1.7nt-14t,HumanEval_67,0,True,37.62
two-turn-nc-1.7nt-14t,HumanEval_67,1,True,58.43
two-turn-nc-1.7nt-14t,HumanEval_68,0,True,4.44
two-turn-nc-1.7nt-14t,HumanEval_68,1,True,88.31
two-turn-nc-1.7nt-14t,HumanEval_69,0,True,3.86
two-turn-nc-1.7nt-14t,HumanEval_69,1,True,4.19
two-turn-nc-1.7nt-14t,HumanEval_7,0,True,2.43
two-turn-nc-1.7nt-14t,HumanEval_7,1,True,2.86
two-turn-nc-1.7nt-14t,HumanEval_70,0,True,4.22
two-turn-nc-1.7nt-14t,HumanEval_70,1,True,3.99
two-turn-nc-1.7nt-14t,HumanEval_71,0,True,3.78
two-turn-nc-1.7nt-14t,HumanEval_71,1,True,4.0
two-turn-nc-1.7nt-14t,HumanEval_72,0,True,4.1
two-turn-nc-1.7nt-14t,HumanEval_72,1,True,3.83
two-turn-nc-1.7nt-14t,HumanEval_73,0,True,4.45
two-turn-nc-1.7nt-14t,HumanEval_73,1,True,49.21
two-turn-nc-1.7nt-14t,HumanEval_74,0,True,3.69
two-turn-nc-1.7nt-14t,HumanEval_74,1,True,4.0
two-turn-nc-1.7nt-14t,HumanEval_75,0,True,168.42
two-turn-nc-1.7nt-14t,HumanEval_75,1,True,168.46
two-turn-nc-1.7nt-14t,HumanEval_76,0,True,4.87
two-turn-nc-1.7nt-14t,HumanEval_76,1,True,184.64
two-turn-nc-1.7nt-14t,HumanEval_77,0,True,156.84
two-turn-nc-1.7nt-14t,HumanEval_77,1,True,195.74
two-turn-nc-1.7nt-14t,HumanEval_78,0,True,4.26
two-turn-nc-1.7nt-14t,HumanEval_78,1,True,4.1
two-turn-nc-1.7nt-14t,HumanEval_79,0,True,3.03
two-turn-nc-1.7nt-14t,HumanEval_79,1,True,3.38
two-turn-nc-1.7nt-14t,HumanEval_8,0,True,3.36
two-turn-nc-1.7nt-14t,HumanEval_8,1,True,3.2
two-turn-nc-1.7nt-14t,HumanEval_80,0,True,44.26
two-turn-nc-1.7nt-14t,HumanEval_80,1,True,32.38
two-turn-nc-1.7nt-14t,HumanEval_81,0,True,206.09
two-turn-nc-1.7nt-14t,HumanEval_81,1,True,161.95
two-turn-nc-1.7nt-14t,HumanEval_82,0,True,4.34
two-turn-nc-1.7nt-14t,HumanEval_82,1,True,4.28
two-turn-nc-1.7nt-14t,HumanEval_83,0,True,93.63
two-turn-nc-1.7nt-14t,HumanEval_83,1,True,93.14
two-turn-nc-1.7nt-14t,HumanEval_84,0,True,38.06
two-turn-nc-1.7nt-14t,HumanEval_84,1,True,4.58
two-turn-nc-1.7nt-14t,HumanEval_85,0,True,2.99
two-turn-nc-1.7nt-14t,HumanEval_85,1,True,2.83
two-turn-nc-1.7nt-14t,HumanEval_86,0,True,3.46
two-turn-nc-1.7nt-14t,HumanEval_86,1,True,3.74
two-turn-nc-1.7nt-14t,HumanEval_87,0,True,70.67
two-turn-nc-1.7nt-14t,HumanEval_87,1,True,4.42
two-turn-nc-1.7nt-14t,HumanEval_88,0,True,3.96
two-turn-nc-1.7nt-14t,HumanEval_88,1,True,53.37
two-turn-nc-1.7nt-14t,HumanEval_89,0,True,69.1
two-turn-nc-1.7nt-14t,HumanEval_89,1,True,52.11
two-turn-nc-1.7nt-14t,HumanEval_9,0,True,3.38
two-turn-nc-1.7nt-14t,HumanEval_9,1,True,4.12
two-turn-nc-1.7nt-14t,HumanEval_90,0,True,102.21
two-turn-nc-1.7nt-14t,HumanEval_90,1,True,224.68
two-turn-nc-1.7nt-14t,HumanEval_91,0,False,151.88
two-turn-nc-1.7nt-14t,HumanEval_91,1,True,158.13
two-turn-nc-1.7nt-14t,HumanEval_92,0,True,83.46
two-turn-nc-1.7nt-14t,HumanEval_92,1,True,4.64
two-turn-nc-1.7nt-14t,HumanEval_93,0,True,120.81
two-turn-nc-1.7nt-14t,HumanEval_93,1,True,94.89
two-turn-nc-1.7nt-14t,HumanEval_94,0,True,5.92
two-turn-nc-1.7nt-14t,HumanEval_94,1,True,5.2
two-turn-nc-1.7nt-14t,HumanEval_95,0,True,67.12
two-turn-nc-1.7nt-14t,HumanEval_95,1,True,86.26
two-turn-nc-1.7nt-14t,HumanEval_96,0,True,5.04
two-turn-nc-1.7nt-14t,HumanEval_96,1,True,94.55
two-turn-nc-1.7nt-14t,HumanEval_97,0,True,3.13
two-turn-nc-1.7nt-14t,HumanEval_97,1,True,3.77
two-turn-nc-1.7nt-14t,HumanEval_98,0,True,3.45
two-turn-nc-1.7nt-14t,HumanEval_98,1,True,2.83
two-turn-nc-1.7nt-14t,HumanEval_99,0,True,147.22
two-turn-nc-1.7nt-14t,HumanEval_99,1,True,166.35
two-turn-nc-1.7nt-4t,HumanEval_0,0,True,18.5
two-turn-nc-1.7nt-4t,HumanEval_0,1,True,2.29
two-turn-nc-1.7nt-4t,HumanEval_0,2,True,1.95
two-turn-nc-1.7nt-4t,HumanEval_0,3,True,1.92
two-turn-nc-1.7nt-4t,HumanEval_0,4,True,2.05
two-turn-nc-1.7nt-4t,HumanEval_1,0,True,2.23
two-turn-nc-1.7nt-4t,HumanEval_1,1,True,82.1
two-turn-nc-1.7nt-4t,HumanEval_1,2,True,95.33
two-turn-nc-1.7nt-4t,HumanEval_1,3,True,162.99
two-turn-nc-1.7nt-4t,HumanEval_1,4,True,87.83
two-turn-nc-1.7nt-4t,HumanEval_10,0,True,18.68
two-turn-nc-1.7nt-4t,HumanEval_10,1,True,2.65
two-turn-nc-1.7nt-4t,HumanEval_10,2,True,20.65
two-turn-nc-1.7nt-4t,HumanEval_10,3,True,2.09
two-turn-nc-1.7nt-4t,HumanEval_10,4,True,2.1
two-turn-nc-1.7nt-4t,HumanEval_100,0,True,16.58
two-turn-nc-1.7nt-4t,HumanEval_100,1,True,2.02
two-turn-nc-1.7nt-4t,HumanEval_100,2,True,19.45
two-turn-nc-1.7nt-4t,HumanEval_100,3,True,17.42
two-turn-nc-1.7nt-4t,HumanEval_100,4,True,2.17
two-turn-nc-1.7nt-4t,HumanEval_101,0,True,17.09
two-turn-nc-1.7nt-4t,HumanEval_101,1,True,14.79
two-turn-nc-1.7nt-4t,HumanEval_101,2,True,7.36
two-turn-nc-1.7nt-4t,HumanEval_101,3,True,9.94
two-turn-nc-1.7nt-4t,HumanEval_101,4,True,33.34
two-turn-nc-1.7nt-4t,HumanEval_102,0,True,2.55
two-turn-nc-1.7nt-4t,HumanEval_102,1,True,43.66
two-turn-nc-1.7nt-4t,HumanEval_102,2,True,39.04
two-turn-nc-1.7nt-4t,HumanEval_102,3,True,2.14
two-turn-nc-1.7nt-4t,HumanEval_102,4,True,49.19
two-turn-nc-1.7nt-4t,HumanEval_103,0,True,2.48
two-turn-nc-1.7nt-4t,HumanEval_103,1,True,22.7
two-turn-nc-1.7nt-4t,HumanEval_103,2,True,2.42
two-turn-nc-1.7nt-4t,HumanEval_103,3,True,2.57
two-turn-nc-1.7nt-4t,HumanEval_103,4,True,34.46
two-turn-nc-1.7nt-4t,HumanEval_104,0,True,16.23
two-turn-nc-1.7nt-4t,HumanEval_104,1,True,16.04
two-turn-nc-1.7nt-4t,HumanEval_104,2,True,13.68
two-turn-nc-1.7nt-4t,HumanEval_104,3,True,2.11
two-turn-nc-1.7nt-4t,HumanEval_104,4,True,1.78
two-turn-nc-1.7nt-4t,HumanEval_105,0,True,3.38
two-turn-nc-1.7nt-4t,HumanEval_105,1,True,3.12
two-turn-nc-1.7nt-4t,HumanEval_105,2,True,3.13
two-turn-nc-1.7nt-4t,HumanEval_105,3,True,3.18
two-turn-nc-1.7nt-4t,HumanEval_105,4,True,3.63
two-turn-nc-1.7nt-4t,HumanEval_106,0,True,2.33
two-turn-nc-1.7nt-4t,HumanEval_106,1,True,2.43
two-turn-nc-1.7nt-4t,HumanEval_106,2,True,2.42
two-turn-nc-1.7nt-4t,HumanEval_106,3,True,2.32
two-turn-nc-1.7nt-4t,HumanEval_106,4,True,2.07
two-turn-nc-1.7nt-4t,HumanEval_107,0,True,2.61
two-turn-nc-1.7nt-4t,HumanEval_107,1,True,2.5
two-turn-nc-1.7nt-4t,HumanEval_107,2,True,2.61
two-turn-nc-1.7nt-4t,HumanEval_107,3,True,2.42
two-turn-nc-1.7nt-4t,HumanEval_107,4,True,2.53
two-turn-nc-1.7nt-4t,HumanEval_108,0,True,29.13
two-turn-nc-1.7nt-4t,HumanEval_108,1,True,25.39
two-turn-nc-1.7nt-4t,HumanEval_108,2,True,2.52
two-turn-nc-1.7nt-4t,HumanEval_108,3,True,34.72
two-turn-nc-1.7nt-4t,HumanEval_108,4,True,75.89
two-turn-nc-1.7nt-4t,HumanEval_109,0,True,3.43
two-turn-nc-1.7nt-4t,HumanEval_109,1,True,326.86
two-turn-nc-1.7nt-4t,HumanEval_109,2,True,2.31
two-turn-nc-1.7nt-4t,HumanEval_109,3,True,3.43
two-turn-nc-1.7nt-4t,HumanEval_109,4,True,2.58
two-turn-nc-1.7nt-4t,HumanEval_11,0,True,1.74
two-turn-nc-1.7nt-4t,HumanEval_11,1,True,1.69
two-turn-nc-1.7nt-4t,HumanEval_11,2,True,1.64
two-turn-nc-1.7nt-4t,HumanEval_11,3,True,1.5
two-turn-nc-1.7nt-4t,HumanEval_11,4,True,1.76
two-turn-nc-1.7nt-4t,HumanEval_110,0,True,2.91
two-turn-nc-1.7nt-4t,HumanEval_110,1,True,3.09
two-turn-nc-1.7nt-4t,HumanEval_110,2,True,3.06
two-turn-nc-1.7nt-4t,HumanEval_110,3,True,3.12
two-turn-nc-1.7nt-4t,HumanEval_110,4,True,2.79
two-turn-nc-1.7nt-4t,HumanEval_111,0,True,16.24
two-turn-nc-1.7nt-4t,HumanEval_111,1,True,2.5
two-turn-nc-1.7nt-4t,HumanEval_111,2,True,2.06
two-turn-nc-1.7nt-4t,HumanEval_111,3,True,25.04
two-turn-nc-1.7nt-4t,HumanEval_111,4,True,2.25
two-turn-nc-1.7nt-4t,HumanEval_112,0,True,1.66
two-turn-nc-1.7nt-4t,HumanEval_112,1,True,1.37
two-turn-nc-1.7nt-4t,HumanEval_112,2,True,1.77
two-turn-nc-1.7nt-4t,HumanEval_112,3,True,1.78
two-turn-nc-1.7nt-4t,HumanEval_112,4,True,1.68
two-turn-nc-1.7nt-4t,HumanEval_113,0,True,34.07
two-turn-nc-1.7nt-4t,HumanEval_113,1,True,1.33
two-turn-nc-1.7nt-4t,HumanEval_113,2,True,146.02
two-turn-nc-1.7nt-4t,HumanEval_113,3,True,2.01
two-turn-nc-1.7nt-4t,HumanEval_113,4,True,2.37
two-turn-nc-1.7nt-4t,HumanEval_114,0,True,14.8
two-turn-nc-1.7nt-4t,HumanEval_114,1,True,16.27
two-turn-nc-1.7nt-4t,HumanEval_114,2,True,16.73
two-turn-nc-1.7nt-4t,HumanEval_114,3,True,33.38
two-turn-nc-1.7nt-4t,HumanEval_114,4,True,14.68
two-turn-nc-1.7nt-4t,HumanEval_115,0,True,2.8
two-turn-nc-1.7nt-4t,HumanEval_115,1,True,3.38
two-turn-nc-1.7nt-4t,HumanEval_115,2,True,2.11
two-turn-nc-1.7nt-4t,HumanEval_115,3,True,15.65
two-turn-nc-1.7nt-4t,HumanEval_115,4,True,2.64
two-turn-nc-1.7nt-4t,HumanEval_116,0,True,1.52
two-turn-nc-1.7nt-4t,HumanEval_116,1,True,1.47
two-turn-nc-1.7nt-4t,HumanEval_116,2,True,1.55
two-turn-nc-1.7nt-4t,HumanEval_116,3,True,2.33
two-turn-nc-1.7nt-4t,HumanEval_116,4,True,2.46
two-turn-nc-1.7nt-4t,HumanEval_117,0,True,22.7
two-turn-nc-1.7nt-4t,HumanEval_117,1,True,40.84
two-turn-nc-1.7nt-4t,HumanEval_117,2,True,22.9
two-turn-nc-1.7nt-4t,HumanEval_117,3,True,30.82
two-turn-nc-1.7nt-4t,HumanEval_117,4,True,19.53
two-turn-nc-1.7nt-4t,HumanEval_118,0,True,50.85
two-turn-nc-1.7nt-4t,HumanEval_118,1,True,47.66
two-turn-nc-1.7nt-4t,HumanEval_118,2,True,2.27
two-turn-nc-1.7nt-4t,HumanEval_118,3,True,86.81
two-turn-nc-1.7nt-4t,HumanEval_118,4,True,38.69
two-turn-nc-1.7nt-4t,HumanEval_119,0,True,44.86
two-turn-nc-1.7nt-4t,HumanEval_119,1,True,35.97
two-turn-nc-1.7nt-4t,HumanEval_119,2,True,66.11
two-turn-nc-1.7nt-4t,HumanEval_119,3,True,71.1
two-turn-nc-1.7nt-4t,HumanEval_119,4,True,32.46
two-turn-nc-1.7nt-4t,HumanEval_12,0,True,1.87
two-turn-nc-1.7nt-4t,HumanEval_12,1,True,1.64
two-turn-nc-1.7nt-4t,HumanEval_12,2,True,1.77
two-turn-nc-1.7nt-4t,HumanEval_12,3,True,1.96
two-turn-nc-1.7nt-4t,HumanEval_12,4,True,1.7
two-turn-nc-1.7nt-4t,HumanEval_120,0,True,19.57
two-turn-nc-1.7nt-4t,HumanEval_120,1,True,17.12
two-turn-nc-1.7nt-4t,HumanEval_120,2,True,16.06
two-turn-nc-1.7nt-4t,HumanEval_120,3,True,18.63
two-turn-nc-1.7nt-4t,HumanEval_120,4,True,21.48
two-turn-nc-1.7nt-4t,HumanEval_121,0,True,1.62
two-turn-nc-1.7nt-4t,HumanEval_121,1,True,14.32
two-turn-nc-1.7nt-4t,HumanEval_121,2,True,1.67
two-turn-nc-1.7nt-4t,HumanEval_121,3,True,11.57
two-turn-nc-1.7nt-4t,HumanEval_121,4,True,1.73
two-turn-nc-1.7nt-4t,HumanEval_122,0,True,11.87
two-turn-nc-1.7nt-4t,HumanEval_122,1,True,16.78
two-turn-nc-1.7nt-4t,HumanEval_122,2,True,15.38
two-turn-nc-1.7nt-4t,HumanEval_122,3,True,2.04
two-turn-nc-1.7nt-4t,HumanEval_122,4,True,2.22
two-turn-nc-1.7nt-4t,HumanEval_123,0,True,2.41
two-turn-nc-1.7nt-4t,HumanEval_123,1,True,3.03
two-turn-nc-1.7nt-4t,HumanEval_123,2,True,2.72
two-turn-nc-1.7nt-4t,HumanEval_123,3,True,2.47
two-turn-nc-1.7nt-4t,HumanEval_123,4,True,2.7
two-turn-nc-1.7nt-4t,HumanEval_124,0,True,2.98
two-turn-nc-1.7nt-4t,HumanEval_124,1,True,3.31
two-turn-nc-1.7nt-4t,HumanEval_124,2,True,24.61
two-turn-nc-1.7nt-4t,HumanEval_124,3,True,33.24
two-turn-nc-1.7nt-4t,HumanEval_124,4,True,30.03
two-turn-nc-1.7nt-4t,HumanEval_125,0,True,2.54
two-turn-nc-1.7nt-4t,HumanEval_125,1,True,2.18
two-turn-nc-1.7nt-4t,HumanEval_125,2,True,32.83
two-turn-nc-1.7nt-4t,HumanEval_125,3,True,36.96
two-turn-nc-1.7nt-4t,HumanEval_125,4,True,2.2
two-turn-nc-1.7nt-4t,HumanEval_126,0,True,89.9
two-turn-nc-1.7nt-4t,HumanEval_126,1,True,76.63
two-turn-nc-1.7nt-4t,HumanEval_126,2,True,88.11
two-turn-nc-1.7nt-4t,HumanEval_126,3,False,551.59
two-turn-nc-1.7nt-4t,HumanEval_126,4,True,62.17
two-turn-nc-1.7nt-4t,HumanEval_127,0,True,3.08
two-turn-nc-1.7nt-4t,HumanEval_127,1,True,2.43
two-turn-nc-1.7nt-4t,HumanEval_127,2,True,2.46
two-turn-nc-1.7nt-4t,HumanEval_127,3,True,3.25
two-turn-nc-1.7nt-4t,HumanEval_127,4,True,3.09
two-turn-nc-1.7nt-4t,HumanEval_128,0,True,18.45
two-turn-nc-1.7nt-4t,HumanEval_128,1,True,2.15
two-turn-nc-1.7nt-4t,HumanEval_128,2,True,2.62
two-turn-nc-1.7nt-4t,HumanEval_128,3,True,2.48
two-turn-nc-1.7nt-4t,HumanEval_128,4,True,2.82
two-turn-nc-1.7nt-4t,HumanEval_129,0,True,68.55
two-turn-nc-1.7nt-4t,HumanEval_129,1,True,64.59
two-turn-nc-1.7nt-4t,HumanEval_129,2,False,98.78
two-turn-nc-1.7nt-4t,HumanEval_129,3,True,123.28
two-turn-nc-1.7nt-4t,HumanEval_129,4,True,29.44
two-turn-nc-1.7nt-4t,HumanEval_13,0,True,1.24
two-turn-nc-1.7nt-4t,HumanEval_13,1,True,0.81
two-turn-nc-1.7nt-4t,HumanEval_13,2,True,1.27
two-turn-nc-1.7nt-4t,HumanEval_13,3,True,0.88
two-turn-nc-1.7nt-4t,HumanEval_13,4,True,0.99
two-turn-nc-1.7nt-4t,HumanEval_130,0,True,101.33
two-turn-nc-1.7nt-4t,HumanEval_130,1,True,62.77
two-turn-nc-1.7nt-4t,HumanEval_130,2,True,97.95
two-turn-nc-1.7nt-4t,HumanEval_130,3,True,81.38
two-turn-nc-1.7nt-4t,HumanEval_130,4,False,99.91
two-turn-nc-1.7nt-4t,HumanEval_131,0,True,11.59
two-turn-nc-1.7nt-4t,HumanEval_131,1,True,11.12
two-turn-nc-1.7nt-4t,HumanEval_131,2,False,16.38
two-turn-nc-1.7nt-4t,HumanEval_131,3,True,11.48
two-turn-nc-1.7nt-4t,HumanEval_131,4,True,12.96
two-turn-nc-1.7nt-4t,HumanEval_132,0,False,41.09
two-turn-nc-1.7nt-4t,HumanEval_132,1,False,51.51
two-turn-nc-1.7nt-4t,HumanEval_132,2,False,198.87
two-turn-nc-1.7nt-4t,HumanEval_132,3,False,32.39
two-turn-nc-1.7nt-4t,HumanEval_132,4,False,46.14
two-turn-nc-1.7nt-4t,HumanEval_133,0,True,2.31
two-turn-nc-1.7nt-4t,HumanEval_133,1,True,41.72
two-turn-nc-1.7nt-4t,HumanEval_133,2,True,14.81
two-turn-nc-1.7nt-4t,HumanEval_133,3,True,2.41
two-turn-nc-1.7nt-4t,HumanEval_133,4,True,2.45
two-turn-nc-1.7nt-4t,HumanEval_134,0,False,155.87
two-turn-nc-1.7nt-4t,HumanEval_134,1,False,552.76
two-turn-nc-1.7nt-4t,HumanEval_134,2,False,552.08
two-turn-nc-1.7nt-4t,HumanEval_134,3,False,552.46
two-turn-nc-1.7nt-4t,HumanEval_134,4,False,552.27
two-turn-nc-1.7nt-4t,HumanEval_135,0,True,1.84
two-turn-nc-1.7nt-4t,HumanEval_135,1,True,13.12
two-turn-nc-1.7nt-4t,HumanEval_135,2,True,2.09
two-turn-nc-1.7nt-4t,HumanEval_135,3,True,1.44
two-turn-nc-1.7nt-4t,HumanEval_135,4,True,15.43
two-turn-nc-1.7nt-4t,HumanEval_136,0,True,13.39
two-turn-nc-1.7nt-4t,HumanEval_136,1,True,2.24
two-turn-nc-1.7nt-4t,HumanEval_136,2,True,2.47
two-turn-nc-1.7nt-4t,HumanEval_136,3,True,2.37
two-turn-nc-1.7nt-4t,HumanEval_136,4,True,2.11
two-turn-nc-1.7nt-4t,HumanEval_137,0,True,37.26
two-turn-nc-1.7nt-4t,HumanEval_137,1,True,15.53
two-turn-nc-1.7nt-4t,HumanEval_137,2,True,27.48
two-turn-nc-1.7nt-4t,HumanEval_137,3,True,29.66
two-turn-nc-1.7nt-4t,HumanEval_137,4,True,2.38
two-turn-nc-1.7nt-4t,HumanEval_138,0,True,18.47
two-turn-nc-1.7nt-4t,HumanEval_138,1,True,14.71
two-turn-nc-1.7nt-4t,HumanEval_138,2,True,17.61
two-turn-nc-1.7nt-4t,HumanEval_138,3,True,2.67
two-turn-nc-1.7nt-4t,HumanEval_138,4,True,16.38
two-turn-nc-1.7nt-4t,HumanEval_139,0,True,2.05
two-turn-nc-1.7nt-4t,HumanEval_139,1,True,2.42
two-turn-nc-1.7nt-4t,HumanEval_139,2,True,13.98
two-turn-nc-1.7nt-4t,HumanEval_139,3,True,17.96
two-turn-nc-1.7nt-4t,HumanEval_139,4,True,2.17
two-turn-nc-1.7nt-4t,HumanEval_14,0,True,1.07
two-turn-nc-1.7nt-4t,HumanEval_14,1,True,0.72
two-turn-nc-1.7nt-4t,HumanEval_14,2,True,0.85
two-turn-nc-1.7nt-4t,HumanEval_14,3,True,1.41
two-turn-nc-1.7nt-4t,HumanEval_14,4,True,0.74
two-turn-nc-1.7nt-4t,HumanEval_140,0,True,20.63
two-turn-nc-1.7nt-4t,HumanEval_140,1,False,31.95
two-turn-nc-1.7nt-4t,HumanEval_140,2,False,14.52
two-turn-nc-1.7nt-4t,HumanEval_140,3,False,22.6
two-turn-nc-1.7nt-4t,HumanEval_140,4,False,13.46
two-turn-nc-1.7nt-4t,HumanEval_141,0,True,25.47
two-turn-nc-1.7nt-4t,HumanEval_141,1,True,26.85
two-turn-nc-1.7nt-4t,HumanEval_141,2,True,23.67
two-turn-nc-1.7nt-4t,HumanEval_141,3,True,22.39
two-turn-nc-1.7nt-4t,HumanEval_141,4,True,26.07
two-turn-nc-1.7nt-4t,HumanEval_142,0,True,1.92
two-turn-nc-1.7nt-4t,HumanEval_142,1,True,17.45
two-turn-nc-1.7nt-4t,HumanEval_142,2,True,1.98
two-turn-nc-1.7nt-4t,HumanEval_142,3,True,2.02
two-turn-nc-1.7nt-4t,HumanEval_142,4,True,1.5
two-turn-nc-1.7nt-4t,HumanEval_143,0,True,2.1
two-turn-nc-1.7nt-4t,HumanEval_143,1,True,2.32
two-turn-nc-1.7nt-4t,HumanEval_143,2,True,2.11
two-turn-nc-1.7nt-4t,HumanEval_143,3,True,2.42
two-turn-nc-1.7nt-4t,HumanEval_143,4,True,2.32
two-turn-nc-1.7nt-4t,HumanEval_144,0,True,2.03
two-turn-nc-1.7nt-4t,HumanEval_144,1,True,25.64
two-turn-nc-1.7nt-4t,HumanEval_144,2,True,16.48
two-turn-nc-1.7nt-4t,HumanEval_144,3,True,15.73
two-turn-nc-1.7nt-4t,HumanEval_144,4,True,2.23
two-turn-nc-1.7nt-4t,HumanEval_145,0,False,132.7
two-turn-nc-1.7nt-4t,HumanEval_145,1,False,138.75
two-turn-nc-1.7nt-4t,HumanEval_145,2,False,110.68
two-turn-nc-1.7nt-4t,HumanEval_145,3,False,177.93
two-turn-nc-1.7nt-4t,HumanEval_145,4,False,142.07
two-turn-nc-1.7nt-4t,HumanEval_146,0,True,28.38
two-turn-nc-1.7nt-4t,HumanEval_146,1,True,2.1
two-turn-nc-1.7nt-4t,HumanEval_146,2,True,2.24
two-turn-nc-1.7nt-4t,HumanEval_146,3,True,2.69
two-turn-nc-1.7nt-4t,HumanEval_146,4,True,1.99
two-turn-nc-1.7nt-4t,HumanEval_147,0,True,2.69
two-turn-nc-1.7nt-4t,HumanEval_147,1,True,2.6
two-turn-nc-1.7nt-4t,HumanEval_147,2,True,2.57
two-turn-nc-1.7nt-4t,HumanEval_147,3,True,2.66
two-turn-nc-1.7nt-4t,HumanEval_147,4,True,2.91
two-turn-nc-1.7nt-4t,HumanEval_148,0,True,2.41
two-turn-nc-1.7nt-4t,HumanEval_148,1,True,2.28
two-turn-nc-1.7nt-4t,HumanEval_148,2,True,3.08
two-turn-nc-1.7nt-4t,HumanEval_148,3,True,2.71
two-turn-nc-1.7nt-4t,HumanEval_148,4,True,25.1
two-turn-nc-1.7nt-4t,HumanEval_149,0,True,2.27
two-turn-nc-1.7nt-4t,HumanEval_149,1,True,2.21
two-turn-nc-1.7nt-4t,HumanEval_149,2,True,2.13
two-turn-nc-1.7nt-4t,HumanEval_149,3,True,2.2
two-turn-nc-1.7nt-4t,HumanEval_149,4,True,2.53
two-turn-nc-1.7nt-4t,HumanEval_15,0,True,0.7
two-turn-nc-1.7nt-4t,HumanEval_15,1,True,1.16
two-turn-nc-1.7nt-4t,HumanEval_15,2,True,0.78
two-turn-nc-1.7nt-4t,HumanEval_15,3,True,0.88
two-turn-nc-1.7nt-4t,HumanEval_15,4,True,0.77
two-turn-nc-1.7nt-4t,HumanEval_150,0,True,2.04
two-turn-nc-1.7nt-4t,HumanEval_150,1,True,1.54
two-turn-nc-1.7nt-4t,HumanEval_150,2,True,1.85
two-turn-nc-1.7nt-4t,HumanEval_150,3,True,2.3
two-turn-nc-1.7nt-4t,HumanEval_150,4,True,2.04
two-turn-nc-1.7nt-4t,HumanEval_151,0,True,1.54
two-turn-nc-1.7nt-4t,HumanEval_151,1,True,1.59
two-turn-nc-1.7nt-4t,HumanEval_151,2,True,1.59
two-turn-nc-1.7nt-4t,HumanEval_151,3,True,1.59
two-turn-nc-1.7nt-4t,HumanEval_151,4,True,1.69
two-turn-nc-1.7nt-4t,HumanEval_152,0,True,1.75
two-turn-nc-1.7nt-4t,HumanEval_152,1,True,0.78
two-turn-nc-1.7nt-4t,HumanEval_152,2,True,1.18
two-turn-nc-1.7nt-4t,HumanEval_152,3,True,0.87
two-turn-nc-1.7nt-4t,HumanEval_152,4,True,1.23
two-turn-nc-1.7nt-4t,HumanEval_153,0,True,23.95
two-turn-nc-1.7nt-4t,HumanEval_153,1,True,24.49
two-turn-nc-1.7nt-4t,HumanEval_153,2,True,26.46
two-turn-nc-1.7nt-4t,HumanEval_153,3,True,25.37
two-turn-nc-1.7nt-4t,HumanEval_153,4,True,28.18
two-turn-nc-1.7nt-4t,HumanEval_154,0,True,2.44
two-turn-nc-1.7nt-4t,HumanEval_154,1,True,2.41
two-turn-nc-1.7nt-4t,HumanEval_154,2,True,2.05
two-turn-nc-1.7nt-4t,HumanEval_154,3,True,2.31
two-turn-nc-1.7nt-4t,HumanEval_154,4,True,2.73
two-turn-nc-1.7nt-4t,HumanEval_155,0,True,1.58
two-turn-nc-1.7nt-4t,HumanEval_155,1,True,10.89
two-turn-nc-1.7nt-4t,HumanEval_155,2,True,11.76
two-turn-nc-1.7nt-4t,HumanEval_155,3,True,11.07
two-turn-nc-1.7nt-4t,HumanEval_155,4,True,12.11
two-turn-nc-1.7nt-4t,HumanEval_156,0,True,2.15
two-turn-nc-1.7nt-4t,HumanEval_156,1,True,2.5
two-turn-nc-1.7nt-4t,HumanEval_156,2,True,2.07
two-turn-nc-1.7nt-4t,HumanEval_156,3,True,18.89
two-turn-nc-1.7nt-4t,HumanEval_156,4,True,2.63
two-turn-nc-1.7nt-4t,HumanEval_157,0,True,1.73
two-turn-nc-1.7nt-4t,HumanEval_157,1,True,1.7
two-turn-nc-1.7nt-4t,HumanEval_157,2,True,1.91
two-turn-nc-1.7nt-4t,HumanEval_157,3,True,2.02
two-turn-nc-1.7nt-4t,HumanEval_157,4,True,1.94
two-turn-nc-1.7nt-4t,HumanEval_158,0,True,2.09
two-turn-nc-1.7nt-4t,HumanEval_158,1,True,2.08
two-turn-nc-1.7nt-4t,HumanEval_158,2,True,2.1
two-turn-nc-1.7nt-4t,HumanEval_158,3,True,2.26
two-turn-nc-1.7nt-4t,HumanEval_158,4,True,2.48
two-turn-nc-1.7nt-4t,HumanEval_159,0,True,17.34
two-turn-nc-1.7nt-4t,HumanEval_159,1,True,17.08
two-turn-nc-1.7nt-4t,HumanEval_159,2,True,17.45
two-turn-nc-1.7nt-4t,HumanEval_159,3,True,16.66
two-turn-nc-1.7nt-4t,HumanEval_159,4,True,18.49
two-turn-nc-1.7nt-4t,HumanEval_16,0,True,0.9
two-turn-nc-1.7nt-4t,HumanEval_16,1,True,0.88
two-turn-nc-1.7nt-4t,HumanEval_16,2,True,0.96
two-turn-nc-1.7nt-4t,HumanEval_16,3,True,0.95
two-turn-nc-1.7nt-4t,HumanEval_16,4,True,0.96
two-turn-nc-1.7nt-4t,HumanEval_160,0,True,19.25
two-turn-nc-1.7nt-4t,HumanEval_160,1,True,21.72
two-turn-nc-1.7nt-4t,HumanEval_160,2,True,20.42
two-turn-nc-1.7nt-4t,HumanEval_160,3,True,24.57
two-turn-nc-1.7nt-4t,HumanEval_160,4,True,21.26
two-turn-nc-1.7nt-4t,HumanEval_161,0,True,2.11
two-turn-nc-1.7nt-4t,HumanEval_161,1,True,2.45
two-turn-nc-1.7nt-4t,HumanEval_161,2,True,2.17
two-turn-nc-1.7nt-4t,HumanEval_161,3,True,2.23
two-turn-nc-1.7nt-4t,HumanEval_161,4,True,2.21
two-turn-nc-1.7nt-4t,HumanEval_162,0,True,1.51
two-turn-nc-1.7nt-4t,HumanEval_162,1,True,2.01
two-turn-nc-1.7nt-4t,HumanEval_162,2,True,2.15
two-turn-nc-1.7nt-4t,HumanEval_162,3,True,1.53
two-turn-nc-1.7nt-4t,HumanEval_162,4,True,1.48
two-turn-nc-1.7nt-4t,HumanEval_163,0,False,100.14
two-turn-nc-1.7nt-4t,HumanEval_163,1,False,120.35
two-turn-nc-1.7nt-4t,HumanEval_163,2,True,76.78
two-turn-nc-1.7nt-4t,HumanEval_163,3,False,53.64
two-turn-nc-1.7nt-4t,HumanEval_163,4,False,101.33
two-turn-nc-1.7nt-4t,HumanEval_17,0,True,1.42
two-turn-nc-1.7nt-4t,HumanEval_17,1,True,12.79
two-turn-nc-1.7nt-4t,HumanEval_17,2,True,13.81
two-turn-nc-1.7nt-4t,HumanEval_17,3,True,13.95
two-turn-nc-1.7nt-4t,HumanEval_17,4,True,13.2
two-turn-nc-1.7nt-4t,HumanEval_18,0,True,1.86
two-turn-nc-1.7nt-4t,HumanEval_18,1,True,1.66
two-turn-nc-1.7nt-4t,HumanEval_18,2,True,2.39
two-turn-nc-1.7nt-4t,HumanEval_18,3,True,25.36
two-turn-nc-1.7nt-4t,HumanEval_18,4,True,25.69
two-turn-nc-1.7nt-4t,HumanEval_19,0,True,13.69
two-turn-nc-1.7nt-4t,HumanEval_19,1,True,18.21
two-turn-nc-1.7nt-4t,HumanEval_19,2,True,21.8
two-turn-nc-1.7nt-4t,HumanEval_19,3,True,16.95
two-turn-nc-1.7nt-4t,HumanEval_19,4,True,16.55
two-turn-nc-1.7nt-4t,HumanEval_2,0,True,7.18
two-turn-nc-1.7nt-4t,HumanEval_2,1,True,1.26
two-turn-nc-1.7nt-4t,HumanEval_2,2,True,30.49
two-turn-nc-1.7nt-4t,HumanEval_2,3,True,1.38
two-turn-nc-1.7nt-4t,HumanEval_2,4,True,1.27
two-turn-nc-1.7nt-4t,HumanEval_20,0,True,23.24
two-turn-nc-1.7nt-4t,HumanEval_20,1,True,3.52
two-turn-nc-1.7nt-4t,HumanEval_20,2,True,24.29
two-turn-nc-1.7nt-4t,HumanEval_20,3,True,55.86
two-turn-nc-1.7nt-4t,HumanEval_20,4,True,61.39
two-turn-nc-1.7nt-4t,HumanEval_21,0,True,1.94
two-turn-nc-1.7nt-4t,HumanEval_21,1,True,1.78
two-turn-nc-1.7nt-4t,HumanEval_21,2,True,2.0
two-turn-nc-1.7nt-4t,HumanEval_21,3,True,1.72
two-turn-nc-1.7nt-4t,HumanEval_21,4,True,1.99
two-turn-nc-1.7nt-4t,HumanEval_22,0,True,1.45
two-turn-nc-1.7nt-4t,HumanEval_22,1,True,1.21
two-turn-nc-1.7nt-4t,HumanEval_22,2,True,1.38
two-turn-nc-1.7nt-4t,HumanEval_22,3,True,0.88
two-turn-nc-1.7nt-4t,HumanEval_22,4,True,1.48
two-turn-nc-1.7nt-4t,HumanEval_23,0,True,1.04
two-turn-nc-1.7nt-4t,HumanEval_23,1,True,0.52
two-turn-nc-1.7nt-4t,HumanEval_23,2,True,0.89
two-turn-nc-1.7nt-4t,HumanEval_23,3,True,0.59
two-turn-nc-1.7nt-4t,HumanEval_23,4,True,0.88
two-turn-nc-1.7nt-4t,HumanEval_24,0,True,1.63
two-turn-nc-1.7nt-4t,HumanEval_24,1,True,2.06
two-turn-nc-1.7nt-4t,HumanEval_24,2,True,22.65
two-turn-nc-1.7nt-4t,HumanEval_24,3,True,1.44
two-turn-nc-1.7nt-4t,HumanEval_24,4,True,1.29
two-turn-nc-1.7nt-4t,HumanEval_25,0,True,2.23
two-turn-nc-1.7nt-4t,HumanEval_25,1,True,2.34
two-turn-nc-1.7nt-4t,HumanEval_25,2,True,2.59
two-turn-nc-1.7nt-4t,HumanEval_25,3,True,24.61
two-turn-nc-1.7nt-4t,HumanEval_25,4,True,2.51
two-turn-nc-1.7nt-4t,HumanEval_26,0,True,30.87
two-turn-nc-1.7nt-4t,HumanEval_26,1,True,13.2
two-turn-nc-1.7nt-4t,HumanEval_26,2,True,19.64
two-turn-nc-1.7nt-4t,HumanEval_26,3,True,14.25
two-turn-nc-1.7nt-4t,HumanEval_26,4,True,23.55
two-turn-nc-1.7nt-4t,HumanEval_27,0,True,0.61
two-turn-nc-1.7nt-4t,HumanEval_27,1,True,0.63
two-turn-nc-1.7nt-4t,HumanEval_27,2,True,0.74
two-turn-nc-1.7nt-4t,HumanEval_27,3,True,0.6
two-turn-nc-1.7nt-4t,HumanEval_27,4,True,0.62
two-turn-nc-1.7nt-4t,HumanEval_28,0,True,0.6
two-turn-nc-1.7nt-4t,HumanEval_28,1,True,0.59
two-turn-nc-1.7nt-4t,HumanEval_28,2,True,0.67
two-turn-nc-1.7nt-4t,HumanEval_28,3,True,0.66
two-turn-nc-1.7nt-4t,HumanEval_28,4,True,0.66
two-turn-nc-1.7nt-4t,HumanEval_29,0,True,0.78
two-turn-nc-1.7nt-4t,HumanEval_29,1,True,0.77
two-turn-nc-1.7nt-4t,HumanEval_29,2,True,0.83
two-turn-nc-1.7nt-4t,HumanEval_29,3,True,0.85
two-turn-nc-1.7nt-4t,HumanEval_29,4,True,0.85
two-turn-nc-1.7nt-4t,HumanEval_3,0,True,1.93
two-turn-nc-1.7nt-4t,HumanEval_3,1,True,1.71
two-turn-nc-1.7nt-4t,HumanEval_3,2,True,1.72
two-turn-nc-1.7nt-4t,HumanEval_3,3,True,1.65
two-turn-nc-1.7nt-4t,HumanEval_3,4,True,1.92
two-turn-nc-1.7nt-4t,HumanEval_30,0,True,1.24
two-turn-nc-1.7nt-4t,HumanEval_30,1,True,1.28
two-turn-nc-1.7nt-4t,HumanEval_30,2,True,1.4
two-turn-nc-1.7nt-4t,HumanEval_30,3,True,1.37
two-turn-nc-1.7nt-4t,HumanEval_30,4,True,1.33
two-turn-nc-1.7nt-4t,HumanEval_31,0,True,1.98
two-turn-nc-1.7nt-4t,HumanEval_31,1,True,1.96
two-turn-nc-1.7nt-4t,HumanEval_31,2,True,2.28
two-turn-nc-1.7nt-4t,HumanEval_31,3,True,2.07
two-turn-nc-1.7nt-4t,HumanEval_31,4,True,1.95
two-turn-nc-1.7nt-4t,HumanEval_32,0,False,126.26
two-turn-nc-1.7nt-4t,HumanEval_32,1,False,552.63
two-turn-nc-1.7nt-4t,HumanEval_32,2,False,552.92
two-turn-nc-1.7nt-4t,HumanEval_32,3,False,127.72
two-turn-nc-1.7nt-4t,HumanEval_32,4,False,115.27
two-turn-nc-1.7nt-4t,HumanEval_33,0,True,1.99
two-turn-nc-1.7nt-4t,HumanEval_33,1,True,2.33
two-turn-nc-1.7nt-4t,HumanEval_33,2,True,2.03
two-turn-nc-1.7nt-4t,HumanEval_33,3,True,2.08
two-turn-nc-1.7nt-4t,HumanEval_33,4,True,2.04
two-turn-nc-1.7nt-4t,HumanEval_34,0,True,1.24
two-turn-nc-1.7nt-4t,HumanEval_34,1,True,1.19
two-turn-nc-1.7nt-4t,HumanEval_34,2,True,1.8
two-turn-nc-1.7nt-4t,HumanEval_34,3,True,0.84
two-turn-nc-1.7nt-4t,HumanEval_34,4,True,1.25
two-turn-nc-1.7nt-4t,HumanEval_35,0,True,0.92
two-turn-nc-1.7nt-4t,HumanEval_35,1,True,0.95
two-turn-nc-1.7nt-4t,HumanEval_35,2,True,0.99
two-turn-nc-1.7nt-4t,HumanEval_35,3,True,0.99
two-turn-nc-1.7nt-4t,HumanEval_35,4,True,1.01
two-turn-nc-1.7nt-4t,HumanEval_36,0,True,2.0
two-turn-nc-1.7nt-4t,HumanEval_36,1,True,1.87
two-turn-nc-1.7nt-4t,HumanEval_36,2,True,1.9
two-turn-nc-1.7nt-4t,HumanEval_36,3,True,1.84
two-turn-nc-1.7nt-4t,HumanEval_36,4,True,1.54
two-turn-nc-1.7nt-4t,HumanEval_37,0,True,1.85
two-turn-nc-1.7nt-4t,HumanEval_37,1,True,25.19
two-turn-nc-1.7nt-4t,HumanEval_37,2,True,1.91
two-turn-nc-1.7nt-4t,HumanEval_37,3,True,1.95
two-turn-nc-1.7nt-4t,HumanEval_37,4,True,1.86
two-turn-nc-1.7nt-4t,HumanEval_38,0,False,19.35
two-turn-nc-1.7nt-4t,HumanEval_38,1,False,19.13
two-turn-nc-1.7nt-4t,HumanEval_38,2,False,16.08
two-turn-nc-1.7nt-4t,HumanEval_38,3,False,14.0
two-turn-nc-1.7nt-4t,HumanEval_38,4,False,18.6
two-turn-nc-1.7nt-4t,HumanEval_39,0,True,2.38
two-turn-nc-1.7nt-4t,HumanEval_39,1,True,2.2
two-turn-nc-1.7nt-4t,HumanEval_39,2,True,121.06
two-turn-nc-1.7nt-4t,HumanEval_39,3,True,2.42
two-turn-nc-1.7nt-4t,HumanEval_39,4,True,1.78
two-turn-nc-1.7nt-4t,HumanEval_4,0,True,1.61
two-turn-nc-1.7nt-4t,HumanEval_4,1,True,1.84
two-turn-nc-1.7nt-4t,HumanEval_4,2,True,1.6
two-turn-nc-1.7nt-4t,HumanEval_4,3,True,1.7
two-turn-nc-1.7nt-4t,HumanEval_4,4,True,1.85
two-turn-nc-1.7nt-4t,HumanEval_40,0,True,2.19
two-turn-nc-1.7nt-4t,HumanEval_40,1,True,1.97
two-turn-nc-1.7nt-4t,HumanEval_40,2,True,2.39
two-turn-nc-1.7nt-4t,HumanEval_40,3,True,2.59
two-turn-nc-1.7nt-4t,HumanEval_40,4,True,2.03
two-turn-nc-1.7nt-4t,HumanEval_41,0,True,1.42
two-turn-nc-1.7nt-4t,HumanEval_41,1,True,1.56
two-turn-nc-1.7nt-4t,HumanEval_41,2,True,1.52
two-turn-nc-1.7nt-4t,HumanEval_41,3,True,1.67
two-turn-nc-1.7nt-4t,HumanEval_41,4,True,1.45
two-turn-nc-1.7nt-4t,HumanEval_42,0,True,1.23
two-turn-nc-1.7nt-4t,HumanEval_42,1,True,0.88
two-turn-nc-1.7nt-4t,HumanEval_42,2,True,0.96
two-turn-nc-1.7nt-4t,HumanEval_42,3,True,0.95
two-turn-nc-1.7nt-4t,HumanEval_42,4,True,0.97
two-turn-nc-1.7nt-4t,HumanEval_43,0,True,1.76
two-turn-nc-1.7nt-4t,HumanEval_43,1,True,1.84
two-turn-nc-1.7nt-4t,HumanEval_43,2,True,1.81
two-turn-nc-1.7nt-4t,HumanEval_43,3,True,2.03
two-turn-nc-1.7nt-4t,HumanEval_43,4,True,1.82
two-turn-nc-1.7nt-4t,HumanEval_44,0,True,2.01
two-turn-nc-1.7nt-4t,HumanEval_44,1,True,2.25
two-turn-nc-1.7nt-4t,HumanEval_44,2,True,22.56
two-turn-nc-1.7nt-4t,HumanEval_44,3,True,1.86
two-turn-nc-1.7nt-4t,HumanEval_44,4,True,2.05
two-turn-nc-1.7nt-4t,HumanEval_45,0,True,1.28
two-turn-nc-1.7nt-4t,HumanEval_45,1,True,0.57
two-turn-nc-1.7nt-4t,HumanEval_45,2,True,0.64
two-turn-nc-1.7nt-4t,HumanEval_45,3,True,0.64
two-turn-nc-1.7nt-4t,HumanEval_45,4,True,0.62
two-turn-nc-1.7nt-4t,HumanEval_46,0,True,2.48
two-turn-nc-1.7nt-4t,HumanEval_46,1,True,2.77
two-turn-nc-1.7nt-4t,HumanEval_46,2,True,2.51
two-turn-nc-1.7nt-4t,HumanEval_46,3,True,2.72
two-turn-nc-1.7nt-4t,HumanEval_46,4,True,2.64
two-turn-nc-1.7nt-4t,HumanEval_47,0,True,1.46
two-turn-nc-1.7nt-4t,HumanEval_47,1,True,1.4
two-turn-nc-1.7nt-4t,HumanEval_47,2,True,1.57
two-turn-nc-1.7nt-4t,HumanEval_47,3,True,1.67
two-turn-nc-1.7nt-4t,HumanEval_47,4,True,1.55
two-turn-nc-1.7nt-4t,HumanEval_48,0,True,0.93
two-turn-nc-1.7nt-4t,HumanEval_48,1,True,0.82
two-turn-nc-1.7nt-4t,HumanEval_48,2,True,0.95
two-turn-nc-1.7nt-4t,HumanEval_48,3,True,0.96
two-turn-nc-1.7nt-4t,HumanEval_48,4,True,0.97
two-turn-nc-1.7nt-4t,HumanEval_49,0,True,1.43
two-turn-nc-1.7nt-4t,HumanEval_49,1,True,1.92
two-turn-nc-1.7nt-4t,HumanEval_49,2,True,1.47
two-turn-nc-1.7nt-4t,HumanEval_49,3,True,2.14
two-turn-nc-1.7nt-4t,HumanEval_49,4,True,2.25
two-turn-nc-1.7nt-4t,HumanEval_5,0,True,1.6
two-turn-nc-1.7nt-4t,HumanEval_5,1,True,1.57
two-turn-nc-1.7nt-4t,HumanEval_5,2,True,1.67
two-turn-nc-1.7nt-4t,HumanEval_5,3,True,26.53
two-turn-nc-1.7nt-4t,HumanEval_5,4,True,1.68
two-turn-nc-1.7nt-4t,HumanEval_50,0,False,10.25
two-turn-nc-1.7nt-4t,HumanEval_50,1,False,12.56
two-turn-nc-1.7nt-4t,HumanEval_50,2,True,1.63
two-turn-nc-1.7nt-4t,HumanEval_50,3,False,12.01
two-turn-nc-1.7nt-4t,HumanEval_50,4,False,14.33
two-turn-nc-1.7nt-4t,HumanEval_51,0,True,1.55
two-turn-nc-1.7nt-4t,HumanEval_51,1,True,1.62
two-turn-nc-1.7nt-4t,HumanEval_51,2,True,1.73
two-turn-nc-1.7nt-4t,HumanEval_51,3,True,1.68
two-turn-nc-1.7nt-4t,HumanEval_51,4,True,1.77
two-turn-nc-1.7nt-4t,HumanEval_52,0,True,0.78
two-turn-nc-1.7nt-4t,HumanEval_52,1,True,0.78
two-turn-nc-1.7nt-4t,HumanEval_52,2,True,0.86
two-turn-nc-1.7nt-4t,HumanEval_52,3,True,0.84
two-turn-nc-1.7nt-4t,HumanEval_52,4,True,0.86
two-turn-nc-1.7nt-4t,HumanEval_53,0,True,0.59
two-turn-nc-1.7nt-4t,HumanEval_53,1,True,0.58
two-turn-nc-1.7nt-4t,HumanEval_53,2,True,0.65
two-turn-nc-1.7nt-4t,HumanEval_53,3,True,0.68
two-turn-nc-1.7nt-4t,HumanEval_53,4,True,0.66
two-turn-nc-1.7nt-4t,HumanEval_54,0,True,1.28
two-turn-nc-1.7nt-4t,HumanEval_54,1,True,1.45
two-turn-nc-1.7nt-4t,HumanEval_54,2,True,1.33
two-turn-nc-1.7nt-4t,HumanEval_54,3,True,1.35
two-turn-nc-1.7nt-4t,HumanEval_54,4,True,10.37
two-turn-nc-1.7nt-4t,HumanEval_55,0,True,0.82
two-turn-nc-1.7nt-4t,HumanEval_55,1,True,1.39
two-turn-nc-1.7nt-4t,HumanEval_55,2,True,1.48
two-turn-nc-1.7nt-4t,HumanEval_55,3,True,1.34
two-turn-nc-1.7nt-4t,HumanEval_55,4,True,23.39
two-turn-nc-1.7nt-4t,HumanEval_56,0,True,1.74
two-turn-nc-1.7nt-4t,HumanEval_56,1,True,1.67
two-turn-nc-1.7nt-4t,HumanEval_56,2,True,1.87
two-turn-nc-1.7nt-4t,HumanEval_56,3,True,1.66
two-turn-nc-1.7nt-4t,HumanEval_56,4,True,1.72
two-turn-nc-1.7nt-4t,HumanEval_57,0,True,14.55
two-turn-nc-1.7nt-4t,HumanEval_57,1,True,19.82
two-turn-nc-1.7nt-4t,HumanEval_57,2,True,18.73
two-turn-nc-1.7nt-4t,HumanEval_57,3,True,1.23
two-turn-nc-1.7nt-4t,HumanEval_57,4,True,18.84
two-turn-nc-1.7nt-4t,HumanEval_58,0,True,1.73
two-turn-nc-1.7nt-4t,HumanEval_58,1,True,1.87
two-turn-nc-1.7nt-4t,HumanEval_58,2,True,1.63
two-turn-nc-1.7nt-4t,HumanEval_58,3,True,1.71
two-turn-nc-1.7nt-4t,HumanEval_58,4,True,1.33
two-turn-nc-1.7nt-4t,HumanEval_59,0,True,2.25
two-turn-nc-1.7nt-4t,HumanEval_59,1,True,2.03
two-turn-nc-1.7nt-4t,HumanEval_59,2,True,2.08
two-turn-nc-1.7nt-4t,HumanEval_59,3,True,2.25
two-turn-nc-1.7nt-4t,HumanEval_59,4,True,2.43
two-turn-nc-1.7nt-4t,HumanEval_6,0,True,1.95
two-turn-nc-1.7nt-4t,HumanEval_6,1,True,1.71
two-turn-nc-1.7nt-4t,HumanEval_6,2,True,1.98
two-turn-nc-1.7nt-4t,HumanEval_6,3,True,2.03
two-turn-nc-1.7nt-4t,HumanEval_6,4,True,1.93
two-turn-nc-1.7nt-4t,HumanEval_60,0,True,0.86
two-turn-nc-1.7nt-4t,HumanEval_60,1,True,1.38
two-turn-nc-1.7nt-4t,HumanEval_60,2,True,0.94
two-turn-nc-1.7nt-4t,HumanEval_60,3,True,1.37
two-turn-nc-1.7nt-4t,HumanEval_60,4,True,0.92
two-turn-nc-1.7nt-4t,HumanEval_61,0,True,1.67
two-turn-nc-1.7nt-4t,HumanEval_61,1,True,1.76
two-turn-nc-1.7nt-4t,HumanEval_61,2,True,1.86
two-turn-nc-1.7nt-4t,HumanEval_61,3,True,1.9
two-turn-nc-1.7nt-4t,HumanEval_61,4,True,1.63
two-turn-nc-1.7nt-4t,HumanEval_62,0,True,26.99
two-turn-nc-1.7nt-4t,HumanEval_62,1,True,2.28
two-turn-nc-1.7nt-4t,HumanEval_62,2,True,1.63
two-turn-nc-1.7nt-4t,HumanEval_62,3,False,40.54
two-turn-nc-1.7nt-4t,HumanEval_62,4,True,2.81
two-turn-nc-1.7nt-4t,HumanEval_63,0,True,2.46
two-turn-nc-1.7nt-4t,HumanEval_63,1,True,2.89
two-turn-nc-1.7nt-4t,HumanEval_63,2,True,2.13
two-turn-nc-1.7nt-4t,HumanEval_63,3,True,2.25
two-turn-nc-1.7nt-4t,HumanEval_63,4,True,3.04
two-turn-nc-1.7nt-4t,HumanEval_64,0,True,28.05
two-turn-nc-1.7nt-4t,HumanEval_64,1,True,29.11
two-turn-nc-1.7nt-4t,HumanEval_64,2,True,39.14
two-turn-nc-1.7nt-4t,HumanEval_64,3,True,24.61
two-turn-nc-1.7nt-4t,HumanEval_64,4,True,25.84
two-turn-nc-1.7nt-4t,HumanEval_65,0,True,2.04
two-turn-nc-1.7nt-4t,HumanEval_65,1,True,2.57
two-turn-nc-1.7nt-4t,HumanEval_65,2,True,2.05
two-turn-nc-1.7nt-4t,HumanEval_65,3,True,1.69
two-turn-nc-1.7nt-4t,HumanEval_65,4,True,1.71
two-turn-nc-1.7nt-4t,HumanEval_66,0,True,1.59
two-turn-nc-1.7nt-4t,HumanEval_66,1,True,1.48
two-turn-nc-1.7nt-4t,HumanEval_66,2,True,1.46
two-turn-nc-1.7nt-4t,HumanEval_66,3,True,2.19
two-turn-nc-1.7nt-4t,HumanEval_66,4,True,1.54
two-turn-nc-1.7nt-4t,HumanEval_67,0,True,14.89
two-turn-nc-1.7nt-4t,HumanEval_67,1,True,11.75
two-turn-nc-1.7nt-4t,HumanEval_67,2,True,12.79
two-turn-nc-1.7nt-4t,HumanEval_67,3,True,10.59
two-turn-nc-1.7nt-4t,HumanEval_67,4,True,10.38
two-turn-nc-1.7nt-4t,HumanEval_68,0,True,27.73
two-turn-nc-1.7nt-4t,HumanEval_68,1,True,41.03
two-turn-nc-1.7nt-4t,HumanEval_68,2,True,2.88
two-turn-nc-1.7nt-4t,HumanEval_68,3,True,23.7
two-turn-nc-1.7nt-4t,HumanEval_68,4,True,24.32
two-turn-nc-1.7nt-4t,HumanEval_69,0,True,1.65
two-turn-nc-1.7nt-4t,HumanEval_69,1,True,2.32
two-turn-nc-1.7nt-4t,HumanEval_69,2,True,2.0
two-turn-nc-1.7nt-4t,HumanEval_69,3,True,2.2
two-turn-nc-1.7nt-4t,HumanEval_69,4,True,2.12
two-turn-nc-1.7nt-4t,HumanEval_7,0,True,1.37
two-turn-nc-1.7nt-4t,HumanEval_7,1,True,1.15
two-turn-nc-1.7nt-4t,HumanEval_7,2,True,1.37
two-turn-nc-1.7nt-4t,HumanEval_7,3,True,1.16
two-turn-nc-1.7nt-4t,HumanEval_7,4,True,1.41
two-turn-nc-1.7nt-4t,HumanEval_70,0,True,2.4
two-turn-nc-1.7nt-4t,HumanEval_70,1,True,23.76
two-turn-nc-1.7nt-4t,HumanEval_70,2,True,22.87
two-turn-nc-1.7nt-4t,HumanEval_70,3,True,28.05
two-turn-nc-1.7nt-4t,HumanEval_70,4,True,23.7
two-turn-nc-1.7nt-4t,HumanEval_71,0,True,2.64
two-turn-nc-1.7nt-4t,HumanEval_71,1,True,2.45
two-turn-nc-1.7nt-4t,HumanEval_71,2,True,2.92
two-turn-nc-1.7nt-4t,HumanEval_71,3,True,2.49
two-turn-nc-1.7nt-4t,HumanEval_71,4,True,2.27
two-turn-nc-1.7nt-4t,HumanEval_72,0,True,2.21
two-turn-nc-1.7nt-4t,HumanEval_72,1,True,1.95
two-turn-nc-1.7nt-4t,HumanEval_72,2,True,2.34
two-turn-nc-1.7nt-4t,HumanEval_72,3,True,3.01
two-turn-nc-1.7nt-4t,HumanEval_72,4,True,2.54
two-turn-nc-1.7nt-4t,HumanEval_73,0,True,2.65
two-turn-nc-1.7nt-4t,HumanEval_73,1,True,15.19
two-turn-nc-1.7nt-4t,HumanEval_73,2,True,2.63
two-turn-nc-1.7nt-4t,HumanEval_73,3,True,13.08
two-turn-nc-1.7nt-4t,HumanEval_73,4,True,2.88
two-turn-nc-1.7nt-4t,HumanEval_74,0,True,2.04
two-turn-nc-1.7nt-4t,HumanEval_74,1,True,2.15
two-turn-nc-1.7nt-4t,HumanEval_74,2,True,2.22
two-turn-nc-1.7nt-4t,HumanEval_74,3,True,2.03
two-turn-nc-1.7nt-4t,HumanEval_74,4,True,1.61
two-turn-nc-1.7nt-4t,HumanEval_75,0,True,35.67
two-turn-nc-1.7nt-4t,HumanEval_75,1,True,37.47
two-turn-nc-1.7nt-4t,HumanEval_75,2,True,2.83
two-turn-nc-1.7nt-4t,HumanEval_75,3,True,40.59
two-turn-nc-1.7nt-4t,HumanEval_75,4,True,26.43
two-turn-nc-1.7nt-4t,HumanEval_76,0,True,1.85
two-turn-nc-1.7nt-4t,HumanEval_76,1,True,2.05
two-turn-nc-1.7nt-4t,HumanEval_76,2,True,2.61
two-turn-nc-1.7nt-4t,HumanEval_76,3,True,2.77
two-turn-nc-1.7nt-4t,HumanEval_76,4,True,2.01
two-turn-nc-1.7nt-4t,HumanEval_77,0,True,53.81
two-turn-nc-1.7nt-4t,HumanEval_77,1,True,60.36
two-turn-nc-1.7nt-4t,HumanEval_77,2,True,81.02
two-turn-nc-1.7nt-4t,HumanEval_77,3,True,77.19
two-turn-nc-1.7nt-4t,HumanEval_77,4,True,66.02
two-turn-nc-1.7nt-4t,HumanEval_78,0,True,1.56
two-turn-nc-1.7nt-4t,HumanEval_78,1,True,1.95
two-turn-nc-1.7nt-4t,HumanEval_78,2,True,2.31
two-turn-nc-1.7nt-4t,HumanEval_78,3,True,1.72
two-turn-nc-1.7nt-4t,HumanEval_78,4,True,2.63
two-turn-nc-1.7nt-4t,HumanEval_79,0,True,1.66
two-turn-nc-1.7nt-4t,HumanEval_79,1,True,1.35
two-turn-nc-1.7nt-4t,HumanEval_79,2,True,1.43
two-turn-nc-1.7nt-4t,HumanEval_79,3,True,1.48
two-turn-nc-1.7nt-4t,HumanEval_79,4,True,1.66
two-turn-nc-1.7nt-4t,HumanEval_8,0,True,1.55
two-turn-nc-1.7nt-4t,HumanEval_8,1,True,1.56
two-turn-nc-1.7nt-4t,HumanEval_8,2,True,1.58
two-turn-nc-1.7nt-4t,HumanEval_8,3,True,1.88
two-turn-nc-1.7nt-4t,HumanEval_8,4,True,1.7
two-turn-nc-1.7nt-4t,HumanEval_80,0,True,16.84
two-turn-nc-1.7nt-4t,HumanEval_80,1,True,1.91
two-turn-nc-1.7nt-4t,HumanEval_80,2,True,1.82
two-turn-nc-1.7nt-4t,HumanEval_80,3,True,14.66
two-turn-nc-1.7nt-4t,HumanEval_80,4,True,19.71
two-turn-nc-1.7nt-4t,HumanEval_81,0,True,48.81
two-turn-nc-1.7nt-4t,HumanEval_81,1,True,47.18
two-turn-nc-1.7nt-4t,HumanEval_81,2,True,46.17
two-turn-nc-1.7nt-4t,HumanEval_81,3,True,74.78
two-turn-nc-1.7nt-4t,HumanEval_81,4,True,34.92
two-turn-nc-1.7nt-4t,HumanEval_82,0,True,2.19
two-turn-nc-1.7nt-4t,HumanEval_82,1,True,2.24
two-turn-nc-1.7nt-4t,HumanEval_82,2,True,1.98
two-turn-nc-1.7nt-4t,HumanEval_82,3,True,2.23
two-turn-nc-1.7nt-4t,HumanEval_82,4,True,2.15
two-turn-nc-1.7nt-4t,HumanEval_83,0,True,38.03
two-turn-nc-1.7nt-4t,HumanEval_83,1,True,27.61
two-turn-nc-1.7nt-4t,HumanEval_83,2,True,29.26
two-turn-nc-1.7nt-4t,HumanEval_83,3,True,27.67
two-turn-nc-1.7nt-4t,HumanEval_83,4,True,23.04
two-turn-nc-1.7nt-4t,HumanEval_84,0,True,9.78
two-turn-nc-1.7nt-4t,HumanEval_84,1,True,10.86
two-turn-nc-1.7nt-4t,HumanEval_84,2,True,15.94
two-turn-nc-1.7nt-4t,HumanEval_84,3,True,14.24
two-turn-nc-1.7nt-4t,HumanEval_84,4,True,9.87
two-turn-nc-1.7nt-4t,HumanEval_85,0,True,1.17
two-turn-nc-1.7nt-4t,HumanEval_85,1,True,1.22
two-turn-nc-1.7nt-4t,HumanEval_85,2,True,1.12
two-turn-nc-1.7nt-4t,HumanEval_85,3,True,1.08
two-turn-nc-1.7nt-4t,HumanEval_85,4,True,1.35
two-turn-nc-1.7nt-4t,HumanEval_86,0,True,1.75
two-turn-nc-1.7nt-4t,HumanEval_86,1,True,1.83
two-turn-nc-1.7nt-4t,HumanEval_86,2,True,1.74
two-turn-nc-1.7nt-4t,HumanEval_86,3,True,1.92
two-turn-nc-1.7nt-4t,HumanEval_86,4,True,2.05
two-turn-nc-1.7nt-4t,HumanEval_87,0,True,2.78
two-turn-nc-1.7nt-4t,HumanEval_87,1,True,22.72
two-turn-nc-1.7nt-4t,HumanEval_87,2,True,22.29
two-turn-nc-1.7nt-4t,HumanEval_87,3,True,25.52
two-turn-nc-1.7nt-4t,HumanEval_87,4,True,21.65
two-turn-nc-1.7nt-4t,HumanEval_88,0,True,15.85
two-turn-nc-1.7nt-4t,HumanEval_88,1,True,1.85
two-turn-nc-1.7nt-4t,HumanEval_88,2,True,16.37
two-turn-nc-1.7nt-4t,HumanEval_88,3,True,1.94
two-turn-nc-1.7nt-4t,HumanEval_88,4,True,2.49
two-turn-nc-1.7nt-4t,HumanEval_89,0,True,1.91
two-turn-nc-1.7nt-4t,HumanEval_89,1,True,17.72
two-turn-nc-1.7nt-4t,HumanEval_89,2,True,1.75
two-turn-nc-1.7nt-4t,HumanEval_89,3,True,2.02
two-turn-nc-1.7nt-4t,HumanEval_89,4,True,16.97
two-turn-nc-1.7nt-4t,HumanEval_9,0,True,2.37
two-turn-nc-1.7nt-4t,HumanEval_9,1,True,14.5
two-turn-nc-1.7nt-4t,HumanEval_9,2,True,1.72
two-turn-nc-1.7nt-4t,HumanEval_9,3,True,14.23
two-turn-nc-1.7nt-4t,HumanEval_9,4,True,14.54
two-turn-nc-1.7nt-4t,HumanEval_90,0,True,33.78
two-turn-nc-1.7nt-4t,HumanEval_90,1,True,52.72
two-turn-nc-1.7nt-4t,HumanEval_90,2,True,32.35
two-turn-nc-1.7nt-4t,HumanEval_90,3,True,27.52
two-turn-nc-1.7nt-4t,HumanEval_90,4,True,76.9
two-turn-nc-1.7nt-4t,HumanEval_91,0,False,44.37
two-turn-nc-1.7nt-4t,HumanEval_91,1,False,48.79
two-turn-nc-1.7nt-4t,HumanEval_91,2,False,54.02
two-turn-nc-1.7nt-4t,HumanEval_91,3,False,83.1
two-turn-nc-1.7nt-4t,HumanEval_91,4,False,79.39
two-turn-nc-1.7nt-4t,HumanEval_92,0,True,23.69
two-turn-nc-1.7nt-4t,HumanEval_92,1,True,17.03
two-turn-nc-1.7nt-4t,HumanEval_92,2,True,21.26
two-turn-nc-1.7nt-4t,HumanEval_92,3,True,34.81
two-turn-nc-1.7nt-4t,HumanEval_92,4,True,30.07
two-turn-nc-1.7nt-4t,HumanEval_93,0,True,61.14
two-turn-nc-1.7nt-4t,HumanEval_93,1,True,47.41
two-turn-nc-1.7nt-4t,HumanEval_93,2,True,46.53
two-turn-nc-1.7nt-4t,HumanEval_93,3,False,42.55
two-turn-nc-1.7nt-4t,HumanEval_93,4,True,52.35
two-turn-nc-1.7nt-4t,HumanEval_94,0,True,3.31
two-turn-nc-1.7nt-4t,HumanEval_94,1,True,3.45
two-turn-nc-1.7nt-4t,HumanEval_94,2,True,3.06
two-turn-nc-1.7nt-4t,HumanEval_94,3,True,3.08
two-turn-nc-1.7nt-4t,HumanEval_94,4,True,3.09
two-turn-nc-1.7nt-4t,HumanEval_95,0,True,1.63
two-turn-nc-1.7nt-4t,HumanEval_95,1,True,2.13
two-turn-nc-1.7nt-4t,HumanEval_95,2,True,2.19
two-turn-nc-1.7nt-4t,HumanEval_95,3,True,1.7
two-turn-nc-1.7nt-4t,HumanEval_95,4,True,2.2
two-turn-nc-1.7nt-4t,HumanEval_96,0,True,2.92
two-turn-nc-1.7nt-4t,HumanEval_96,1,True,2.98
two-turn-nc-1.7nt-4t,HumanEval_96,2,True,2.48
two-turn-nc-1.7nt-4t,HumanEval_96,3,True,2.99
two-turn-nc-1.7nt-4t,HumanEval_96,4,True,2.58
two-turn-nc-1.7nt-4t,HumanEval_97,0,True,1.55
two-turn-nc-1.7nt-4t,HumanEval_97,1,True,1.53
two-turn-nc-1.7nt-4t,HumanEval_97,2,True,1.67
two-turn-nc-1.7nt-4t,HumanEval_97,3,True,1.63
two-turn-nc-1.7nt-4t,HumanEval_97,4,True,1.75
two-turn-nc-1.7nt-4t,HumanEval_98,0,True,1.45
two-turn-nc-1.7nt-4t,HumanEval_98,1,True,1.31
two-turn-nc-1.7nt-4t,HumanEval_98,2,True,1.63
two-turn-nc-1.7nt-4t,HumanEval_98,3,True,1.58
two-turn-nc-1.7nt-4t,HumanEval_98,4,True,0.99
two-turn-nc-1.7nt-4t,HumanEval_99,0,False,552.0
two-turn-nc-1.7nt-4t,HumanEval_99,1,True,30.76
two-turn-nc-1.7nt-4t,HumanEval_99,2,True,2.83
two-turn-nc-1.7nt-4t,HumanEval_99,3,True,2.12
two-turn-nc-1.7nt-4t,HumanEval_99,4,True,40.52
two-turn-nc-1.7nt-8t,HumanEval_0,0,True,2.4
two-turn-nc-1.7nt-8t,HumanEval_0,1,True,1.88
two-turn-nc-1.7nt-8t,HumanEval_0,2,True,38.48
two-turn-nc-1.7nt-8t,HumanEval_0,3,True,64.99
two-turn-nc-1.7nt-8t,HumanEval_0,4,True,31.34
two-turn-nc-1.7nt-8t,HumanEval_1,0,True,44.56
two-turn-nc-1.7nt-8t,HumanEval_1,1,True,2.46
two-turn-nc-1.7nt-8t,HumanEval_1,2,True,153.14
two-turn-nc-1.7nt-8t,HumanEval_1,3,True,187.06
two-turn-nc-1.7nt-8t,HumanEval_1,4,True,96.69
two-turn-nc-1.7nt-8t,HumanEval_10,0,True,139.22
two-turn-nc-1.7nt-8t,HumanEval_10,1,True,2.51
two-turn-nc-1.7nt-8t,HumanEval_10,2,True,2.16
two-turn-nc-1.7nt-8t,HumanEval_10,3,True,94.38
two-turn-nc-1.7nt-8t,HumanEval_10,4,True,96.42
two-turn-nc-1.7nt-8t,HumanEval_100,0,True,1.97
two-turn-nc-1.7nt-8t,HumanEval_100,1,True,24.58
two-turn-nc-1.7nt-8t,HumanEval_100,2,True,32.49
two-turn-nc-1.7nt-8t,HumanEval_100,3,True,27.47
two-turn-nc-1.7nt-8t,HumanEval_100,4,True,41.3
two-turn-nc-1.7nt-8t,HumanEval_101,0,True,21.39
two-turn-nc-1.7nt-8t,HumanEval_101,1,True,18.19
two-turn-nc-1.7nt-8t,HumanEval_101,2,True,15.21
two-turn-nc-1.7nt-8t,HumanEval_101,3,True,21.6
two-turn-nc-1.7nt-8t,HumanEval_101,4,True,15.96
two-turn-nc-1.7nt-8t,HumanEval_102,0,True,2.35
two-turn-nc-1.7nt-8t,HumanEval_102,1,True,2.0
two-turn-nc-1.7nt-8t,HumanEval_102,2,True,2.43
two-turn-nc-1.7nt-8t,HumanEval_102,3,True,1.76
two-turn-nc-1.7nt-8t,HumanEval_102,4,True,26.71
two-turn-nc-1.7nt-8t,HumanEval_103,0,True,47.49
two-turn-nc-1.7nt-8t,HumanEval_103,1,True,2.93
two-turn-nc-1.7nt-8t,HumanEval_103,2,True,2.58
two-turn-nc-1.7nt-8t,HumanEval_103,3,True,2.5
two-turn-nc-1.7nt-8t,HumanEval_103,4,True,2.14
two-turn-nc-1.7nt-8t,HumanEval_104,0,True,1.86
two-turn-nc-1.7nt-8t,HumanEval_104,1,True,35.89
two-turn-nc-1.7nt-8t,HumanEval_104,2,True,30.54
two-turn-nc-1.7nt-8t,HumanEval_104,3,True,23.66
two-turn-nc-1.7nt-8t,HumanEval_104,4,True,29.42
two-turn-nc-1.7nt-8t,HumanEval_105,0,True,3.15
two-turn-nc-1.7nt-8t,HumanEval_105,1,True,3.3
two-turn-nc-1.7nt-8t,HumanEval_105,2,True,3.78
two-turn-nc-1.7nt-8t,HumanEval_105,3,True,3.32
two-turn-nc-1.7nt-8t,HumanEval_105,4,True,3.04
two-turn-nc-1.7nt-8t,HumanEval_106,0,True,2.53
two-turn-nc-1.7nt-8t,HumanEval_106,1,True,2.5
two-turn-nc-1.7nt-8t,HumanEval_106,2,True,2.14
two-turn-nc-1.7nt-8t,HumanEval_106,3,True,41.17
two-turn-nc-1.7nt-8t,HumanEval_106,4,True,2.11
two-turn-nc-1.7nt-8t,HumanEval_107,0,True,2.8
two-turn-nc-1.7nt-8t,HumanEval_107,1,True,2.66
two-turn-nc-1.7nt-8t,HumanEval_107,2,True,2.67
two-turn-nc-1.7nt-8t,HumanEval_107,3,True,2.57
two-turn-nc-1.7nt-8t,HumanEval_107,4,True,2.56
two-turn-nc-1.7nt-8t,HumanEval_108,0,True,49.78
two-turn-nc-1.7nt-8t,HumanEval_108,1,True,62.63
two-turn-nc-1.7nt-8t,HumanEval_108,2,True,55.09
two-turn-nc-1.7nt-8t,HumanEval_108,3,True,54.73
two-turn-nc-1.7nt-8t,HumanEval_108,4,True,48.75
two-turn-nc-1.7nt-8t,HumanEval_109,0,True,3.76
two-turn-nc-1.7nt-8t,HumanEval_109,1,True,2.09
two-turn-nc-1.7nt-8t,HumanEval_109,2,True,2.44
two-turn-nc-1.7nt-8t,HumanEval_109,3,True,3.34
two-turn-nc-1.7nt-8t,HumanEval_109,4,True,3.31
two-turn-nc-1.7nt-8t,HumanEval_11,0,True,2.24
two-turn-nc-1.7nt-8t,HumanEval_11,1,True,1.89
two-turn-nc-1.7nt-8t,HumanEval_11,2,True,1.62
two-turn-nc-1.7nt-8t,HumanEval_11,3,True,65.58
two-turn-nc-1.7nt-8t,HumanEval_11,4,True,1.7
two-turn-nc-1.7nt-8t,HumanEval_110,0,True,39.2
two-turn-nc-1.7nt-8t,HumanEval_110,1,True,38.89
two-turn-nc-1.7nt-8t,HumanEval_110,2,True,3.36
two-turn-nc-1.7nt-8t,HumanEval_110,3,True,46.53
two-turn-nc-1.7nt-8t,HumanEval_110,4,True,2.84
two-turn-nc-1.7nt-8t,HumanEval_111,0,True,2.67
two-turn-nc-1.7nt-8t,HumanEval_111,1,True,2.08
two-turn-nc-1.7nt-8t,HumanEval_111,2,True,1.88
two-turn-nc-1.7nt-8t,HumanEval_111,3,True,2.06
two-turn-nc-1.7nt-8t,HumanEval_111,4,True,2.19
two-turn-nc-1.7nt-8t,HumanEval_112,0,True,1.67
two-turn-nc-1.7nt-8t,HumanEval_112,1,True,1.59
two-turn-nc-1.7nt-8t,HumanEval_112,2,True,2.28
two-turn-nc-1.7nt-8t,HumanEval_112,3,True,1.65
two-turn-nc-1.7nt-8t,HumanEval_112,4,True,1.55
two-turn-nc-1.7nt-8t,HumanEval_113,0,True,1.57
two-turn-nc-1.7nt-8t,HumanEval_113,1,True,2.25
two-turn-nc-1.7nt-8t,HumanEval_113,2,False,153.04
two-turn-nc-1.7nt-8t,HumanEval_113,3,True,2.24
two-turn-nc-1.7nt-8t,HumanEval_113,4,True,2.21
two-turn-nc-1.7nt-8t,HumanEval_114,0,True,29.17
two-turn-nc-1.7nt-8t,HumanEval_114,1,True,33.54
two-turn-nc-1.7nt-8t,HumanEval_114,2,True,33.19
two-turn-nc-1.7nt-8t,HumanEval_114,3,True,35.01
two-turn-nc-1.7nt-8t,HumanEval_114,4,True,27.5
two-turn-nc-1.7nt-8t,HumanEval_115,0,True,34.0
two-turn-nc-1.7nt-8t,HumanEval_115,1,True,3.4
two-turn-nc-1.7nt-8t,HumanEval_115,2,True,2.52
two-turn-nc-1.7nt-8t,HumanEval_115,3,True,34.17
two-turn-nc-1.7nt-8t,HumanEval_115,4,True,2.94
two-turn-nc-1.7nt-8t,HumanEval_116,0,True,1.69
two-turn-nc-1.7nt-8t,HumanEval_116,1,True,2.19
two-turn-nc-1.7nt-8t,HumanEval_116,2,True,2.37
two-turn-nc-1.7nt-8t,HumanEval_116,3,True,2.4
two-turn-nc-1.7nt-8t,HumanEval_116,4,True,1.6
two-turn-nc-1.7nt-8t,HumanEval_117,0,True,43.41
two-turn-nc-1.7nt-8t,HumanEval_117,1,True,47.16
two-turn-nc-1.7nt-8t,HumanEval_117,2,True,48.72
two-turn-nc-1.7nt-8t,HumanEval_117,3,True,44.95
two-turn-nc-1.7nt-8t,HumanEval_117,4,True,43.22
two-turn-nc-1.7nt-8t,HumanEval_118,0,True,107.99
two-turn-nc-1.7nt-8t,HumanEval_118,1,True,2.59
two-turn-nc-1.7nt-8t,HumanEval_118,2,True,79.76
two-turn-nc-1.7nt-8t,HumanEval_118,3,True,2.41
two-turn-nc-1.7nt-8t,HumanEval_118,4,True,72.38
two-turn-nc-1.7nt-8t,HumanEval_119,0,True,69.64
two-turn-nc-1.7nt-8t,HumanEval_119,1,True,151.02
two-turn-nc-1.7nt-8t,HumanEval_119,2,True,70.85
two-turn-nc-1.7nt-8t,HumanEval_119,3,True,131.94
two-turn-nc-1.7nt-8t,HumanEval_119,4,True,3.71
two-turn-nc-1.7nt-8t,HumanEval_12,0,True,1.68
two-turn-nc-1.7nt-8t,HumanEval_12,1,True,1.74
two-turn-nc-1.7nt-8t,HumanEval_12,2,True,1.53
two-turn-nc-1.7nt-8t,HumanEval_12,3,True,1.88
two-turn-nc-1.7nt-8t,HumanEval_12,4,True,1.12
two-turn-nc-1.7nt-8t,HumanEval_120,0,True,59.63
two-turn-nc-1.7nt-8t,HumanEval_120,1,True,36.18
two-turn-nc-1.7nt-8t,HumanEval_120,2,True,29.84
two-turn-nc-1.7nt-8t,HumanEval_120,3,True,47.6
two-turn-nc-1.7nt-8t,HumanEval_120,4,True,32.44
two-turn-nc-1.7nt-8t,HumanEval_121,0,True,18.07
two-turn-nc-1.7nt-8t,HumanEval_121,1,True,2.25
two-turn-nc-1.7nt-8t,HumanEval_121,2,True,2.07
two-turn-nc-1.7nt-8t,HumanEval_121,3,True,1.62
two-turn-nc-1.7nt-8t,HumanEval_121,4,True,1.6
two-turn-nc-1.7nt-8t,HumanEval_122,0,True,26.89
two-turn-nc-1.7nt-8t,HumanEval_122,1,True,28.22
two-turn-nc-1.7nt-8t,HumanEval_122,2,True,24.91
two-turn-nc-1.7nt-8t,HumanEval_122,3,True,25.84
two-turn-nc-1.7nt-8t,HumanEval_122,4,True,23.18
two-turn-nc-1.7nt-8t,HumanEval_123,0,True,2.82
two-turn-nc-1.7nt-8t,HumanEval_123,1,True,2.93
two-turn-nc-1.7nt-8t,HumanEval_123,2,True,2.92
two-turn-nc-1.7nt-8t,HumanEval_123,3,True,2.51
two-turn-nc-1.7nt-8t,HumanEval_123,4,True,2.59
two-turn-nc-1.7nt-8t,HumanEval_124,0,True,3.1
two-turn-nc-1.7nt-8t,HumanEval_124,1,True,4.69
two-turn-nc-1.7nt-8t,HumanEval_124,2,True,3.33
two-turn-nc-1.7nt-8t,HumanEval_124,3,True,65.33
two-turn-nc-1.7nt-8t,HumanEval_124,4,True,3.78
two-turn-nc-1.7nt-8t,HumanEval_125,0,True,2.46
two-turn-nc-1.7nt-8t,HumanEval_125,1,True,2.55
two-turn-nc-1.7nt-8t,HumanEval_125,2,True,2.24
two-turn-nc-1.7nt-8t,HumanEval_125,3,True,2.63
two-turn-nc-1.7nt-8t,HumanEval_125,4,True,2.65
two-turn-nc-1.7nt-8t,HumanEval_126,0,True,147.68
two-turn-nc-1.7nt-8t,HumanEval_126,1,True,98.97
two-turn-nc-1.7nt-8t,HumanEval_126,2,True,59.4
two-turn-nc-1.7nt-8t,HumanEval_126,3,True,74.26
two-turn-nc-1.7nt-8t,HumanEval_126,4,True,156.57
two-turn-nc-1.7nt-8t,HumanEval_127,0,True,2.36
two-turn-nc-1.7nt-8t,HumanEval_127,1,True,2.62
two-turn-nc-1.7nt-8t,HumanEval_127,2,True,2.83
two-turn-nc-1.7nt-8t,HumanEval_127,3,True,3.7
two-turn-nc-1.7nt-8t,HumanEval_127,4,True,2.35
two-turn-nc-1.7nt-8t,HumanEval_128,0,True,2.68
two-turn-nc-1.7nt-8t,HumanEval_128,1,True,2.85
two-turn-nc-1.7nt-8t,HumanEval_128,2,True,2.36
two-turn-nc-1.7nt-8t,HumanEval_128,3,True,2.24
two-turn-nc-1.7nt-8t,HumanEval_128,4,True,2.55
two-turn-nc-1.7nt-8t,HumanEval_129,0,True,130.71
two-turn-nc-1.7nt-8t,HumanEval_129,1,True,135.33
two-turn-nc-1.7nt-8t,HumanEval_129,2,True,137.54
two-turn-nc-1.7nt-8t,HumanEval_129,3,True,107.48
two-turn-nc-1.7nt-8t,HumanEval_129,4,True,108.02
two-turn-nc-1.7nt-8t,HumanEval_13,0,True,1.69
two-turn-nc-1.7nt-8t,HumanEval_13,1,True,0.92
two-turn-nc-1.7nt-8t,HumanEval_13,2,True,1.91
two-turn-nc-1.7nt-8t,HumanEval_13,3,True,0.85
two-turn-nc-1.7nt-8t,HumanEval_13,4,True,1.45
two-turn-nc-1.7nt-8t,HumanEval_130,0,True,172.47
two-turn-nc-1.7nt-8t,HumanEval_130,1,True,104.76
two-turn-nc-1.7nt-8t,HumanEval_130,2,True,108.44
two-turn-nc-1.7nt-8t,HumanEval_130,3,False,172.88
two-turn-nc-1.7nt-8t,HumanEval_130,4,True,96.21
two-turn-nc-1.7nt-8t,HumanEval_131,0,False,20.86
two-turn-nc-1.7nt-8t,HumanEval_131,1,True,33.09
two-turn-nc-1.7nt-8t,HumanEval_131,2,False,21.21
two-turn-nc-1.7nt-8t,HumanEval_131,3,False,18.46
two-turn-nc-1.7nt-8t,HumanEval_131,4,True,32.24
two-turn-nc-1.7nt-8t,HumanEval_132,0,True,126.11
two-turn-nc-1.7nt-8t,HumanEval_132,1,False,82.77
two-turn-nc-1.7nt-8t,HumanEval_132,2,False,85.69
two-turn-nc-1.7nt-8t,HumanEval_132,3,False,127.55
two-turn-nc-1.7nt-8t,HumanEval_132,4,False,274.52
two-turn-nc-1.7nt-8t,HumanEval_133,0,True,34.39
two-turn-nc-1.7nt-8t,HumanEval_133,1,True,28.92
two-turn-nc-1.7nt-8t,HumanEval_133,2,True,55.22
two-turn-nc-1.7nt-8t,HumanEval_133,3,True,2.54
two-turn-nc-1.7nt-8t,HumanEval_133,4,True,42.76
two-turn-nc-1.7nt-8t,HumanEval_134,0,True,61.35
two-turn-nc-1.7nt-8t,HumanEval_134,1,True,49.14
two-turn-nc-1.7nt-8t,HumanEval_134,2,False,674.17
two-turn-nc-1.7nt-8t,HumanEval_134,3,True,82.8
two-turn-nc-1.7nt-8t,HumanEval_134,4,True,686.18
two-turn-nc-1.7nt-8t,HumanEval_135,0,True,24.86
two-turn-nc-1.7nt-8t,HumanEval_135,1,True,18.56
two-turn-nc-1.7nt-8t,HumanEval_135,2,True,1.48
two-turn-nc-1.7nt-8t,HumanEval_135,3,True,26.34
two-turn-nc-1.7nt-8t,HumanEval_135,4,True,1.99
two-turn-nc-1.7nt-8t,HumanEval_136,0,True,2.51
two-turn-nc-1.7nt-8t,HumanEval_136,1,True,2.6
two-turn-nc-1.7nt-8t,HumanEval_136,2,True,2.1
two-turn-nc-1.7nt-8t,HumanEval_136,3,True,2.61
two-turn-nc-1.7nt-8t,HumanEval_136,4,True,2.61
two-turn-nc-1.7nt-8t,HumanEval_137,0,True,2.35
two-turn-nc-1.7nt-8t,HumanEval_137,1,True,46.42
two-turn-nc-1.7nt-8t,HumanEval_137,2,True,32.05
two-turn-nc-1.7nt-8t,HumanEval_137,3,True,38.72
two-turn-nc-1.7nt-8t,HumanEval_137,4,True,45.1
two-turn-nc-1.7nt-8t,HumanEval_138,0,True,2.46
two-turn-nc-1.7nt-8t,HumanEval_138,1,True,29.83
two-turn-nc-1.7nt-8t,HumanEval_138,2,True,36.64
two-turn-nc-1.7nt-8t,HumanEval_138,3,True,2.06
two-turn-nc-1.7nt-8t,HumanEval_138,4,True,28.41
two-turn-nc-1.7nt-8t,HumanEval_139,0,True,2.05
two-turn-nc-1.7nt-8t,HumanEval_139,1,True,2.3
two-turn-nc-1.7nt-8t,HumanEval_139,2,True,2.35
two-turn-nc-1.7nt-8t,HumanEval_139,3,True,2.2
two-turn-nc-1.7nt-8t,HumanEval_139,4,True,2.53
two-turn-nc-1.7nt-8t,HumanEval_14,0,True,0.85
two-turn-nc-1.7nt-8t,HumanEval_14,1,True,0.86
two-turn-nc-1.7nt-8t,HumanEval_14,2,True,0.79
two-turn-nc-1.7nt-8t,HumanEval_14,3,True,0.79
two-turn-nc-1.7nt-8t,HumanEval_14,4,True,0.77
two-turn-nc-1.7nt-8t,HumanEval_140,0,False,29.46
two-turn-nc-1.7nt-8t,HumanEval_140,1,True,56.18
two-turn-nc-1.7nt-8t,HumanEval_140,2,True,38.48
two-turn-nc-1.7nt-8t,HumanEval_140,3,True,80.57
two-turn-nc-1.7nt-8t,HumanEval_140,4,False,128.78
two-turn-nc-1.7nt-8t,HumanEval_141,0,True,69.98
two-turn-nc-1.7nt-8t,HumanEval_141,1,True,60.84
two-turn-nc-1.7nt-8t,HumanEval_141,2,True,61.16
two-turn-nc-1.7nt-8t,HumanEval_141,3,True,40.83
two-turn-nc-1.7nt-8t,HumanEval_141,4,True,55.24
two-turn-nc-1.7nt-8t,HumanEval_142,0,True,2.06
two-turn-nc-1.7nt-8t,HumanEval_142,1,True,1.26
two-turn-nc-1.7nt-8t,HumanEval_142,2,True,1.56
two-turn-nc-1.7nt-8t,HumanEval_142,3,True,1.72
two-turn-nc-1.7nt-8t,HumanEval_142,4,True,1.79
two-turn-nc-1.7nt-8t,HumanEval_143,0,True,2.48
two-turn-nc-1.7nt-8t,HumanEval_143,1,True,2.02
two-turn-nc-1.7nt-8t,HumanEval_143,2,True,2.05
two-turn-nc-1.7nt-8t,HumanEval_143,3,True,2.36
two-turn-nc-1.7nt-8t,HumanEval_143,4,True,2.22
two-turn-nc-1.7nt-8t,HumanEval_144,0,True,2.71
two-turn-nc-1.7nt-8t,HumanEval_144,1,True,37.24
two-turn-nc-1.7nt-8t,HumanEval_144,2,True,54.46
two-turn-nc-1.7nt-8t,HumanEval_144,3,True,30.28
two-turn-nc-1.7nt-8t,HumanEval_144,4,True,62.03
two-turn-nc-1.7nt-8t,HumanEval_145,0,False,208.69
two-turn-nc-1.7nt-8t,HumanEval_145,1,False,221.19
two-turn-nc-1.7nt-8t,HumanEval_145,2,False,271.01
two-turn-nc-1.7nt-8t,HumanEval_145,3,False,263.77
two-turn-nc-1.7nt-8t,HumanEval_145,4,False,168.06
two-turn-nc-1.7nt-8t,HumanEval_146,0,True,2.62
two-turn-nc-1.7nt-8t,HumanEval_146,1,True,2.09
two-turn-nc-1.7nt-8t,HumanEval_146,2,True,1.84
two-turn-nc-1.7nt-8t,HumanEval_146,3,True,2.15
two-turn-nc-1.7nt-8t,HumanEval_146,4,True,40.37
two-turn-nc-1.7nt-8t,HumanEval_147,0,True,2.87
two-turn-nc-1.7nt-8t,HumanEval_147,1,True,2.81
two-turn-nc-1.7nt-8t,HumanEval_147,2,True,2.67
two-turn-nc-1.7nt-8t,HumanEval_147,3,True,3.02
two-turn-nc-1.7nt-8t,HumanEval_147,4,True,2.91
two-turn-nc-1.7nt-8t,HumanEval_148,0,True,3.43
two-turn-nc-1.7nt-8t,HumanEval_148,1,True,2.24
two-turn-nc-1.7nt-8t,HumanEval_148,2,True,36.2
two-turn-nc-1.7nt-8t,HumanEval_148,3,True,2.53
two-turn-nc-1.7nt-8t,HumanEval_148,4,True,57.29
two-turn-nc-1.7nt-8t,HumanEval_149,0,True,2.17
two-turn-nc-1.7nt-8t,HumanEval_149,1,True,1.57
two-turn-nc-1.7nt-8t,HumanEval_149,2,True,2.12
two-turn-nc-1.7nt-8t,HumanEval_149,3,True,1.66
two-turn-nc-1.7nt-8t,HumanEval_149,4,True,2.18
two-turn-nc-1.7nt-8t,HumanEval_15,0,True,0.8
two-turn-nc-1.7nt-8t,HumanEval_15,1,True,0.79
two-turn-nc-1.7nt-8t,HumanEval_15,2,True,0.94
two-turn-nc-1.7nt-8t,HumanEval_15,3,True,1.13
two-turn-nc-1.7nt-8t,HumanEval_15,4,True,0.74
two-turn-nc-1.7nt-8t,HumanEval_150,0,True,1.82
two-turn-nc-1.7nt-8t,HumanEval_150,1,True,1.68
two-turn-nc-1.7nt-8t,HumanEval_150,2,True,1.77
two-turn-nc-1.7nt-8t,HumanEval_150,3,True,2.17
two-turn-nc-1.7nt-8t,HumanEval_150,4,True,1.92
two-turn-nc-1.7nt-8t,HumanEval_151,0,True,2.17
two-turn-nc-1.7nt-8t,HumanEval_151,1,True,1.81
two-turn-nc-1.7nt-8t,HumanEval_151,2,True,1.61
two-turn-nc-1.7nt-8t,HumanEval_151,3,True,63.06
two-turn-nc-1.7nt-8t,HumanEval_151,4,True,1.55
two-turn-nc-1.7nt-8t,HumanEval_152,0,True,2.21
two-turn-nc-1.7nt-8t,HumanEval_152,1,True,1.85
two-turn-nc-1.7nt-8t,HumanEval_152,2,True,1.96
two-turn-nc-1.7nt-8t,HumanEval_152,3,True,1.15
two-turn-nc-1.7nt-8t,HumanEval_152,4,True,1.18
two-turn-nc-1.7nt-8t,HumanEval_153,0,True,40.69
two-turn-nc-1.7nt-8t,HumanEval_153,1,True,28.94
two-turn-nc-1.7nt-8t,HumanEval_153,2,True,37.88
two-turn-nc-1.7nt-8t,HumanEval_153,3,True,38.92
two-turn-nc-1.7nt-8t,HumanEval_153,4,True,53.85
two-turn-nc-1.7nt-8t,HumanEval_154,0,True,2.22
two-turn-nc-1.7nt-8t,HumanEval_154,1,True,2.06
two-turn-nc-1.7nt-8t,HumanEval_154,2,True,2.58
two-turn-nc-1.7nt-8t,HumanEval_154,3,True,1.92
two-turn-nc-1.7nt-8t,HumanEval_154,4,True,2.28
two-turn-nc-1.7nt-8t,HumanEval_155,0,True,18.36
two-turn-nc-1.7nt-8t,HumanEval_155,1,True,16.57
two-turn-nc-1.7nt-8t,HumanEval_155,2,True,1.62
two-turn-nc-1.7nt-8t,HumanEval_155,3,True,19.32
two-turn-nc-1.7nt-8t,HumanEval_155,4,True,15.72
two-turn-nc-1.7nt-8t,HumanEval_156,0,True,26.89
two-turn-nc-1.7nt-8t,HumanEval_156,1,True,2.21
two-turn-nc-1.7nt-8t,HumanEval_156,2,True,33.55
two-turn-nc-1.7nt-8t,HumanEval_156,3,True,2.51
two-turn-nc-1.7nt-8t,HumanEval_156,4,True,2.29
two-turn-nc-1.7nt-8t,HumanEval_157,0,True,2.05
two-turn-nc-1.7nt-8t,HumanEval_157,1,True,1.99
two-turn-nc-1.7nt-8t,HumanEval_157,2,True,1.78
two-turn-nc-1.7nt-8t,HumanEval_157,3,True,2.01
two-turn-nc-1.7nt-8t,HumanEval_157,4,True,1.42
two-turn-nc-1.7nt-8t,HumanEval_158,0,True,2.21
two-turn-nc-1.7nt-8t,HumanEval_158,1,True,2.4
two-turn-nc-1.7nt-8t,HumanEval_158,2,True,2.18
two-turn-nc-1.7nt-8t,HumanEval_158,3,True,2.05
two-turn-nc-1.7nt-8t,HumanEval_158,4,True,2.49
two-turn-nc-1.7nt-8t,HumanEval_159,0,True,26.68
two-turn-nc-1.7nt-8t,HumanEval_159,1,True,49.63
two-turn-nc-1.7nt-8t,HumanEval_159,2,True,25.13
two-turn-nc-1.7nt-8t,HumanEval_159,3,True,43.63
two-turn-nc-1.7nt-8t,HumanEval_159,4,True,47.02
two-turn-nc-1.7nt-8t,HumanEval_16,0,True,1.0
two-turn-nc-1.7nt-8t,HumanEval_16,1,True,1.54
two-turn-nc-1.7nt-8t,HumanEval_16,2,True,1.01
two-turn-nc-1.7nt-8t,HumanEval_16,3,True,0.92
two-turn-nc-1.7nt-8t,HumanEval_16,4,True,0.93
two-turn-nc-1.7nt-8t,HumanEval_160,0,True,41.56
two-turn-nc-1.7nt-8t,HumanEval_160,1,True,44.14
two-turn-nc-1.7nt-8t,HumanEval_160,2,True,72.68
two-turn-nc-1.7nt-8t,HumanEval_160,3,True,42.65
two-turn-nc-1.7nt-8t,HumanEval_160,4,True,48.28
two-turn-nc-1.7nt-8t,HumanEval_161,0,True,2.48
two-turn-nc-1.7nt-8t,HumanEval_161,1,True,2.09
two-turn-nc-1.7nt-8t,HumanEval_161,2,True,2.28
two-turn-nc-1.7nt-8t,HumanEval_161,3,True,2.33
two-turn-nc-1.7nt-8t,HumanEval_161,4,True,2.1
two-turn-nc-1.7nt-8t,HumanEval_162,0,True,1.38
two-turn-nc-1.7nt-8t,HumanEval_162,1,True,1.47
two-turn-nc-1.7nt-8t,HumanEval_162,2,True,1.47
two-turn-nc-1.7nt-8t,HumanEval_162,3,True,1.67
two-turn-nc-1.7nt-8t,HumanEval_162,4,True,1.57
two-turn-nc-1.7nt-8t,HumanEval_163,0,False,44.07
two-turn-nc-1.7nt-8t,HumanEval_163,1,False,35.84
two-turn-nc-1.7nt-8t,HumanEval_163,2,False,40.4
two-turn-nc-1.7nt-8t,HumanEval_163,3,False,35.85
two-turn-nc-1.7nt-8t,HumanEval_163,4,False,45.16
two-turn-nc-1.7nt-8t,HumanEval_17,0,True,22.86
two-turn-nc-1.7nt-8t,HumanEval_17,1,True,19.46
two-turn-nc-1.7nt-8t,HumanEval_17,2,True,2.17
two-turn-nc-1.7nt-8t,HumanEval_17,3,True,21.5
two-turn-nc-1.7nt-8t,HumanEval_17,4,True,2.14
two-turn-nc-1.7nt-8t,HumanEval_18,0,True,2.08
two-turn-nc-1.7nt-8t,HumanEval_18,1,True,1.89
two-turn-nc-1.7nt-8t,HumanEval_18,2,True,2.01
two-turn-nc-1.7nt-8t,HumanEval_18,3,True,2.0
two-turn-nc-1.7nt-8t,HumanEval_18,4,True,1.78
two-turn-nc-1.7nt-8t,HumanEval_19,0,True,37.06
two-turn-nc-1.7nt-8t,HumanEval_19,1,True,33.83
two-turn-nc-1.7nt-8t,HumanEval_19,2,True,33.7
two-turn-nc-1.7nt-8t,HumanEval_19,3,True,32.86
two-turn-nc-1.7nt-8t,HumanEval_19,4,True,36.79
two-turn-nc-1.7nt-8t,HumanEval_2,0,True,1.86
two-turn-nc-1.7nt-8t,HumanEval_2,1,True,1.9
two-turn-nc-1.7nt-8t,HumanEval_2,2,True,25.93
two-turn-nc-1.7nt-8t,HumanEval_2,3,True,25.27
two-turn-nc-1.7nt-8t,HumanEval_2,4,True,1.39
two-turn-nc-1.7nt-8t,HumanEval_20,0,True,59.62
two-turn-nc-1.7nt-8t,HumanEval_20,1,True,2.28
two-turn-nc-1.7nt-8t,HumanEval_20,2,True,56.3
two-turn-nc-1.7nt-8t,HumanEval_20,3,True,2.52
two-turn-nc-1.7nt-8t,HumanEval_20,4,True,46.72
two-turn-nc-1.7nt-8t,HumanEval_21,0,True,2.02
two-turn-nc-1.7nt-8t,HumanEval_21,1,True,1.99
two-turn-nc-1.7nt-8t,HumanEval_21,2,True,2.08
two-turn-nc-1.7nt-8t,HumanEval_21,3,True,1.9
two-turn-nc-1.7nt-8t,HumanEval_21,4,True,1.97
two-turn-nc-1.7nt-8t,HumanEval_22,0,True,1.35
two-turn-nc-1.7nt-8t,HumanEval_22,1,True,1.36
two-turn-nc-1.7nt-8t,HumanEval_22,2,True,1.32
two-turn-nc-1.7nt-8t,HumanEval_22,3,True,1.45
two-turn-nc-1.7nt-8t,HumanEval_22,4,True,1.47
two-turn-nc-1.7nt-8t,HumanEval_23,0,True,0.62
two-turn-nc-1.7nt-8t,HumanEval_23,1,True,0.65
two-turn-nc-1.7nt-8t,HumanEval_23,2,True,0.96
two-turn-nc-1.7nt-8t,HumanEval_23,3,True,0.63
two-turn-nc-1.7nt-8t,HumanEval_23,4,True,0.9
two-turn-nc-1.7nt-8t,HumanEval_24,0,True,46.41
two-turn-nc-1.7nt-8t,HumanEval_24,1,True,53.99
two-turn-nc-1.7nt-8t,HumanEval_24,2,True,54.28
two-turn-nc-1.7nt-8t,HumanEval_24,3,True,53.37
two-turn-nc-1.7nt-8t,HumanEval_24,4,True,1.44
two-turn-nc-1.7nt-8t,HumanEval_25,0,True,2.35
two-turn-nc-1.7nt-8t,HumanEval_25,1,True,2.65
two-turn-nc-1.7nt-8t,HumanEval_25,2,True,2.53
two-turn-nc-1.7nt-8t,HumanEval_25,3,True,2.65
two-turn-nc-1.7nt-8t,HumanEval_25,4,True,2.16
two-turn-nc-1.7nt-8t,HumanEval_26,0,True,23.35
two-turn-nc-1.7nt-8t,HumanEval_26,1,True,41.08
two-turn-nc-1.7nt-8t,HumanEval_26,2,True,49.53
two-turn-nc-1.7nt-8t,HumanEval_26,3,True,24.42
two-turn-nc-1.7nt-8t,HumanEval_26,4,True,46.93
two-turn-nc-1.7nt-8t,HumanEval_27,0,True,0.74
two-turn-nc-1.7nt-8t,HumanEval_27,1,True,0.7
two-turn-nc-1.7nt-8t,HumanEval_27,2,True,0.66
two-turn-nc-1.7nt-8t,HumanEval_27,3,True,0.76
two-turn-nc-1.7nt-8t,HumanEval_27,4,True,0.6
two-turn-nc-1.7nt-8t,HumanEval_28,0,True,0.72
two-turn-nc-1.7nt-8t,HumanEval_28,1,True,0.72
two-turn-nc-1.7nt-8t,HumanEval_28,2,True,0.7
two-turn-nc-1.7nt-8t,HumanEval_28,3,True,0.73
two-turn-nc-1.7nt-8t,HumanEval_28,4,True,0.62
two-turn-nc-1.7nt-8t,HumanEval_29,0,True,0.88
two-turn-nc-1.7nt-8t,HumanEval_29,1,True,0.86
two-turn-nc-1.7nt-8t,HumanEval_29,2,True,0.9
two-turn-nc-1.7nt-8t,HumanEval_29,3,True,0.88
two-turn-nc-1.7nt-8t,HumanEval_29,4,True,0.83
two-turn-nc-1.7nt-8t,HumanEval_3,0,True,1.75
two-turn-nc-1.7nt-8t,HumanEval_3,1,True,1.79
two-turn-nc-1.7nt-8t,HumanEval_3,2,True,1.72
two-turn-nc-1.7nt-8t,HumanEval_3,3,True,1.76
two-turn-nc-1.7nt-8t,HumanEval_3,4,True,1.75
two-turn-nc-1.7nt-8t,HumanEval_30,0,True,1.45
two-turn-nc-1.7nt-8t,HumanEval_30,1,True,1.45
two-turn-nc-1.7nt-8t,HumanEval_30,2,True,1.38
two-turn-nc-1.7nt-8t,HumanEval_30,3,True,1.23
two-turn-nc-1.7nt-8t,HumanEval_30,4,True,1.39
two-turn-nc-1.7nt-8t,HumanEval_31,0,True,1.95
two-turn-nc-1.7nt-8t,HumanEval_31,1,True,1.94
two-turn-nc-1.7nt-8t,HumanEval_31,2,True,1.9
two-turn-nc-1.7nt-8t,HumanEval_31,3,True,2.34
two-turn-nc-1.7nt-8t,HumanEval_31,4,True,2.14
two-turn-nc-1.7nt-8t,HumanEval_32,0,False,168.45
two-turn-nc-1.7nt-8t,HumanEval_32,1,False,142.67
two-turn-nc-1.7nt-8t,HumanEval_32,2,False,237.3
two-turn-nc-1.7nt-8t,HumanEval_32,3,False,142.45
two-turn-nc-1.7nt-8t,HumanEval_32,4,False,193.86
two-turn-nc-1.7nt-8t,HumanEval_33,0,True,2.24
two-turn-nc-1.7nt-8t,HumanEval_33,1,True,2.69
two-turn-nc-1.7nt-8t,HumanEval_33,2,True,2.25
two-turn-nc-1.7nt-8t,HumanEval_33,3,True,2.19
two-turn-nc-1.7nt-8t,HumanEval_33,4,True,2.08
two-turn-nc-1.7nt-8t,HumanEval_34,0,True,1.8
two-turn-nc-1.7nt-8t,HumanEval_34,1,True,1.32
two-turn-nc-1.7nt-8t,HumanEval_34,2,True,0.86
two-turn-nc-1.7nt-8t,HumanEval_34,3,True,1.24
two-turn-nc-1.7nt-8t,HumanEval_34,4,True,1.42
two-turn-nc-1.7nt-8t,HumanEval_35,0,True,1.26
two-turn-nc-1.7nt-8t,HumanEval_35,1,True,1.05
two-turn-nc-1.7nt-8t,HumanEval_35,2,True,1.23
two-turn-nc-1.7nt-8t,HumanEval_35,3,True,0.96
two-turn-nc-1.7nt-8t,HumanEval_35,4,True,1.04
two-turn-nc-1.7nt-8t,HumanEval_36,0,True,1.85
two-turn-nc-1.7nt-8t,HumanEval_36,1,True,1.81
two-turn-nc-1.7nt-8t,HumanEval_36,2,True,1.53
two-turn-nc-1.7nt-8t,HumanEval_36,3,True,2.92
two-turn-nc-1.7nt-8t,HumanEval_36,4,True,1.78
two-turn-nc-1.7nt-8t,HumanEval_37,0,True,2.02
two-turn-nc-1.7nt-8t,HumanEval_37,1,True,1.94
two-turn-nc-1.7nt-8t,HumanEval_37,2,True,1.91
two-turn-nc-1.7nt-8t,HumanEval_37,3,True,1.83
two-turn-nc-1.7nt-8t,HumanEval_37,4,True,1.92
two-turn-nc-1.7nt-8t,HumanEval_38,0,False,31.6
two-turn-nc-1.7nt-8t,HumanEval_38,1,False,34.76
two-turn-nc-1.7nt-8t,HumanEval_38,2,False,19.02
two-turn-nc-1.7nt-8t,HumanEval_38,3,False,45.48
two-turn-nc-1.7nt-8t,HumanEval_38,4,False,27.27
two-turn-nc-1.7nt-8t,HumanEval_39,0,True,2.57
two-turn-nc-1.7nt-8t,HumanEval_39,1,True,2.21
two-turn-nc-1.7nt-8t,HumanEval_39,2,True,2.6
two-turn-nc-1.7nt-8t,HumanEval_39,3,True,2.34
two-turn-nc-1.7nt-8t,HumanEval_39,4,True,2.43
two-turn-nc-1.7nt-8t,HumanEval_4,0,True,2.11
two-turn-nc-1.7nt-8t,HumanEval_4,1,True,2.09
two-turn-nc-1.7nt-8t,HumanEval_4,2,True,1.6
two-turn-nc-1.7nt-8t,HumanEval_4,3,True,1.65
two-turn-nc-1.7nt-8t,HumanEval_4,4,True,2.08
two-turn-nc-1.7nt-8t,HumanEval_40,0,True,2.25
two-turn-nc-1.7nt-8t,HumanEval_40,1,True,86.55
two-turn-nc-1.7nt-8t,HumanEval_40,2,True,2.16
two-turn-nc-1.7nt-8t,HumanEval_40,3,True,2.18
two-turn-nc-1.7nt-8t,HumanEval_40,4,True,2.45
two-turn-nc-1.7nt-8t,HumanEval_41,0,True,2.04
two-turn-nc-1.7nt-8t,HumanEval_41,1,True,2.67
two-turn-nc-1.7nt-8t,HumanEval_41,2,True,1.62
two-turn-nc-1.7nt-8t,HumanEval_41,3,True,1.89
two-turn-nc-1.7nt-8t,HumanEval_41,4,True,1.67
two-turn-nc-1.7nt-8t,HumanEval_42,0,True,1.3
two-turn-nc-1.7nt-8t,HumanEval_42,1,True,1.32
two-turn-nc-1.7nt-8t,HumanEval_42,2,True,0.97
two-turn-nc-1.7nt-8t,HumanEval_42,3,True,0.98
two-turn-nc-1.7nt-8t,HumanEval_42,4,True,0.92
two-turn-nc-1.7nt-8t,HumanEval_43,0,True,2.09
two-turn-nc-1.7nt-8t,HumanEval_43,1,True,1.89
two-turn-nc-1.7nt-8t,HumanEval_43,2,True,1.84
two-turn-nc-1.7nt-8t,HumanEval_43,3,True,1.88
two-turn-nc-1.7nt-8t,HumanEval_43,4,True,1.86
two-turn-nc-1.7nt-8t,HumanEval_44,0,True,45.5
two-turn-nc-1.7nt-8t,HumanEval_44,1,True,2.13
two-turn-nc-1.7nt-8t,HumanEval_44,2,True,2.29
two-turn-nc-1.7nt-8t,HumanEval_44,3,True,46.45
two-turn-nc-1.7nt-8t,HumanEval_44,4,True,1.75
two-turn-nc-1.7nt-8t,HumanEval_45,0,True,1.06
two-turn-nc-1.7nt-8t,HumanEval_45,1,True,0.66
two-turn-nc-1.7nt-8t,HumanEval_45,2,True,0.67
two-turn-nc-1.7nt-8t,HumanEval_45,3,True,0.62
two-turn-nc-1.7nt-8t,HumanEval_45,4,True,1.25
two-turn-nc-1.7nt-8t,HumanEval_46,0,True,2.92
two-turn-nc-1.7nt-8t,HumanEval_46,1,True,3.13
two-turn-nc-1.7nt-8t,HumanEval_46,2,True,2.61
two-turn-nc-1.7nt-8t,HumanEval_46,3,True,2.68
two-turn-nc-1.7nt-8t,HumanEval_46,4,True,2.54
two-turn-nc-1.7nt-8t,HumanEval_47,0,True,2.11
two-turn-nc-1.7nt-8t,HumanEval_47,1,True,1.63
two-turn-nc-1.7nt-8t,HumanEval_47,2,True,1.66
two-turn-nc-1.7nt-8t,HumanEval_47,3,True,1.53
two-turn-nc-1.7nt-8t,HumanEval_47,4,True,1.79
two-turn-nc-1.7nt-8t,HumanEval_48,0,True,1.01
two-turn-nc-1.7nt-8t,HumanEval_48,1,True,0.99
two-turn-nc-1.7nt-8t,HumanEval_48,2,True,0.95
two-turn-nc-1.7nt-8t,HumanEval_48,3,True,0.9
two-turn-nc-1.7nt-8t,HumanEval_48,4,True,0.95
two-turn-nc-1.7nt-8t,HumanEval_49,0,True,1.53
two-turn-nc-1.7nt-8t,HumanEval_49,1,True,1.56
two-turn-nc-1.7nt-8t,HumanEval_49,2,True,1.52
two-turn-nc-1.7nt-8t,HumanEval_49,3,True,2.37
two-turn-nc-1.7nt-8t,HumanEval_49,4,True,1.46
two-turn-nc-1.7nt-8t,HumanEval_5,0,True,1.57
two-turn-nc-1.7nt-8t,HumanEval_5,1,True,26.5
two-turn-nc-1.7nt-8t,HumanEval_5,2,True,1.67
two-turn-nc-1.7nt-8t,HumanEval_5,3,True,1.46
two-turn-nc-1.7nt-8t,HumanEval_5,4,True,20.36
two-turn-nc-1.7nt-8t,HumanEval_50,0,True,1.65
two-turn-nc-1.7nt-8t,HumanEval_50,1,False,31.59
two-turn-nc-1.7nt-8t,HumanEval_50,2,True,26.58
two-turn-nc-1.7nt-8t,HumanEval_50,3,False,24.44
two-turn-nc-1.7nt-8t,HumanEval_50,4,True,1.67
two-turn-nc-1.7nt-8t,HumanEval_51,0,True,1.51
two-turn-nc-1.7nt-8t,HumanEval_51,1,True,1.71
two-turn-nc-1.7nt-8t,HumanEval_51,2,True,1.71
two-turn-nc-1.7nt-8t,HumanEval_51,3,True,1.66
two-turn-nc-1.7nt-8t,HumanEval_51,4,True,1.62
two-turn-nc-1.7nt-8t,HumanEval_52,0,True,0.88
two-turn-nc-1.7nt-8t,HumanEval_52,1,True,0.91
two-turn-nc-1.7nt-8t,HumanEval_52,2,True,0.89
two-turn-nc-1.7nt-8t,HumanEval_52,3,True,0.84
two-turn-nc-1.7nt-8t,HumanEval_52,4,True,0.82
two-turn-nc-1.7nt-8t,HumanEval_53,0,True,0.69
two-turn-nc-1.7nt-8t,HumanEval_53,1,True,0.83
two-turn-nc-1.7nt-8t,HumanEval_53,2,True,0.67
two-turn-nc-1.7nt-8t,HumanEval_53,3,True,0.62
two-turn-nc-1.7nt-8t,HumanEval_53,4,True,0.62
two-turn-nc-1.7nt-8t,HumanEval_54,0,True,1.36
two-turn-nc-1.7nt-8t,HumanEval_54,1,True,101.52
two-turn-nc-1.7nt-8t,HumanEval_54,2,True,211.71
two-turn-nc-1.7nt-8t,HumanEval_54,3,True,98.08
two-turn-nc-1.7nt-8t,HumanEval_54,4,True,1.48
two-turn-nc-1.7nt-8t,HumanEval_55,0,True,0.96
two-turn-nc-1.7nt-8t,HumanEval_55,1,True,37.24
two-turn-nc-1.7nt-8t,HumanEval_55,2,True,1.54
two-turn-nc-1.7nt-8t,HumanEval_55,3,True,1.66
two-turn-nc-1.7nt-8t,HumanEval_55,4,True,1.09
two-turn-nc-1.7nt-8t,HumanEval_56,0,True,1.53
two-turn-nc-1.7nt-8t,HumanEval_56,1,True,1.64
two-turn-nc-1.7nt-8t,HumanEval_56,2,True,1.75
two-turn-nc-1.7nt-8t,HumanEval_56,3,True,1.83
two-turn-nc-1.7nt-8t,HumanEval_56,4,True,1.77
two-turn-nc-1.7nt-8t,HumanEval_57,0,True,25.9
two-turn-nc-1.7nt-8t,HumanEval_57,1,True,1.3
two-turn-nc-1.7nt-8t,HumanEval_57,2,True,28.53
two-turn-nc-1.7nt-8t,HumanEval_57,3,True,1.96
two-turn-nc-1.7nt-8t,HumanEval_57,4,True,2.05
two-turn-nc-1.7nt-8t,HumanEval_58,0,True,1.69
two-turn-nc-1.7nt-8t,HumanEval_58,1,True,1.74
two-turn-nc-1.7nt-8t,HumanEval_58,2,True,1.91
two-turn-nc-1.7nt-8t,HumanEval_58,3,True,1.67
two-turn-nc-1.7nt-8t,HumanEval_58,4,True,1.68
two-turn-nc-1.7nt-8t,HumanEval_59,0,True,1.96
two-turn-nc-1.7nt-8t,HumanEval_59,1,True,2.13
two-turn-nc-1.7nt-8t,HumanEval_59,2,True,2.27
two-turn-nc-1.7nt-8t,HumanEval_59,3,True,2.34
two-turn-nc-1.7nt-8t,HumanEval_59,4,True,2.24
two-turn-nc-1.7nt-8t,HumanEval_6,0,True,2.02
two-turn-nc-1.7nt-8t,HumanEval_6,1,True,2.14
two-turn-nc-1.7nt-8t,HumanEval_6,2,True,22.26
two-turn-nc-1.7nt-8t,HumanEval_6,3,True,1.98
two-turn-nc-1.7nt-8t,HumanEval_6,4,True,1.97
two-turn-nc-1.7nt-8t,HumanEval_60,0,True,0.96
two-turn-nc-1.7nt-8t,HumanEval_60,1,True,0.96
two-turn-nc-1.7nt-8t,HumanEval_60,2,True,0.97
two-turn-nc-1.7nt-8t,HumanEval_60,3,True,0.9
two-turn-nc-1.7nt-8t,HumanEval_60,4,True,0.9
two-turn-nc-1.7nt-8t,HumanEval_61,0,True,1.55
two-turn-nc-1.7nt-8t,HumanEval_61,1,True,2.32
two-turn-nc-1.7nt-8t,HumanEval_61,2,True,1.68
two-turn-nc-1.7nt-8t,HumanEval_61,3,True,1.58
two-turn-nc-1.7nt-8t,HumanEval_61,4,True,1.49
two-turn-nc-1.7nt-8t,HumanEval_62,0,True,22.77
two-turn-nc-1.7nt-8t,HumanEval_62,1,True,3.12
two-turn-nc-1.7nt-8t,HumanEval_62,2,True,27.49
two-turn-nc-1.7nt-8t,HumanEval_62,3,False,99.27
two-turn-nc-1.7nt-8t,HumanEval_62,4,False,67.79
two-turn-nc-1.7nt-8t,HumanEval_63,0,True,2.85
two-turn-nc-1.7nt-8t,HumanEval_63,1,True,3.08
two-turn-nc-1.7nt-8t,HumanEval_63,2,True,2.41
two-turn-nc-1.7nt-8t,HumanEval_63,3,True,2.36
two-turn-nc-1.7nt-8t,HumanEval_63,4,True,2.43
two-turn-nc-1.7nt-8t,HumanEval_64,0,True,65.13
two-turn-nc-1.7nt-8t,HumanEval_64,1,True,99.38
two-turn-nc-1.7nt-8t,HumanEval_64,2,True,62.43
two-turn-nc-1.7nt-8t,HumanEval_64,3,True,52.96
two-turn-nc-1.7nt-8t,HumanEval_64,4,True,61.52
two-turn-nc-1.7nt-8t,HumanEval_65,0,True,1.85
two-turn-nc-1.7nt-8t,HumanEval_65,1,True,2.51
two-turn-nc-1.7nt-8t,HumanEval_65,2,True,1.71
two-turn-nc-1.7nt-8t,HumanEval_65,3,True,2.08
two-turn-nc-1.7nt-8t,HumanEval_65,4,True,1.75
two-turn-nc-1.7nt-8t,HumanEval_66,0,True,1.59
two-turn-nc-1.7nt-8t,HumanEval_66,1,True,1.54
two-turn-nc-1.7nt-8t,HumanEval_66,2,True,1.53
two-turn-nc-1.7nt-8t,HumanEval_66,3,True,1.51
two-turn-nc-1.7nt-8t,HumanEval_66,4,True,2.22
two-turn-nc-1.7nt-8t,HumanEval_67,0,True,28.58
two-turn-nc-1.7nt-8t,HumanEval_67,1,True,28.6
two-turn-nc-1.7nt-8t,HumanEval_67,2,True,27.7
two-turn-nc-1.7nt-8t,HumanEval_67,3,True,26.75
two-turn-nc-1.7nt-8t,HumanEval_67,4,True,49.38
two-turn-nc-1.7nt-8t,HumanEval_68,0,True,2.95
two-turn-nc-1.7nt-8t,HumanEval_68,1,True,3.31
two-turn-nc-1.7nt-8t,HumanEval_68,2,True,45.0
two-turn-nc-1.7nt-8t,HumanEval_68,3,True,2.79
two-turn-nc-1.7nt-8t,HumanEval_68,4,True,2.6
two-turn-nc-1.7nt-8t,HumanEval_69,0,True,2.2
two-turn-nc-1.7nt-8t,HumanEval_69,1,True,2.24
two-turn-nc-1.7nt-8t,HumanEval_69,2,True,2.37
two-turn-nc-1.7nt-8t,HumanEval_69,3,True,2.23
two-turn-nc-1.7nt-8t,HumanEval_69,4,True,2.26
two-turn-nc-1.7nt-8t,HumanEval_7,0,True,1.23
two-turn-nc-1.7nt-8t,HumanEval_7,1,True,1.35
two-turn-nc-1.7nt-8t,HumanEval_7,2,True,1.39
two-turn-nc-1.7nt-8t,HumanEval_7,3,True,1.32
two-turn-nc-1.7nt-8t,HumanEval_7,4,True,1.33
two-turn-nc-1.7nt-8t,HumanEval_70,0,True,2.72
two-turn-nc-1.7nt-8t,HumanEval_70,1,True,32.84
two-turn-nc-1.7nt-8t,HumanEval_70,2,True,2.46
two-turn-nc-1.7nt-8t,HumanEval_70,3,True,2.44
two-turn-nc-1.7nt-8t,HumanEval_70,4,True,35.68
two-turn-nc-1.7nt-8t,HumanEval_71,0,True,2.4
two-turn-nc-1.7nt-8t,HumanEval_71,1,True,2.23
two-turn-nc-1.7nt-8t,HumanEval_71,2,True,2.25
two-turn-nc-1.7nt-8t,HumanEval_71,3,True,2.24
two-turn-nc-1.7nt-8t,HumanEval_71,4,True,2.23
two-turn-nc-1.7nt-8t,HumanEval_72,0,True,2.56
two-turn-nc-1.7nt-8t,HumanEval_72,1,True,2.35
two-turn-nc-1.7nt-8t,HumanEval_72,2,True,2.58
two-turn-nc-1.7nt-8t,HumanEval_72,3,True,2.45
two-turn-nc-1.7nt-8t,HumanEval_72,4,True,2.51
two-turn-nc-1.7nt-8t,HumanEval_73,0,True,27.68
two-turn-nc-1.7nt-8t,HumanEval_73,1,True,31.29
two-turn-nc-1.7nt-8t,HumanEval_73,2,True,2.5
two-turn-nc-1.7nt-8t,HumanEval_73,3,True,22.16
two-turn-nc-1.7nt-8t,HumanEval_73,4,True,21.83
two-turn-nc-1.7nt-8t,HumanEval_74,0,True,2.21
two-turn-nc-1.7nt-8t,HumanEval_74,1,True,2.04
two-turn-nc-1.7nt-8t,HumanEval_74,2,True,2.29
two-turn-nc-1.7nt-8t,HumanEval_74,3,True,2.38
two-turn-nc-1.7nt-8t,HumanEval_74,4,True,2.34
two-turn-nc-1.7nt-8t,HumanEval_75,0,True,3.07
two-turn-nc-1.7nt-8t,HumanEval_75,1,True,96.9
two-turn-nc-1.7nt-8t,HumanEval_75,2,True,80.47
two-turn-nc-1.7nt-8t,HumanEval_75,3,True,65.11
two-turn-nc-1.7nt-8t,HumanEval_75,4,True,108.16
two-turn-nc-1.7nt-8t,HumanEval_76,0,True,1.77
two-turn-nc-1.7nt-8t,HumanEval_76,1,True,2.63
two-turn-nc-1.7nt-8t,HumanEval_76,2,True,191.28
two-turn-nc-1.7nt-8t,HumanEval_76,3,True,2.5
two-turn-nc-1.7nt-8t,HumanEval_76,4,True,3.12
two-turn-nc-1.7nt-8t,HumanEval_77,0,True,99.54
two-turn-nc-1.7nt-8t,HumanEval_77,1,True,125.57
two-turn-nc-1.7nt-8t,HumanEval_77,2,True,139.73
two-turn-nc-1.7nt-8t,HumanEval_77,3,True,78.94
two-turn-nc-1.7nt-8t,HumanEval_77,4,True,93.58
two-turn-nc-1.7nt-8t,HumanEval_78,0,True,2.1
two-turn-nc-1.7nt-8t,HumanEval_78,1,True,19.94
two-turn-nc-1.7nt-8t,HumanEval_78,2,True,25.47
two-turn-nc-1.7nt-8t,HumanEval_78,3,True,18.24
two-turn-nc-1.7nt-8t,HumanEval_78,4,True,1.97
two-turn-nc-1.7nt-8t,HumanEval_79,0,True,1.49
two-turn-nc-1.7nt-8t,HumanEval_79,1,True,1.96
two-turn-nc-1.7nt-8t,HumanEval_79,2,True,1.6
two-turn-nc-1.7nt-8t,HumanEval_79,3,True,1.82
two-turn-nc-1.7nt-8t,HumanEval_79,4,True,2.18
two-turn-nc-1.7nt-8t,HumanEval_8,0,True,1.67
two-turn-nc-1.7nt-8t,HumanEval_8,1,True,1.7
two-turn-nc-1.7nt-8t,HumanEval_8,2,True,1.62
two-turn-nc-1.7nt-8t,HumanEval_8,3,True,1.53
two-turn-nc-1.7nt-8t,HumanEval_8,4,True,1.72
two-turn-nc-1.7nt-8t,HumanEval_80,0,True,35.13
two-turn-nc-1.7nt-8t,HumanEval_80,1,True,1.86
two-turn-nc-1.7nt-8t,HumanEval_80,2,True,21.3
two-turn-nc-1.7nt-8t,HumanEval_80,3,True,1.9
two-turn-nc-1.7nt-8t,HumanEval_80,4,True,1.97
two-turn-nc-1.7nt-8t,HumanEval_81,0,True,231.12
two-turn-nc-1.7nt-8t,HumanEval_81,1,True,107.92
two-turn-nc-1.7nt-8t,HumanEval_81,2,True,60.49
two-turn-nc-1.7nt-8t,HumanEval_81,3,True,116.55
two-turn-nc-1.7nt-8t,HumanEval_81,4,True,81.84
two-turn-nc-1.7nt-8t,HumanEval_82,0,True,1.78
two-turn-nc-1.7nt-8t,HumanEval_82,1,True,2.15
two-turn-nc-1.7nt-8t,HumanEval_82,2,True,2.27
two-turn-nc-1.7nt-8t,HumanEval_82,3,True,2.43
two-turn-nc-1.7nt-8t,HumanEval_82,4,True,2.26
two-turn-nc-1.7nt-8t,HumanEval_83,0,True,34.07
two-turn-nc-1.7nt-8t,HumanEval_83,1,True,42.22
two-turn-nc-1.7nt-8t,HumanEval_83,2,True,47.14
two-turn-nc-1.7nt-8t,HumanEval_83,3,True,39.47
two-turn-nc-1.7nt-8t,HumanEval_83,4,True,72.46
two-turn-nc-1.7nt-8t,HumanEval_84,0,True,18.05
two-turn-nc-1.7nt-8t,HumanEval_84,1,True,17.79
two-turn-nc-1.7nt-8t,HumanEval_84,2,True,18.47
two-turn-nc-1.7nt-8t,HumanEval_84,3,True,21.48
two-turn-nc-1.7nt-8t,HumanEval_84,4,True,20.16
two-turn-nc-1.7nt-8t,HumanEval_85,0,True,1.52
two-turn-nc-1.7nt-8t,HumanEval_85,1,True,1.54
two-turn-nc-1.7nt-8t,HumanEval_85,2,True,1.34
two-turn-nc-1.7nt-8t,HumanEval_85,3,True,1.43
two-turn-nc-1.7nt-8t,HumanEval_85,4,True,0.86
two-turn-nc-1.7nt-8t,HumanEval_86,0,True,2.14
two-turn-nc-1.7nt-8t,HumanEval_86,1,True,2.37
two-turn-nc-1.7nt-8t,HumanEval_86,2,True,1.94
two-turn-nc-1.7nt-8t,HumanEval_86,3,True,2.31
two-turn-nc-1.7nt-8t,HumanEval_86,4,True,2.07
two-turn-nc-1.7nt-8t,HumanEval_87,0,True,3.0
two-turn-nc-1.7nt-8t,HumanEval_87,1,True,49.74
two-turn-nc-1.7nt-8t,HumanEval_87,2,True,55.71
two-turn-nc-1.7nt-8t,HumanEval_87,3,True,46.82
two-turn-nc-1.7nt-8t,HumanEval_87,4,True,41.01
two-turn-nc-1.7nt-8t,HumanEval_88,0,True,54.52
two-turn-nc-1.7nt-8t,HumanEval_88,1,True,2.07
two-turn-nc-1.7nt-8t,HumanEval_88,2,True,50.21
two-turn-nc-1.7nt-8t,HumanEval_88,3,True,37.6
two-turn-nc-1.7nt-8t,HumanEval_88,4,True,2.03
two-turn-nc-1.7nt-8t,HumanEval_89,0,True,31.87
two-turn-nc-1.7nt-8t,HumanEval_89,1,True,50.62
two-turn-nc-1.7nt-8t,HumanEval_89,2,True,2.13
two-turn-nc-1.7nt-8t,HumanEval_89,3,True,28.47
two-turn-nc-1.7nt-8t,HumanEval_89,4,True,2.04
two-turn-nc-1.7nt-8t,HumanEval_9,0,True,25.08
two-turn-nc-1.7nt-8t,HumanEval_9,1,True,1.98
two-turn-nc-1.7nt-8t,HumanEval_9,2,True,2.65
two-turn-nc-1.7nt-8t,HumanEval_9,3,True,27.18
two-turn-nc-1.7nt-8t,HumanEval_9,4,True,24.46
two-turn-nc-1.7nt-8t,HumanEval_90,0,True,32.38
two-turn-nc-1.7nt-8t,HumanEval_90,1,True,87.14
two-turn-nc-1.7nt-8t,HumanEval_90,2,True,55.63
two-turn-nc-1.7nt-8t,HumanEval_90,3,True,74.87
two-turn-nc-1.7nt-8t,HumanEval_90,4,True,100.57
two-turn-nc-1.7nt-8t,HumanEval_91,0,False,40.27
two-turn-nc-1.7nt-8t,HumanEval_91,1,False,69.5
two-turn-nc-1.7nt-8t,HumanEval_91,2,True,74.56
two-turn-nc-1.7nt-8t,HumanEval_91,3,False,84.98
two-turn-nc-1.7nt-8t,HumanEval_91,4,True,76.0
two-turn-nc-1.7nt-8t,HumanEval_92,0,False,79.8
two-turn-nc-1.7nt-8t,HumanEval_92,1,True,56.13
two-turn-nc-1.7nt-8t,HumanEval_92,2,False,98.88
two-turn-nc-1.7nt-8t,HumanEval_92,3,True,76.82
two-turn-nc-1.7nt-8t,HumanEval_92,4,True,43.78
two-turn-nc-1.7nt-8t,HumanEval_93,0,False,65.31
two-turn-nc-1.7nt-8t,HumanEval_93,1,True,88.77
two-turn-nc-1.7nt-8t,HumanEval_93,2,True,124.5
two-turn-nc-1.7nt-8t,HumanEval_93,3,False,93.38
two-turn-nc-1.7nt-8t,HumanEval_93,4,True,82.95
two-turn-nc-1.7nt-8t,HumanEval_94,0,True,3.32
two-turn-nc-1.7nt-8t,HumanEval_94,1,True,46.33
two-turn-nc-1.7nt-8t,HumanEval_94,2,True,3.51
two-turn-nc-1.7nt-8t,HumanEval_94,3,True,42.59
two-turn-nc-1.7nt-8t,HumanEval_94,4,True,3.01
two-turn-nc-1.7nt-8t,HumanEval_95,0,True,42.27
two-turn-nc-1.7nt-8t,HumanEval_95,1,True,1.72
two-turn-nc-1.7nt-8t,HumanEval_95,2,True,3.09
two-turn-nc-1.7nt-8t,HumanEval_95,3,True,2.37
two-turn-nc-1.7nt-8t,HumanEval_95,4,True,2.81
two-turn-nc-1.7nt-8t,HumanEval_96,0,True,3.14
two-turn-nc-1.7nt-8t,HumanEval_96,1,True,42.03
two-turn-nc-1.7nt-8t,HumanEval_96,2,True,3.01
two-turn-nc-1.7nt-8t,HumanEval_96,3,True,2.69
two-turn-nc-1.7nt-8t,HumanEval_96,4,True,3.25
two-turn-nc-1.7nt-8t,HumanEval_97,0,True,1.82
two-turn-nc-1.7nt-8t,HumanEval_97,1,True,1.28
two-turn-nc-1.7nt-8t,HumanEval_97,2,True,1.83
two-turn-nc-1.7nt-8t,HumanEval_97,3,True,1.55
two-turn-nc-1.7nt-8t,HumanEval_97,4,True,1.74
two-turn-nc-1.7nt-8t,HumanEval_98,0,True,1.87
two-turn-nc-1.7nt-8t,HumanEval_98,1,True,1.92
two-turn-nc-1.7nt-8t,HumanEval_98,2,True,22.11
two-turn-nc-1.7nt-8t,HumanEval_98,3,True,1.61
two-turn-nc-1.7nt-8t,HumanEval_98,4,True,1.37
two-turn-nc-1.7nt-8t,HumanEval_99,0,False,1200.0923402309418
two-turn-nc-1.7nt-8t,HumanEval_99,1,True,2.27
two-turn-nc-1.7nt-8t,HumanEval_99,2,True,116.76
two-turn-nc-1.7nt-8t,HumanEval_99,3,True,646.26
two-turn-nc-1.7nt-8t,HumanEval_99,4,True,156.91
two-turn-nc-14nt-1.7t,HumanEval_0,0,True,12.17
two-turn-nc-14nt-1.7t,HumanEval_0,1,True,12.22
two-turn-nc-14nt-1.7t,HumanEval_1,0,True,12.94
two-turn-nc-14nt-1.7t,HumanEval_1,1,True,13.06
two-turn-nc-14nt-1.7t,HumanEval_10,0,True,10.39
two-turn-nc-14nt-1.7t,HumanEval_10,1,True,11.08
two-turn-nc-14nt-1.7t,HumanEval_100,0,True,8.57
two-turn-nc-14nt-1.7t,HumanEval_100,1,True,15.09
two-turn-nc-14nt-1.7t,HumanEval_101,0,True,7.57
two-turn-nc-14nt-1.7t,HumanEval_101,1,True,9.45
two-turn-nc-14nt-1.7t,HumanEval_102,0,True,8.05
two-turn-nc-14nt-1.7t,HumanEval_102,1,True,8.26
two-turn-nc-14nt-1.7t,HumanEval_103,0,True,11.82
two-turn-nc-14nt-1.7t,HumanEval_103,1,True,10.64
two-turn-nc-14nt-1.7t,HumanEval_104,0,True,8.62
two-turn-nc-14nt-1.7t,HumanEval_104,1,True,12.05
two-turn-nc-14nt-1.7t,HumanEval_105,0,True,17.68
two-turn-nc-14nt-1.7t,HumanEval_105,1,True,17.03
two-turn-nc-14nt-1.7t,HumanEval_106,0,True,9.9
two-turn-nc-14nt-1.7t,HumanEval_106,1,True,10.22
two-turn-nc-14nt-1.7t,HumanEval_107,0,True,14.35
two-turn-nc-14nt-1.7t,HumanEval_107,1,True,14.32
two-turn-nc-14nt-1.7t,HumanEval_108,0,True,14.76
two-turn-nc-14nt-1.7t,HumanEval_108,1,True,14.21
two-turn-nc-14nt-1.7t,HumanEval_109,0,True,22.23
two-turn-nc-14nt-1.7t,HumanEval_109,1,True,24.88
two-turn-nc-14nt-1.7t,HumanEval_11,0,True,8.04
two-turn-nc-14nt-1.7t,HumanEval_11,1,True,12.16
two-turn-nc-14nt-1.7t,HumanEval_110,0,True,18.76
two-turn-nc-14nt-1.7t,HumanEval_110,1,True,14.73
two-turn-nc-14nt-1.7t,HumanEval_111,0,True,11.64
two-turn-nc-14nt-1.7t,HumanEval_111,1,True,12.73
two-turn-nc-14nt-1.7t,HumanEval_112,0,True,10.43
two-turn-nc-14nt-1.7t,HumanEval_112,1,True,10.23
two-turn-nc-14nt-1.7t,HumanEval_113,0,True,13.33
two-turn-nc-14nt-1.7t,HumanEval_113,1,True,13.07
two-turn-nc-14nt-1.7t,HumanEval_114,0,True,13.15
two-turn-nc-14nt-1.7t,HumanEval_114,1,True,12.53
two-turn-nc-14nt-1.7t,HumanEval_115,0,True,22.95
two-turn-nc-14nt-1.7t,HumanEval_115,1,False,24.01
two-turn-nc-14nt-1.7t,HumanEval_116,0,True,48.54
two-turn-nc-14nt-1.7t,HumanEval_116,1,True,11.21
two-turn-nc-14nt-1.7t,HumanEval_117,0,True,12.53
two-turn-nc-14nt-1.7t,HumanEval_117,1,True,13.59
two-turn-nc-14nt-1.7t,HumanEval_118,0,True,9.78
two-turn-nc-14nt-1.7t,HumanEval_118,1,True,67.71
two-turn-nc-14nt-1.7t,HumanEval_119,0,True,17.42
two-turn-nc-14nt-1.7t,HumanEval_119,1,True,17.69
two-turn-nc-14nt-1.7t,HumanEval_12,0,True,9.44
two-turn-nc-14nt-1.7t,HumanEval_12,1,True,10.04
two-turn-nc-14nt-1.7t,HumanEval_120,0,True,23.92
two-turn-nc-14nt-1.7t,HumanEval_120,1,True,11.87
two-turn-nc-14nt-1.7t,HumanEval_121,0,True,9.19
two-turn-nc-14nt-1.7t,HumanEval_121,1,True,9.12
two-turn-nc-14nt-1.7t,HumanEval_122,0,True,12.18
two-turn-nc-14nt-1.7t,HumanEval_122,1,True,10.19
two-turn-nc-14nt-1.7t,HumanEval_123,0,True,13.38
two-turn-nc-14nt-1.7t,HumanEval_123,1,True,12.83
two-turn-nc-14nt-1.7t,HumanEval_124,0,True,26.39
two-turn-nc-14nt-1.7t,HumanEval_124,1,True,16.24
two-turn-nc-14nt-1.7t,HumanEval_125,0,True,9.53
two-turn-nc-14nt-1.7t,HumanEval_125,1,True,9.84
two-turn-nc-14nt-1.7t,HumanEval_126,0,True,16.08
two-turn-nc-14nt-1.7t,HumanEval_126,1,False,50.11
two-turn-nc-14nt-1.7t,HumanEval_127,0,True,11.6
two-turn-nc-14nt-1.7t,HumanEval_127,1,True,11.01
two-turn-nc-14nt-1.7t,HumanEval_128,0,True,13.83
two-turn-nc-14nt-1.7t,HumanEval_128,1,True,12.79
two-turn-nc-14nt-1.7t,HumanEval_129,0,True,28.42
two-turn-nc-14nt-1.7t,HumanEval_129,1,True,50.43
two-turn-nc-14nt-1.7t,HumanEval_13,0,True,6.33
two-turn-nc-14nt-1.7t,HumanEval_13,1,True,7.2
two-turn-nc-14nt-1.7t,HumanEval_130,0,True,17.43
two-turn-nc-14nt-1.7t,HumanEval_130,1,False,107.29
two-turn-nc-14nt-1.7t,HumanEval_131,0,True,7.39
two-turn-nc-14nt-1.7t,HumanEval_131,1,True,7.7
two-turn-nc-14nt-1.7t,HumanEval_132,0,False,73.81
two-turn-nc-14nt-1.7t,HumanEval_132,1,False,316.85
two-turn-nc-14nt-1.7t,HumanEval_133,0,True,11.1
two-turn-nc-14nt-1.7t,HumanEval_133,1,True,10.0
two-turn-nc-14nt-1.7t,HumanEval_134,0,False,71.9
two-turn-nc-14nt-1.7t,HumanEval_134,1,True,11.43
two-turn-nc-14nt-1.7t,HumanEval_135,0,True,12.91
two-turn-nc-14nt-1.7t,HumanEval_135,1,True,12.53
two-turn-nc-14nt-1.7t,HumanEval_136,0,True,8.68
two-turn-nc-14nt-1.7t,HumanEval_136,1,True,8.64
two-turn-nc-14nt-1.7t,HumanEval_137,0,True,10.11
two-turn-nc-14nt-1.7t,HumanEval_137,1,True,14.1
two-turn-nc-14nt-1.7t,HumanEval_138,0,True,10.64
two-turn-nc-14nt-1.7t,HumanEval_138,1,True,11.66
two-turn-nc-14nt-1.7t,HumanEval_139,0,True,11.27
two-turn-nc-14nt-1.7t,HumanEval_139,1,True,10.33
two-turn-nc-14nt-1.7t,HumanEval_14,0,True,4.35
two-turn-nc-14nt-1.7t,HumanEval_14,1,True,4.72
two-turn-nc-14nt-1.7t,HumanEval_140,0,True,7.71
two-turn-nc-14nt-1.7t,HumanEval_140,1,True,34.24
two-turn-nc-14nt-1.7t,HumanEval_141,0,True,15.08
two-turn-nc-14nt-1.7t,HumanEval_141,1,True,14.66
two-turn-nc-14nt-1.7t,HumanEval_142,0,True,10.1
two-turn-nc-14nt-1.7t,HumanEval_142,1,True,9.78
two-turn-nc-14nt-1.7t,HumanEval_143,0,True,10.85
two-turn-nc-14nt-1.7t,HumanEval_143,1,True,10.26
two-turn-nc-14nt-1.7t,HumanEval_144,0,True,13.92
two-turn-nc-14nt-1.7t,HumanEval_144,1,True,24.55
two-turn-nc-14nt-1.7t,HumanEval_145,0,False,60.65
two-turn-nc-14nt-1.7t,HumanEval_145,1,False,55.85
two-turn-nc-14nt-1.7t,HumanEval_146,0,True,11.66
two-turn-nc-14nt-1.7t,HumanEval_146,1,True,12.35
two-turn-nc-14nt-1.7t,HumanEval_147,0,True,15.94
two-turn-nc-14nt-1.7t,HumanEval_147,1,True,15.99
two-turn-nc-14nt-1.7t,HumanEval_148,0,True,17.34
two-turn-nc-14nt-1.7t,HumanEval_148,1,True,15.98
two-turn-nc-14nt-1.7t,HumanEval_149,0,True,10.51
two-turn-nc-14nt-1.7t,HumanEval_149,1,True,10.66
two-turn-nc-14nt-1.7t,HumanEval_15,0,True,4.52
two-turn-nc-14nt-1.7t,HumanEval_15,1,True,4.88
two-turn-nc-14nt-1.7t,HumanEval_150,0,True,11.41
two-turn-nc-14nt-1.7t,HumanEval_150,1,True,8.9
two-turn-nc-14nt-1.7t,HumanEval_151,0,True,8.19
two-turn-nc-14nt-1.7t,HumanEval_151,1,True,8.46
two-turn-nc-14nt-1.7t,HumanEval_152,0,True,10.84
two-turn-nc-14nt-1.7t,HumanEval_152,1,True,9.49
two-turn-nc-14nt-1.7t,HumanEval_153,0,True,18.27
two-turn-nc-14nt-1.7t,HumanEval_153,1,True,15.42
two-turn-nc-14nt-1.7t,HumanEval_154,0,True,11.14
two-turn-nc-14nt-1.7t,HumanEval_154,1,True,11.3
two-turn-nc-14nt-1.7t,HumanEval_155,0,True,7.15
two-turn-nc-14nt-1.7t,HumanEval_155,1,True,9.83
two-turn-nc-14nt-1.7t,HumanEval_156,0,True,11.66
two-turn-nc-14nt-1.7t,HumanEval_156,1,True,12.11
two-turn-nc-14nt-1.7t,HumanEval_157,0,True,9.51
two-turn-nc-14nt-1.7t,HumanEval_157,1,True,10.19
two-turn-nc-14nt-1.7t,HumanEval_158,0,True,10.35
two-turn-nc-14nt-1.7t,HumanEval_158,1,True,10.21
two-turn-nc-14nt-1.7t,HumanEval_159,0,True,12.96
two-turn-nc-14nt-1.7t,HumanEval_159,1,True,13.88
two-turn-nc-14nt-1.7t,HumanEval_16,0,True,8.01
two-turn-nc-14nt-1.7t,HumanEval_16,1,True,7.84
two-turn-nc-14nt-1.7t,HumanEval_160,0,True,31.57
two-turn-nc-14nt-1.7t,HumanEval_160,1,True,41.07
two-turn-nc-14nt-1.7t,HumanEval_161,0,True,9.37
two-turn-nc-14nt-1.7t,HumanEval_161,1,True,9.33
two-turn-nc-14nt-1.7t,HumanEval_162,0,True,7.32
two-turn-nc-14nt-1.7t,HumanEval_162,1,True,8.22
two-turn-nc-14nt-1.7t,HumanEval_163,0,False,41.89
two-turn-nc-14nt-1.7t,HumanEval_163,1,False,34.01
two-turn-nc-14nt-1.7t,HumanEval_17,0,True,12.0
two-turn-nc-14nt-1.7t,HumanEval_17,1,True,14.35
two-turn-nc-14nt-1.7t,HumanEval_18,0,True,10.38
two-turn-nc-14nt-1.7t,HumanEval_18,1,True,10.06
two-turn-nc-14nt-1.7t,HumanEval_19,0,True,11.54
two-turn-nc-14nt-1.7t,HumanEval_19,1,True,11.88
two-turn-nc-14nt-1.7t,HumanEval_2,0,True,4.72
two-turn-nc-14nt-1.7t,HumanEval_2,1,True,4.97
two-turn-nc-14nt-1.7t,HumanEval_20,0,True,15.09
two-turn-nc-14nt-1.7t,HumanEval_20,1,True,15.08
two-turn-nc-14nt-1.7t,HumanEval_21,0,True,10.6
two-turn-nc-14nt-1.7t,HumanEval_21,1,True,12.26
two-turn-nc-14nt-1.7t,HumanEval_22,0,True,5.25
two-turn-nc-14nt-1.7t,HumanEval_22,1,True,5.69
two-turn-nc-14nt-1.7t,HumanEval_23,0,True,3.48
two-turn-nc-14nt-1.7t,HumanEval_23,1,True,3.64
two-turn-nc-14nt-1.7t,HumanEval_24,0,True,8.8
two-turn-nc-14nt-1.7t,HumanEval_24,1,True,8.04
two-turn-nc-14nt-1.7t,HumanEval_25,0,True,11.0
two-turn-nc-14nt-1.7t,HumanEval_25,1,True,17.91
two-turn-nc-14nt-1.7t,HumanEval_26,0,True,6.98
two-turn-nc-14nt-1.7t,HumanEval_26,1,True,7.07
two-turn-nc-14nt-1.7t,HumanEval_27,0,True,3.8
two-turn-nc-14nt-1.7t,HumanEval_27,1,True,3.84
two-turn-nc-14nt-1.7t,HumanEval_28,0,True,4.15
two-turn-nc-14nt-1.7t,HumanEval_28,1,True,4.12
two-turn-nc-14nt-1.7t,HumanEval_29,0,True,5.35
two-turn-nc-14nt-1.7t,HumanEval_29,1,True,5.37
two-turn-nc-14nt-1.7t,HumanEval_3,0,True,7.48
two-turn-nc-14nt-1.7t,HumanEval_3,1,True,7.77
two-turn-nc-14nt-1.7t,HumanEval_30,0,True,6.41
two-turn-nc-14nt-1.7t,HumanEval_30,1,True,6.37
two-turn-nc-14nt-1.7t,HumanEval_31,0,True,9.9
two-turn-nc-14nt-1.7t,HumanEval_31,1,True,9.95
two-turn-nc-14nt-1.7t,HumanEval_32,0,True,19.77
two-turn-nc-14nt-1.7t,HumanEval_32,1,False,323.36
two-turn-nc-14nt-1.7t,HumanEval_33,0,True,12.93
two-turn-nc-14nt-1.7t,HumanEval_33,1,True,13.3
two-turn-nc-14nt-1.7t,HumanEval_34,0,True,6.52
two-turn-nc-14nt-1.7t,HumanEval_34,1,True,6.49
two-turn-nc-14nt-1.7t,HumanEval_35,0,True,6.96
two-turn-nc-14nt-1.7t,HumanEval_35,1,True,6.73
two-turn-nc-14nt-1.7t,HumanEval_36,0,True,9.19
two-turn-nc-14nt-1.7t,HumanEval_36,1,True,8.5
two-turn-nc-14nt-1.7t,HumanEval_37,0,True,12.42
two-turn-nc-14nt-1.7t,HumanEval_37,1,True,11.99
two-turn-nc-14nt-1.7t,HumanEval_38,0,False,21.68
two-turn-nc-14nt-1.7t,HumanEval_38,1,False,15.65
two-turn-nc-14nt-1.7t,HumanEval_39,0,True,11.86
two-turn-nc-14nt-1.7t,HumanEval_39,1,True,12.11
two-turn-nc-14nt-1.7t,HumanEval_4,0,True,9.92
two-turn-nc-14nt-1.7t,HumanEval_4,1,True,9.99
two-turn-nc-14nt-1.7t,HumanEval_40,0,True,12.51
two-turn-nc-14nt-1.7t,HumanEval_40,1,True,13.08
two-turn-nc-14nt-1.7t,HumanEval_41,0,True,10.79
two-turn-nc-14nt-1.7t,HumanEval_41,1,True,10.63
two-turn-nc-14nt-1.7t,HumanEval_42,0,True,6.42
two-turn-nc-14nt-1.7t,HumanEval_42,1,True,6.78
two-turn-nc-14nt-1.7t,HumanEval_43,0,True,11.27
two-turn-nc-14nt-1.7t,HumanEval_43,1,True,14.34
two-turn-nc-14nt-1.7t,HumanEval_44,0,True,6.66
two-turn-nc-14nt-1.7t,HumanEval_44,1,True,8.18
two-turn-nc-14nt-1.7t,HumanEval_45,0,True,5.59
two-turn-nc-14nt-1.7t,HumanEval_45,1,True,5.56
two-turn-nc-14nt-1.7t,HumanEval_46,0,True,13.2
two-turn-nc-14nt-1.7t,HumanEval_46,1,True,13.01
two-turn-nc-14nt-1.7t,HumanEval_47,0,True,8.69
two-turn-nc-14nt-1.7t,HumanEval_47,1,True,8.79
two-turn-nc-14nt-1.7t,HumanEval_48,0,True,4.3
two-turn-nc-14nt-1.7t,HumanEval_48,1,True,4.31
two-turn-nc-14nt-1.7t,HumanEval_49,0,True,8.42
two-turn-nc-14nt-1.7t,HumanEval_49,1,True,8.49
two-turn-nc-14nt-1.7t,HumanEval_5,0,True,9.09
two-turn-nc-14nt-1.7t,HumanEval_5,1,True,7.1
two-turn-nc-14nt-1.7t,HumanEval_50,0,True,9.82
two-turn-nc-14nt-1.7t,HumanEval_50,1,True,10.44
two-turn-nc-14nt-1.7t,HumanEval_51,0,True,7.69
two-turn-nc-14nt-1.7t,HumanEval_51,1,True,7.42
two-turn-nc-14nt-1.7t,HumanEval_52,0,True,4.85
two-turn-nc-14nt-1.7t,HumanEval_52,1,True,4.88
two-turn-nc-14nt-1.7t,HumanEval_53,0,True,3.68
two-turn-nc-14nt-1.7t,HumanEval_53,1,True,3.71
two-turn-nc-14nt-1.7t,HumanEval_54,0,True,8.29
two-turn-nc-14nt-1.7t,HumanEval_54,1,True,28.46
two-turn-nc-14nt-1.7t,HumanEval_55,0,True,6.19
two-turn-nc-14nt-1.7t,HumanEval_55,1,True,5.73
two-turn-nc-14nt-1.7t,HumanEval_56,0,True,11.29
two-turn-nc-14nt-1.7t,HumanEval_56,1,True,10.54
two-turn-nc-14nt-1.7t,HumanEval_57,0,True,11.23
two-turn-nc-14nt-1.7t,HumanEval_57,1,True,9.33
two-turn-nc-14nt-1.7t,HumanEval_58,0,True,10.49
two-turn-nc-14nt-1.7t,HumanEval_58,1,True,9.54
two-turn-nc-14nt-1.7t,HumanEval_59,0,True,24.8
two-turn-nc-14nt-1.7t,HumanEval_59,1,True,10.46
two-turn-nc-14nt-1.7t,HumanEval_6,0,True,9.08
two-turn-nc-14nt-1.7t,HumanEval_6,1,True,9.64
two-turn-nc-14nt-1.7t,HumanEval_60,0,True,8.43
two-turn-nc-14nt-1.7t,HumanEval_60,1,True,8.35
two-turn-nc-14nt-1.7t,HumanEval_61,0,True,10.85
two-turn-nc-14nt-1.7t,HumanEval_61,1,True,10.43
two-turn-nc-14nt-1.7t,HumanEval_62,0,True,10.1
two-turn-nc-14nt-1.7t,HumanEval_62,1,True,9.82
two-turn-nc-14nt-1.7t,HumanEval_63,0,True,11.64
two-turn-nc-14nt-1.7t,HumanEval_63,1,True,11.67
two-turn-nc-14nt-1.7t,HumanEval_64,0,True,9.17
two-turn-nc-14nt-1.7t,HumanEval_64,1,True,9.39
two-turn-nc-14nt-1.7t,HumanEval_65,0,True,27.37
two-turn-nc-14nt-1.7t,HumanEval_65,1,True,10.01
two-turn-nc-14nt-1.7t,HumanEval_66,0,True,7.75
two-turn-nc-14nt-1.7t,HumanEval_66,1,True,9.53
two-turn-nc-14nt-1.7t,HumanEval_67,0,True,11.11
two-turn-nc-14nt-1.7t,HumanEval_67,1,True,12.58
two-turn-nc-14nt-1.7t,HumanEval_68,0,True,16.61
two-turn-nc-14nt-1.7t,HumanEval_68,1,True,16.64
two-turn-nc-14nt-1.7t,HumanEval_69,0,True,10.13
two-turn-nc-14nt-1.7t,HumanEval_69,1,True,13.68
two-turn-nc-14nt-1.7t,HumanEval_7,0,True,5.22
two-turn-nc-14nt-1.7t,HumanEval_7,1,True,5.51
two-turn-nc-14nt-1.7t,HumanEval_70,0,True,10.15
two-turn-nc-14nt-1.7t,HumanEval_70,1,True,9.2
two-turn-nc-14nt-1.7t,HumanEval_71,0,True,13.09
two-turn-nc-14nt-1.7t,HumanEval_71,1,True,13.26
two-turn-nc-14nt-1.7t,HumanEval_72,0,True,14.66
two-turn-nc-14nt-1.7t,HumanEval_72,1,True,14.7
two-turn-nc-14nt-1.7t,HumanEval_73,0,True,13.5
two-turn-nc-14nt-1.7t,HumanEval_73,1,True,15.16
two-turn-nc-14nt-1.7t,HumanEval_74,0,True,12.89
two-turn-nc-14nt-1.7t,HumanEval_74,1,True,12.46
two-turn-nc-14nt-1.7t,HumanEval_75,0,True,14.59
two-turn-nc-14nt-1.7t,HumanEval_75,1,True,15.33
two-turn-nc-14nt-1.7t,HumanEval_76,0,True,13.9
two-turn-nc-14nt-1.7t,HumanEval_76,1,True,10.34
two-turn-nc-14nt-1.7t,HumanEval_77,0,False,28.13
two-turn-nc-14nt-1.7t,HumanEval_77,1,False,28.94
two-turn-nc-14nt-1.7t,HumanEval_78,0,True,19.73
two-turn-nc-14nt-1.7t,HumanEval_78,1,True,17.0
two-turn-nc-14nt-1.7t,HumanEval_79,0,True,8.36
two-turn-nc-14nt-1.7t,HumanEval_79,1,True,8.99
two-turn-nc-14nt-1.7t,HumanEval_8,0,True,6.54
two-turn-nc-14nt-1.7t,HumanEval_8,1,True,6.89
two-turn-nc-14nt-1.7t,HumanEval_80,0,True,9.73
two-turn-nc-14nt-1.7t,HumanEval_80,1,True,9.03
two-turn-nc-14nt-1.7t,HumanEval_81,0,True,20.13
two-turn-nc-14nt-1.7t,HumanEval_81,1,True,21.12
two-turn-nc-14nt-1.7t,HumanEval_82,0,True,8.86
two-turn-nc-14nt-1.7t,HumanEval_82,1,True,7.28
two-turn-nc-14nt-1.7t,HumanEval_83,0,True,33.28
two-turn-nc-14nt-1.7t,HumanEval_83,1,True,22.73
two-turn-nc-14nt-1.7t,HumanEval_84,0,True,10.45
two-turn-nc-14nt-1.7t,HumanEval_84,1,True,9.42
two-turn-nc-14nt-1.7t,HumanEval_85,0,True,5.72
two-turn-nc-14nt-1.7t,HumanEval_85,1,True,5.49
two-turn-nc-14nt-1.7t,HumanEval_86,0,True,12.15
two-turn-nc-14nt-1.7t,HumanEval_86,1,True,10.2
two-turn-nc-14nt-1.7t,HumanEval_87,0,True,16.13
two-turn-nc-14nt-1.7t,HumanEval_87,1,True,15.8
two-turn-nc-14nt-1.7t,HumanEval_88,0,True,11.38
two-turn-nc-14nt-1.7t,HumanEval_88,1,True,11.1
two-turn-nc-14nt-1.7t,HumanEval_89,0,True,12.75
two-turn-nc-14nt-1.7t,HumanEval_89,1,True,14.54
two-turn-nc-14nt-1.7t,HumanEval_9,0,True,9.0
two-turn-nc-14nt-1.7t,HumanEval_9,1,True,9.08
two-turn-nc-14nt-1.7t,HumanEval_90,0,True,10.72
two-turn-nc-14nt-1.7t,HumanEval_90,1,True,8.26
two-turn-nc-14nt-1.7t,HumanEval_91,0,False,25.29
two-turn-nc-14nt-1.7t,HumanEval_91,1,False,30.18
two-turn-nc-14nt-1.7t,HumanEval_92,0,True,9.41
two-turn-nc-14nt-1.7t,HumanEval_92,1,True,9.26
two-turn-nc-14nt-1.7t,HumanEval_93,0,True,9.45
two-turn-nc-14nt-1.7t,HumanEval_93,1,False,37.51
two-turn-nc-14nt-1.7t,HumanEval_94,0,True,21.78
two-turn-nc-14nt-1.7t,HumanEval_94,1,True,21.43
two-turn-nc-14nt-1.7t,HumanEval_95,0,True,11.45
two-turn-nc-14nt-1.7t,HumanEval_95,1,True,11.43
two-turn-nc-14nt-1.7t,HumanEval_96,0,True,13.99
two-turn-nc-14nt-1.7t,HumanEval_96,1,True,14.3
two-turn-nc-14nt-1.7t,HumanEval_97,0,True,9.31
two-turn-nc-14nt-1.7t,HumanEval_97,1,True,7.83
two-turn-nc-14nt-1.7t,HumanEval_98,0,True,7.56
two-turn-nc-14nt-1.7t,HumanEval_98,1,True,10.17
two-turn-nc-14nt-1.7t,HumanEval_99,0,False,25.82
two-turn-nc-14nt-1.7t,HumanEval_99,1,True,12.49
two-turn-nc-14nt-14t,HumanEval_0,0,True,11.77
two-turn-nc-14nt-14t,HumanEval_0,1,True,12.74
two-turn-nc-14nt-14t,HumanEval_1,0,True,12.66
two-turn-nc-14nt-14t,HumanEval_1,1,True,12.71
two-turn-nc-14nt-14t,HumanEval_10,0,True,10.58
two-turn-nc-14nt-14t,HumanEval_10,1,True,10.95
two-turn-nc-14nt-14t,HumanEval_100,0,True,15.0
two-turn-nc-14nt-14t,HumanEval_100,1,True,11.19
two-turn-nc-14nt-14t,HumanEval_101,0,True,7.5
two-turn-nc-14nt-14t,HumanEval_101,1,True,7.19
two-turn-nc-14nt-14t,HumanEval_102,0,True,8.56
two-turn-nc-14nt-14t,HumanEval_102,1,True,8.45
two-turn-nc-14nt-14t,HumanEval_103,0,True,13.3
two-turn-nc-14nt-14t,HumanEval_103,1,True,12.77
two-turn-nc-14nt-14t,HumanEval_104,0,True,8.55
two-turn-nc-14nt-14t,HumanEval_104,1,True,11.48
two-turn-nc-14nt-14t,HumanEval_105,0,True,17.37
two-turn-nc-14nt-14t,HumanEval_105,1,True,17.51
two-turn-nc-14nt-14t,HumanEval_106,0,True,9.98
two-turn-nc-14nt-14t,HumanEval_106,1,True,10.0
two-turn-nc-14nt-14t,HumanEval_107,0,True,12.8
two-turn-nc-14nt-14t,HumanEval_107,1,True,14.19
two-turn-nc-14nt-14t,HumanEval_108,0,True,11.29
two-turn-nc-14nt-14t,HumanEval_108,1,True,14.71
two-turn-nc-14nt-14t,HumanEval_109,0,True,23.23
two-turn-nc-14nt-14t,HumanEval_109,1,True,20.5
two-turn-nc-14nt-14t,HumanEval_11,0,True,10.89
two-turn-nc-14nt-14t,HumanEval_11,1,True,13.81
two-turn-nc-14nt-14t,HumanEval_110,0,True,18.74
two-turn-nc-14nt-14t,HumanEval_110,1,True,21.89
two-turn-nc-14nt-14t,HumanEval_111,0,True,11.55
two-turn-nc-14nt-14t,HumanEval_111,1,True,11.56
two-turn-nc-14nt-14t,HumanEval_112,0,True,10.3
two-turn-nc-14nt-14t,HumanEval_112,1,True,11.88
two-turn-nc-14nt-14t,HumanEval_113,0,True,13.2
two-turn-nc-14nt-14t,HumanEval_113,1,True,12.32
two-turn-nc-14nt-14t,HumanEval_114,0,True,11.48
two-turn-nc-14nt-14t,HumanEval_114,1,True,11.76
two-turn-nc-14nt-14t,HumanEval_115,0,False,244.23
two-turn-nc-14nt-14t,HumanEval_115,1,True,59.88
two-turn-nc-14nt-14t,HumanEval_116,0,True,11.07
two-turn-nc-14nt-14t,HumanEval_116,1,True,11.31
two-turn-nc-14nt-14t,HumanEval_117,0,True,13.65
two-turn-nc-14nt-14t,HumanEval_117,1,True,13.85
two-turn-nc-14nt-14t,HumanEval_118,0,True,11.91
two-turn-nc-14nt-14t,HumanEval_118,1,True,9.96
two-turn-nc-14nt-14t,HumanEval_119,0,True,15.38
two-turn-nc-14nt-14t,HumanEval_119,1,True,13.03
two-turn-nc-14nt-14t,HumanEval_12,0,True,9.17
two-turn-nc-14nt-14t,HumanEval_12,1,True,9.44
two-turn-nc-14nt-14t,HumanEval_120,0,True,13.59
two-turn-nc-14nt-14t,HumanEval_120,1,True,13.67
two-turn-nc-14nt-14t,HumanEval_121,0,True,9.06
two-turn-nc-14nt-14t,HumanEval_121,1,True,9.5
two-turn-nc-14nt-14t,HumanEval_122,0,True,10.22
two-turn-nc-14nt-14t,HumanEval_122,1,True,11.75
two-turn-nc-14nt-14t,HumanEval_123,0,True,14.23
two-turn-nc-14nt-14t,HumanEval_123,1,True,13.19
two-turn-nc-14nt-14t,HumanEval_124,0,True,17.06
two-turn-nc-14nt-14t,HumanEval_124,1,True,27.29
two-turn-nc-14nt-14t,HumanEval_125,0,True,9.85
two-turn-nc-14nt-14t,HumanEval_125,1,True,9.7
two-turn-nc-14nt-14t,HumanEval_126,0,True,111.72
two-turn-nc-14nt-14t,HumanEval_126,1,True,16.3
two-turn-nc-14nt-14t,HumanEval_127,0,True,12.66
two-turn-nc-14nt-14t,HumanEval_127,1,True,15.51
two-turn-nc-14nt-14t,HumanEval_128,0,True,13.27
two-turn-nc-14nt-14t,HumanEval_128,1,True,12.82
two-turn-nc-14nt-14t,HumanEval_129,0,True,49.07
two-turn-nc-14nt-14t,HumanEval_129,1,True,45.32
two-turn-nc-14nt-14t,HumanEval_13,0,True,6.87
two-turn-nc-14nt-14t,HumanEval_13,1,True,7.26
two-turn-nc-14nt-14t,HumanEval_130,0,True,25.72
two-turn-nc-14nt-14t,HumanEval_130,1,True,148.84
two-turn-nc-14nt-14t,HumanEval_131,0,True,6.99
two-turn-nc-14nt-14t,HumanEval_131,1,True,6.6
two-turn-nc-14nt-14t,HumanEval_132,0,True,330.71
two-turn-nc-14nt-14t,HumanEval_132,1,True,301.52
two-turn-nc-14nt-14t,HumanEval_133,0,True,11.02
two-turn-nc-14nt-14t,HumanEval_133,1,True,12.2
two-turn-nc-14nt-14t,HumanEval_134,0,True,242.76
two-turn-nc-14nt-14t,HumanEval_134,1,True,11.47
two-turn-nc-14nt-14t,HumanEval_135,0,True,50.07
two-turn-nc-14nt-14t,HumanEval_135,1,True,48.93
two-turn-nc-14nt-14t,HumanEval_136,0,True,9.01
two-turn-nc-14nt-14t,HumanEval_136,1,True,9.34
two-turn-nc-14nt-14t,HumanEval_137,0,True,13.07
two-turn-nc-14nt-14t,HumanEval_137,1,True,15.0
two-turn-nc-14nt-14t,HumanEval_138,0,True,10.55
two-turn-nc-14nt-14t,HumanEval_138,1,True,12.23
two-turn-nc-14nt-14t,HumanEval_139,0,True,11.57
two-turn-nc-14nt-14t,HumanEval_139,1,True,13.01
two-turn-nc-14nt-14t,HumanEval_14,0,True,4.39
two-turn-nc-14nt-14t,HumanEval_14,1,True,4.64
two-turn-nc-14nt-14t,HumanEval_140,0,True,8.85
two-turn-nc-14nt-14t,HumanEval_140,1,True,59.24
two-turn-nc-14nt-14t,HumanEval_141,0,True,15.05
two-turn-nc-14nt-14t,HumanEval_141,1,True,15.73
two-turn-nc-14nt-14t,HumanEval_142,0,True,10.17
two-turn-nc-14nt-14t,HumanEval_142,1,True,9.74
two-turn-nc-14nt-14t,HumanEval_143,0,True,12.27
two-turn-nc-14nt-14t,HumanEval_143,1,True,11.69
two-turn-nc-14nt-14t,HumanEval_144,0,True,16.37
two-turn-nc-14nt-14t,HumanEval_144,1,True,15.55
two-turn-nc-14nt-14t,HumanEval_145,0,False,924.7
two-turn-nc-14nt-14t,HumanEval_145,1,False,367.48
two-turn-nc-14nt-14t,HumanEval_146,0,True,10.27
two-turn-nc-14nt-14t,HumanEval_146,1,True,10.24
two-turn-nc-14nt-14t,HumanEval_147,0,True,15.62
two-turn-nc-14nt-14t,HumanEval_147,1,True,22.11
two-turn-nc-14nt-14t,HumanEval_148,0,True,17.67
two-turn-nc-14nt-14t,HumanEval_148,1,True,16.33
two-turn-nc-14nt-14t,HumanEval_149,0,True,10.79
two-turn-nc-14nt-14t,HumanEval_149,1,True,10.29
two-turn-nc-14nt-14t,HumanEval_15,0,True,4.5
two-turn-nc-14nt-14t,HumanEval_15,1,True,4.84
two-turn-nc-14nt-14t,HumanEval_150,0,True,10.25
two-turn-nc-14nt-14t,HumanEval_150,1,True,8.89
two-turn-nc-14nt-14t,HumanEval_151,0,True,7.97
two-turn-nc-14nt-14t,HumanEval_151,1,True,8.12
two-turn-nc-14nt-14t,HumanEval_152,0,True,5.45
two-turn-nc-14nt-14t,HumanEval_152,1,True,7.08
two-turn-nc-14nt-14t,HumanEval_153,0,True,17.61
two-turn-nc-14nt-14t,HumanEval_153,1,True,14.62
two-turn-nc-14nt-14t,HumanEval_154,0,True,11.7
two-turn-nc-14nt-14t,HumanEval_154,1,True,10.81
two-turn-nc-14nt-14t,HumanEval_155,0,True,7.17
two-turn-nc-14nt-14t,HumanEval_155,1,True,8.21
two-turn-nc-14nt-14t,HumanEval_156,0,True,11.59
two-turn-nc-14nt-14t,HumanEval_156,1,True,11.86
two-turn-nc-14nt-14t,HumanEval_157,0,True,9.7
two-turn-nc-14nt-14t,HumanEval_157,1,True,9.86
two-turn-nc-14nt-14t,HumanEval_158,0,True,10.02
two-turn-nc-14nt-14t,HumanEval_158,1,True,10.3
two-turn-nc-14nt-14t,HumanEval_159,0,True,13.01
two-turn-nc-14nt-14t,HumanEval_159,1,True,13.67
two-turn-nc-14nt-14t,HumanEval_16,0,True,7.9
two-turn-nc-14nt-14t,HumanEval_16,1,True,8.15
two-turn-nc-14nt-14t,HumanEval_160,0,True,95.55
two-turn-nc-14nt-14t,HumanEval_160,1,True,12.05
two-turn-nc-14nt-14t,HumanEval_161,0,True,9.3
two-turn-nc-14nt-14t,HumanEval_161,1,True,9.82
two-turn-nc-14nt-14t,HumanEval_162,0,True,7.93
two-turn-nc-14nt-14t,HumanEval_162,1,True,7.81
two-turn-nc-14nt-14t,HumanEval_163,0,True,79.53
two-turn-nc-14nt-14t,HumanEval_163,1,True,110.65
two-turn-nc-14nt-14t,HumanEval_17,0,True,11.28
two-turn-nc-14nt-14t,HumanEval_17,1,True,13.61
two-turn-nc-14nt-14t,HumanEval_18,0,True,8.55
two-turn-nc-14nt-14t,HumanEval_18,1,True,10.8
two-turn-nc-14nt-14t,HumanEval_19,0,True,12.59
two-turn-nc-14nt-14t,HumanEval_19,1,True,10.54
two-turn-nc-14nt-14t,HumanEval_2,0,True,4.71
two-turn-nc-14nt-14t,HumanEval_2,1,True,5.07
two-turn-nc-14nt-14t,HumanEval_20,0,True,15.19
two-turn-nc-14nt-14t,HumanEval_20,1,True,13.94
two-turn-nc-14nt-14t,HumanEval_21,0,True,8.58
two-turn-nc-14nt-14t,HumanEval_21,1,True,10.87
two-turn-nc-14nt-14t,HumanEval_22,0,True,5.17
two-turn-nc-14nt-14t,HumanEval_22,1,True,5.21
two-turn-nc-14nt-14t,HumanEval_23,0,True,3.29
two-turn-nc-14nt-14t,HumanEval_23,1,True,3.28
two-turn-nc-14nt-14t,HumanEval_24,0,True,7.25
two-turn-nc-14nt-14t,HumanEval_24,1,True,8.96
two-turn-nc-14nt-14t,HumanEval_25,0,True,11.13
two-turn-nc-14nt-14t,HumanEval_25,1,True,11.09
two-turn-nc-14nt-14t,HumanEval_26,0,True,7.64
two-turn-nc-14nt-14t,HumanEval_26,1,True,6.63
two-turn-nc-14nt-14t,HumanEval_27,0,True,3.47
two-turn-nc-14nt-14t,HumanEval_27,1,True,3.49
two-turn-nc-14nt-14t,HumanEval_28,0,True,3.79
two-turn-nc-14nt-14t,HumanEval_28,1,True,3.8
two-turn-nc-14nt-14t,HumanEval_29,0,True,5.01
two-turn-nc-14nt-14t,HumanEval_29,1,True,5.74
two-turn-nc-14nt-14t,HumanEval_3,0,True,7.52
two-turn-nc-14nt-14t,HumanEval_3,1,True,7.7
two-turn-nc-14nt-14t,HumanEval_30,0,True,6.66
two-turn-nc-14nt-14t,HumanEval_30,1,True,6.58
two-turn-nc-14nt-14t,HumanEval_31,0,True,10.22
two-turn-nc-14nt-14t,HumanEval_31,1,True,10.26
two-turn-nc-14nt-14t,HumanEval_32,0,True,21.18
two-turn-nc-14nt-14t,HumanEval_32,1,True,234.79
two-turn-nc-14nt-14t,HumanEval_33,0,True,12.85
two-turn-nc-14nt-14t,HumanEval_33,1,True,12.81
two-turn-nc-14nt-14t,HumanEval_34,0,True,5.27
two-turn-nc-14nt-14t,HumanEval_34,1,True,5.34
two-turn-nc-14nt-14t,HumanEval_35,0,True,6.03
two-turn-nc-14nt-14t,HumanEval_35,1,True,6.94
two-turn-nc-14nt-14t,HumanEval_36,0,True,8.52
two-turn-nc-14nt-14t,HumanEval_36,1,True,9.1
two-turn-nc-14nt-14t,HumanEval_37,0,True,10.32
two-turn-nc-14nt-14t,HumanEval_37,1,True,9.98
two-turn-nc-14nt-14t,HumanEval_38,0,False,52.65
two-turn-nc-14nt-14t,HumanEval_38,1,True,63.58
two-turn-nc-14nt-14t,HumanEval_39,0,True,13.05
two-turn-nc-14nt-14t,HumanEval_39,1,True,13.1
two-turn-nc-14nt-14t,HumanEval_4,0,True,9.64
two-turn-nc-14nt-14t,HumanEval_4,1,True,10.2
two-turn-nc-14nt-14t,HumanEval_40,0,True,12.36
two-turn-nc-14nt-14t,HumanEval_40,1,True,15.71
two-turn-nc-14nt-14t,HumanEval_41,0,True,10.53
two-turn-nc-14nt-14t,HumanEval_41,1,True,10.9
two-turn-nc-14nt-14t,HumanEval_42,0,True,6.74
two-turn-nc-14nt-14t,HumanEval_42,1,True,6.36
two-turn-nc-14nt-14t,HumanEval_43,0,True,12.06
two-turn-nc-14nt-14t,HumanEval_43,1,True,8.56
two-turn-nc-14nt-14t,HumanEval_44,0,True,7.01
two-turn-nc-14nt-14t,HumanEval_44,1,True,7.92
two-turn-nc-14nt-14t,HumanEval_45,0,True,5.92
two-turn-nc-14nt-14t,HumanEval_45,1,True,5.56
two-turn-nc-14nt-14t,HumanEval_46,0,True,13.59
two-turn-nc-14nt-14t,HumanEval_46,1,True,13.22
two-turn-nc-14nt-14t,HumanEval_47,0,True,8.85
two-turn-nc-14nt-14t,HumanEval_47,1,True,8.46
two-turn-nc-14nt-14t,HumanEval_48,0,True,4.65
two-turn-nc-14nt-14t,HumanEval_48,1,True,4.3
two-turn-nc-14nt-14t,HumanEval_49,0,True,8.77
two-turn-nc-14nt-14t,HumanEval_49,1,True,8.03
two-turn-nc-14nt-14t,HumanEval_5,0,True,6.97
two-turn-nc-14nt-14t,HumanEval_5,1,True,8.12
two-turn-nc-14nt-14t,HumanEval_50,0,True,11.95
two-turn-nc-14nt-14t,HumanEval_50,1,True,10.43
two-turn-nc-14nt-14t,HumanEval_51,0,True,7.38
two-turn-nc-14nt-14t,HumanEval_51,1,True,7.92
two-turn-nc-14nt-14t,HumanEval_52,0,True,5.16
two-turn-nc-14nt-14t,HumanEval_52,1,True,5.18
two-turn-nc-14nt-14t,HumanEval_53,0,True,4.05
two-turn-nc-14nt-14t,HumanEval_53,1,True,3.73
two-turn-nc-14nt-14t,HumanEval_54,0,True,47.63
two-turn-nc-14nt-14t,HumanEval_54,1,True,8.22
two-turn-nc-14nt-14t,HumanEval_55,0,True,6.75
two-turn-nc-14nt-14t,HumanEval_55,1,True,6.32
two-turn-nc-14nt-14t,HumanEval_56,0,True,11.04
two-turn-nc-14nt-14t,HumanEval_56,1,True,10.58
two-turn-nc-14nt-14t,HumanEval_57,0,True,9.52
two-turn-nc-14nt-14t,HumanEval_57,1,True,10.35
two-turn-nc-14nt-14t,HumanEval_58,0,True,9.42
two-turn-nc-14nt-14t,HumanEval_58,1,True,10.92
two-turn-nc-14nt-14t,HumanEval_59,0,True,89.0
two-turn-nc-14nt-14t,HumanEval_59,1,True,11.13
two-turn-nc-14nt-14t,HumanEval_6,0,True,9.16
two-turn-nc-14nt-14t,HumanEval_6,1,True,9.48
two-turn-nc-14nt-14t,HumanEval_60,0,True,7.92
two-turn-nc-14nt-14t,HumanEval_60,1,True,8.2
two-turn-nc-14nt-14t,HumanEval_61,0,True,10.93
two-turn-nc-14nt-14t,HumanEval_61,1,True,10.59
two-turn-nc-14nt-14t,HumanEval_62,0,True,10.07
two-turn-nc-14nt-14t,HumanEval_62,1,True,9.34
two-turn-nc-14nt-14t,HumanEval_63,0,True,12.89
two-turn-nc-14nt-14t,HumanEval_63,1,True,14.39
two-turn-nc-14nt-14t,HumanEval_64,0,True,9.43
two-turn-nc-14nt-14t,HumanEval_64,1,True,11.99
two-turn-nc-14nt-14t,HumanEval_65,0,True,7.58
two-turn-nc-14nt-14t,HumanEval_65,1,True,8.84
two-turn-nc-14nt-14t,HumanEval_66,0,True,9.92
two-turn-nc-14nt-14t,HumanEval_66,1,True,8.95
two-turn-nc-14nt-14t,HumanEval_67,0,True,12.82
two-turn-nc-14nt-14t,HumanEval_67,1,True,12.98
two-turn-nc-14nt-14t,HumanEval_68,0,True,19.23
two-turn-nc-14nt-14t,HumanEval_68,1,True,15.75
two-turn-nc-14nt-14t,HumanEval_69,0,True,11.25
two-turn-nc-14nt-14t,HumanEval_69,1,True,11.41
two-turn-nc-14nt-14t,HumanEval_7,0,True,5.19
two-turn-nc-14nt-14t,HumanEval_7,1,True,5.58
two-turn-nc-14nt-14t,HumanEval_70,0,True,10.64
two-turn-nc-14nt-14t,HumanEval_70,1,True,9.22
two-turn-nc-14nt-14t,HumanEval_71,0,True,13.49
two-turn-nc-14nt-14t,HumanEval_71,1,True,12.51
two-turn-nc-14nt-14t,HumanEval_72,0,True,15.06
two-turn-nc-14nt-14t,HumanEval_72,1,True,15.23
two-turn-nc-14nt-14t,HumanEval_73,0,True,11.18
two-turn-nc-14nt-14t,HumanEval_73,1,True,13.99
two-turn-nc-14nt-14t,HumanEval_74,0,True,13.17
two-turn-nc-14nt-14t,HumanEval_74,1,True,12.84
two-turn-nc-14nt-14t,HumanEval_75,0,True,12.87
two-turn-nc-14nt-14t,HumanEval_75,1,True,13.73
two-turn-nc-14nt-14t,HumanEval_76,0,True,11.31
two-turn-nc-14nt-14t,HumanEval_76,1,True,13.96
two-turn-nc-14nt-14t,HumanEval_77,0,True,148.21
two-turn-nc-14nt-14t,HumanEval_77,1,True,138.36
two-turn-nc-14nt-14t,HumanEval_78,0,True,19.72
two-turn-nc-14nt-14t,HumanEval_78,1,True,17.81
two-turn-nc-14nt-14t,HumanEval_79,0,True,8.68
two-turn-nc-14nt-14t,HumanEval_79,1,True,10.28
two-turn-nc-14nt-14t,HumanEval_8,0,True,6.57
two-turn-nc-14nt-14t,HumanEval_8,1,True,8.21
two-turn-nc-14nt-14t,HumanEval_80,0,True,9.68
two-turn-nc-14nt-14t,HumanEval_80,1,True,8.85
two-turn-nc-14nt-14t,HumanEval_81,0,True,156.79
two-turn-nc-14nt-14t,HumanEval_81,1,True,20.07
two-turn-nc-14nt-14t,HumanEval_82,0,True,9.81
two-turn-nc-14nt-14t,HumanEval_82,1,True,7.87
two-turn-nc-14nt-14t,HumanEval_83,0,True,16.0
two-turn-nc-14nt-14t,HumanEval_83,1,True,15.85
two-turn-nc-14nt-14t,HumanEval_84,0,True,9.1
two-turn-nc-14nt-14t,HumanEval_84,1,True,9.35
two-turn-nc-14nt-14t,HumanEval_85,0,True,5.54
two-turn-nc-14nt-14t,HumanEval_85,1,True,8.33
two-turn-nc-14nt-14t,HumanEval_86,0,True,8.76
two-turn-nc-14nt-14t,HumanEval_86,1,True,11.07
two-turn-nc-14nt-14t,HumanEval_87,0,True,16.45
two-turn-nc-14nt-14t,HumanEval_87,1,True,16.45
two-turn-nc-14nt-14t,HumanEval_88,0,True,14.12
two-turn-nc-14nt-14t,HumanEval_88,1,True,11.28
two-turn-nc-14nt-14t,HumanEval_89,0,True,11.64
two-turn-nc-14nt-14t,HumanEval_89,1,True,12.35
two-turn-nc-14nt-14t,HumanEval_9,0,True,8.96
two-turn-nc-14nt-14t,HumanEval_9,1,True,9.43
two-turn-nc-14nt-14t,HumanEval_90,0,True,8.83
two-turn-nc-14nt-14t,HumanEval_90,1,True,9.93
two-turn-nc-14nt-14t,HumanEval_91,0,False,180.31
two-turn-nc-14nt-14t,HumanEval_91,1,True,149.63
two-turn-nc-14nt-14t,HumanEval_92,0,True,8.74
two-turn-nc-14nt-14t,HumanEval_92,1,True,9.6
two-turn-nc-14nt-14t,HumanEval_93,0,True,120.6
two-turn-nc-14nt-14t,HumanEval_93,1,True,216.11
two-turn-nc-14nt-14t,HumanEval_94,0,True,21.29
two-turn-nc-14nt-14t,HumanEval_94,1,True,22.4
two-turn-nc-14nt-14t,HumanEval_95,0,True,11.39
two-turn-nc-14nt-14t,HumanEval_95,1,True,10.98
two-turn-nc-14nt-14t,HumanEval_96,0,True,12.78
two-turn-nc-14nt-14t,HumanEval_96,1,True,12.72
two-turn-nc-14nt-14t,HumanEval_97,0,True,9.21
two-turn-nc-14nt-14t,HumanEval_97,1,True,10.21
two-turn-nc-14nt-14t,HumanEval_98,0,True,7.42
two-turn-nc-14nt-14t,HumanEval_98,1,True,10.55
two-turn-nc-14nt-14t,HumanEval_99,0,True,12.87
two-turn-nc-14nt-14t,HumanEval_99,1,True,12.65
two-turn-nc-14nt-4t,HumanEval_0,0,True,11.9
two-turn-nc-14nt-4t,HumanEval_0,1,True,11.67
two-turn-nc-14nt-4t,HumanEval_1,0,True,12.62
two-turn-nc-14nt-4t,HumanEval_1,1,True,12.21
two-turn-nc-14nt-4t,HumanEval_10,0,True,11.29
two-turn-nc-14nt-4t,HumanEval_10,1,True,11.24
two-turn-nc-14nt-4t,HumanEval_100,0,True,10.43
two-turn-nc-14nt-4t,HumanEval_100,1,True,8.79
two-turn-nc-14nt-4t,HumanEval_101,0,True,8.36
two-turn-nc-14nt-4t,HumanEval_101,1,True,9.51
two-turn-nc-14nt-4t,HumanEval_102,0,True,10.05
two-turn-nc-14nt-4t,HumanEval_102,1,True,8.26
two-turn-nc-14nt-4t,HumanEval_103,0,True,10.66
two-turn-nc-14nt-4t,HumanEval_103,1,True,10.4
two-turn-nc-14nt-4t,HumanEval_104,0,True,12.29
two-turn-nc-14nt-4t,HumanEval_104,1,True,8.3
two-turn-nc-14nt-4t,HumanEval_105,0,True,17.44
two-turn-nc-14nt-4t,HumanEval_105,1,True,16.96
two-turn-nc-14nt-4t,HumanEval_106,0,True,9.79
two-turn-nc-14nt-4t,HumanEval_106,1,True,9.72
two-turn-nc-14nt-4t,HumanEval_107,0,True,16.24
two-turn-nc-14nt-4t,HumanEval_107,1,True,14.5
two-turn-nc-14nt-4t,HumanEval_108,0,True,11.7
two-turn-nc-14nt-4t,HumanEval_108,1,True,9.96
two-turn-nc-14nt-4t,HumanEval_109,0,True,24.64
two-turn-nc-14nt-4t,HumanEval_109,1,True,20.97
two-turn-nc-14nt-4t,HumanEval_11,0,True,11.2
two-turn-nc-14nt-4t,HumanEval_11,1,True,12.63
two-turn-nc-14nt-4t,HumanEval_110,0,True,13.76
two-turn-nc-14nt-4t,HumanEval_110,1,True,17.28
two-turn-nc-14nt-4t,HumanEval_111,0,True,11.43
two-turn-nc-14nt-4t,HumanEval_111,1,True,11.5
two-turn-nc-14nt-4t,HumanEval_112,0,True,10.37
two-turn-nc-14nt-4t,HumanEval_112,1,True,10.47
two-turn-nc-14nt-4t,HumanEval_113,0,True,11.77
two-turn-nc-14nt-4t,HumanEval_113,1,True,14.04
two-turn-nc-14nt-4t,HumanEval_114,0,True,14.09
two-turn-nc-14nt-4t,HumanEval_114,1,True,13.93
two-turn-nc-14nt-4t,HumanEval_115,0,True,28.61
two-turn-nc-14nt-4t,HumanEval_115,1,True,29.34
two-turn-nc-14nt-4t,HumanEval_116,0,True,10.14
two-turn-nc-14nt-4t,HumanEval_116,1,True,11.71
two-turn-nc-14nt-4t,HumanEval_117,0,True,13.34
two-turn-nc-14nt-4t,HumanEval_117,1,True,14.65
two-turn-nc-14nt-4t,HumanEval_118,0,True,10.41
two-turn-nc-14nt-4t,HumanEval_118,1,True,10.62
two-turn-nc-14nt-4t,HumanEval_119,0,True,15.71
two-turn-nc-14nt-4t,HumanEval_119,1,True,15.48
two-turn-nc-14nt-4t,HumanEval_12,0,True,9.55
two-turn-nc-14nt-4t,HumanEval_12,1,True,9.81
two-turn-nc-14nt-4t,HumanEval_120,0,True,13.31
two-turn-nc-14nt-4t,HumanEval_120,1,True,13.54
two-turn-nc-14nt-4t,HumanEval_121,0,True,8.91
two-turn-nc-14nt-4t,HumanEval_121,1,True,9.56
two-turn-nc-14nt-4t,HumanEval_122,0,True,9.88
two-turn-nc-14nt-4t,HumanEval_122,1,True,11.61
two-turn-nc-14nt-4t,HumanEval_123,0,True,14.3
two-turn-nc-14nt-4t,HumanEval_123,1,True,12.99
two-turn-nc-14nt-4t,HumanEval_124,0,True,24.08
two-turn-nc-14nt-4t,HumanEval_124,1,True,20.78
two-turn-nc-14nt-4t,HumanEval_125,0,True,10.26
two-turn-nc-14nt-4t,HumanEval_125,1,True,10.36
two-turn-nc-14nt-4t,HumanEval_126,0,True,14.66
two-turn-nc-14nt-4t,HumanEval_126,1,True,14.9
two-turn-nc-14nt-4t,HumanEval_127,0,True,37.01
two-turn-nc-14nt-4t,HumanEval_127,1,True,10.58
two-turn-nc-14nt-4t,HumanEval_128,0,True,13.27
two-turn-nc-14nt-4t,HumanEval_128,1,True,12.64
two-turn-nc-14nt-4t,HumanEval_129,0,True,24.93
two-turn-nc-14nt-4t,HumanEval_129,1,True,44.51
two-turn-nc-14nt-4t,HumanEval_13,0,True,7.24
two-turn-nc-14nt-4t,HumanEval_13,1,True,7.22
two-turn-nc-14nt-4t,HumanEval_130,0,True,99.68
two-turn-nc-14nt-4t,HumanEval_130,1,True,81.94
two-turn-nc-14nt-4t,HumanEval_131,0,True,7.37
two-turn-nc-14nt-4t,HumanEval_131,1,True,6.32
two-turn-nc-14nt-4t,HumanEval_132,0,False,48.02
two-turn-nc-14nt-4t,HumanEval_132,1,False,60.69
two-turn-nc-14nt-4t,HumanEval_133,0,True,10.53
two-turn-nc-14nt-4t,HumanEval_133,1,True,10.49
two-turn-nc-14nt-4t,HumanEval_134,0,True,11.82
two-turn-nc-14nt-4t,HumanEval_134,1,False,566.33
two-turn-nc-14nt-4t,HumanEval_135,0,True,13.91
two-turn-nc-14nt-4t,HumanEval_135,1,True,9.44
two-turn-nc-14nt-4t,HumanEval_136,0,True,8.71
two-turn-nc-14nt-4t,HumanEval_136,1,True,8.76
two-turn-nc-14nt-4t,HumanEval_137,0,True,11.0
two-turn-nc-14nt-4t,HumanEval_137,1,True,11.37
two-turn-nc-14nt-4t,HumanEval_138,0,True,10.07
two-turn-nc-14nt-4t,HumanEval_138,1,True,8.23
two-turn-nc-14nt-4t,HumanEval_139,0,True,6.37
two-turn-nc-14nt-4t,HumanEval_139,1,True,11.09
two-turn-nc-14nt-4t,HumanEval_14,0,True,4.73
two-turn-nc-14nt-4t,HumanEval_14,1,True,4.71
two-turn-nc-14nt-4t,HumanEval_140,0,True,7.21
two-turn-nc-14nt-4t,HumanEval_140,1,True,8.48
two-turn-nc-14nt-4t,HumanEval_141,0,True,14.76
two-turn-nc-14nt-4t,HumanEval_141,1,True,15.06
two-turn-nc-14nt-4t,HumanEval_142,0,True,9.78
two-turn-nc-14nt-4t,HumanEval_142,1,True,9.78
two-turn-nc-14nt-4t,HumanEval_143,0,True,10.22
two-turn-nc-14nt-4t,HumanEval_143,1,True,10.39
two-turn-nc-14nt-4t,HumanEval_144,0,True,15.29
two-turn-nc-14nt-4t,HumanEval_144,1,True,12.82
two-turn-nc-14nt-4t,HumanEval_145,0,False,154.01
two-turn-nc-14nt-4t,HumanEval_145,1,False,196.72
two-turn-nc-14nt-4t,HumanEval_146,0,True,9.92
two-turn-nc-14nt-4t,HumanEval_146,1,True,10.09
two-turn-nc-14nt-4t,HumanEval_147,0,True,14.55
two-turn-nc-14nt-4t,HumanEval_147,1,True,21.18
two-turn-nc-14nt-4t,HumanEval_148,0,True,16.29
two-turn-nc-14nt-4t,HumanEval_148,1,True,16.1
two-turn-nc-14nt-4t,HumanEval_149,0,True,10.32
two-turn-nc-14nt-4t,HumanEval_149,1,True,13.63
two-turn-nc-14nt-4t,HumanEval_15,0,True,4.87
two-turn-nc-14nt-4t,HumanEval_15,1,True,4.86
two-turn-nc-14nt-4t,HumanEval_150,0,True,9.79
two-turn-nc-14nt-4t,HumanEval_150,1,True,9.47
two-turn-nc-14nt-4t,HumanEval_151,0,True,7.76
two-turn-nc-14nt-4t,HumanEval_151,1,True,8.09
two-turn-nc-14nt-4t,HumanEval_152,0,True,5.07
two-turn-nc-14nt-4t,HumanEval_152,1,True,9.9
two-turn-nc-14nt-4t,HumanEval_153,0,True,17.7
two-turn-nc-14nt-4t,HumanEval_153,1,True,11.72
two-turn-nc-14nt-4t,HumanEval_154,0,True,11.19
two-turn-nc-14nt-4t,HumanEval_154,1,True,11.29
two-turn-nc-14nt-4t,HumanEval_155,0,True,9.16
two-turn-nc-14nt-4t,HumanEval_155,1,True,7.2
two-turn-nc-14nt-4t,HumanEval_156,0,True,11.95
two-turn-nc-14nt-4t,HumanEval_156,1,True,12.02
two-turn-nc-14nt-4t,HumanEval_157,0,True,9.23
two-turn-nc-14nt-4t,HumanEval_157,1,True,10.11
two-turn-nc-14nt-4t,HumanEval_158,0,True,10.31
two-turn-nc-14nt-4t,HumanEval_158,1,True,10.21
two-turn-nc-14nt-4t,HumanEval_159,0,True,13.52
two-turn-nc-14nt-4t,HumanEval_159,1,True,13.61
two-turn-nc-14nt-4t,HumanEval_16,0,True,9.64
two-turn-nc-14nt-4t,HumanEval_16,1,True,8.71
two-turn-nc-14nt-4t,HumanEval_160,0,True,36.37
two-turn-nc-14nt-4t,HumanEval_160,1,True,42.17
two-turn-nc-14nt-4t,HumanEval_161,0,True,9.13
two-turn-nc-14nt-4t,HumanEval_161,1,True,9.13
two-turn-nc-14nt-4t,HumanEval_162,0,True,7.8
two-turn-nc-14nt-4t,HumanEval_162,1,True,7.69
two-turn-nc-14nt-4t,HumanEval_163,0,True,56.21
two-turn-nc-14nt-4t,HumanEval_163,1,False,72.1
two-turn-nc-14nt-4t,HumanEval_17,0,True,12.16
two-turn-nc-14nt-4t,HumanEval_17,1,True,12.49
two-turn-nc-14nt-4t,HumanEval_18,0,True,10.13
two-turn-nc-14nt-4t,HumanEval_18,1,True,12.91
two-turn-nc-14nt-4t,HumanEval_19,0,True,10.8
two-turn-nc-14nt-4t,HumanEval_19,1,True,11.66
two-turn-nc-14nt-4t,HumanEval_2,0,True,5.44
two-turn-nc-14nt-4t,HumanEval_2,1,True,4.87
two-turn-nc-14nt-4t,HumanEval_20,0,True,14.22
two-turn-nc-14nt-4t,HumanEval_20,1,True,16.2
two-turn-nc-14nt-4t,HumanEval_21,0,True,11.18
two-turn-nc-14nt-4t,HumanEval_21,1,True,9.23
two-turn-nc-14nt-4t,HumanEval_22,0,True,5.64
two-turn-nc-14nt-4t,HumanEval_22,1,True,5.61
two-turn-nc-14nt-4t,HumanEval_23,0,True,3.86
two-turn-nc-14nt-4t,HumanEval_23,1,True,3.7
two-turn-nc-14nt-4t,HumanEval_24,0,True,7.05
two-turn-nc-14nt-4t,HumanEval_24,1,True,7.57
two-turn-nc-14nt-4t,HumanEval_25,0,True,10.65
two-turn-nc-14nt-4t,HumanEval_25,1,True,10.9
two-turn-nc-14nt-4t,HumanEval_26,0,True,8.5
two-turn-nc-14nt-4t,HumanEval_26,1,True,9.47
two-turn-nc-14nt-4t,HumanEval_27,0,True,3.49
two-turn-nc-14nt-4t,HumanEval_27,1,True,3.87
two-turn-nc-14nt-4t,HumanEval_28,0,True,3.83
two-turn-nc-14nt-4t,HumanEval_28,1,True,4.38
two-turn-nc-14nt-4t,HumanEval_29,0,True,5.0
two-turn-nc-14nt-4t,HumanEval_29,1,True,5.85
two-turn-nc-14nt-4t,HumanEval_3,0,True,7.33
two-turn-nc-14nt-4t,HumanEval_3,1,True,7.96
two-turn-nc-14nt-4t,HumanEval_30,0,True,6.62
two-turn-nc-14nt-4t,HumanEval_30,1,True,6.75
two-turn-nc-14nt-4t,HumanEval_31,0,True,11.55
two-turn-nc-14nt-4t,HumanEval_31,1,True,10.26
two-turn-nc-14nt-4t,HumanEval_32,0,False,170.39
two-turn-nc-14nt-4t,HumanEval_32,1,False,571.81
two-turn-nc-14nt-4t,HumanEval_33,0,True,12.81
two-turn-nc-14nt-4t,HumanEval_33,1,True,10.82
two-turn-nc-14nt-4t,HumanEval_34,0,True,4.51
two-turn-nc-14nt-4t,HumanEval_34,1,True,4.97
two-turn-nc-14nt-4t,HumanEval_35,0,True,6.81
two-turn-nc-14nt-4t,HumanEval_35,1,True,6.57
two-turn-nc-14nt-4t,HumanEval_36,0,True,8.89
two-turn-nc-14nt-4t,HumanEval_36,1,True,8.86
two-turn-nc-14nt-4t,HumanEval_37,0,True,11.87
two-turn-nc-14nt-4t,HumanEval_37,1,True,12.16
two-turn-nc-14nt-4t,HumanEval_38,0,False,28.91
two-turn-nc-14nt-4t,HumanEval_38,1,False,22.86
two-turn-nc-14nt-4t,HumanEval_39,0,True,13.06
two-turn-nc-14nt-4t,HumanEval_39,1,True,11.53
two-turn-nc-14nt-4t,HumanEval_4,0,True,10.1
two-turn-nc-14nt-4t,HumanEval_4,1,True,10.03
two-turn-nc-14nt-4t,HumanEval_40,0,True,16.56
two-turn-nc-14nt-4t,HumanEval_40,1,True,13.54
two-turn-nc-14nt-4t,HumanEval_41,0,True,11.99
two-turn-nc-14nt-4t,HumanEval_41,1,True,10.83
two-turn-nc-14nt-4t,HumanEval_42,0,True,6.71
two-turn-nc-14nt-4t,HumanEval_42,1,True,6.54
two-turn-nc-14nt-4t,HumanEval_43,0,True,10.35
two-turn-nc-14nt-4t,HumanEval_43,1,True,9.99
two-turn-nc-14nt-4t,HumanEval_44,0,True,7.9
two-turn-nc-14nt-4t,HumanEval_44,1,True,7.54
two-turn-nc-14nt-4t,HumanEval_45,0,True,3.97
two-turn-nc-14nt-4t,HumanEval_45,1,True,5.59
two-turn-nc-14nt-4t,HumanEval_46,0,True,13.81
two-turn-nc-14nt-4t,HumanEval_46,1,True,13.01
two-turn-nc-14nt-4t,HumanEval_47,0,True,8.72
two-turn-nc-14nt-4t,HumanEval_47,1,True,8.76
two-turn-nc-14nt-4t,HumanEval_48,0,True,4.66
two-turn-nc-14nt-4t,HumanEval_48,1,True,4.3
two-turn-nc-14nt-4t,HumanEval_49,0,True,8.79
two-turn-nc-14nt-4t,HumanEval_49,1,True,10.19
two-turn-nc-14nt-4t,HumanEval_5,0,True,9.77
two-turn-nc-14nt-4t,HumanEval_5,1,True,7.18
two-turn-nc-14nt-4t,HumanEval_50,0,True,10.21
two-turn-nc-14nt-4t,HumanEval_50,1,True,10.44
two-turn-nc-14nt-4t,HumanEval_51,0,True,7.99
two-turn-nc-14nt-4t,HumanEval_51,1,True,7.86
two-turn-nc-14nt-4t,HumanEval_52,0,True,5.21
two-turn-nc-14nt-4t,HumanEval_52,1,True,4.82
two-turn-nc-14nt-4t,HumanEval_53,0,True,4.04
two-turn-nc-14nt-4t,HumanEval_53,1,True,3.66
two-turn-nc-14nt-4t,HumanEval_54,0,True,20.69
two-turn-nc-14nt-4t,HumanEval_54,1,True,22.79
two-turn-nc-14nt-4t,HumanEval_55,0,True,6.48
two-turn-nc-14nt-4t,HumanEval_55,1,True,6.2
two-turn-nc-14nt-4t,HumanEval_56,0,True,10.35
two-turn-nc-14nt-4t,HumanEval_56,1,True,10.39
two-turn-nc-14nt-4t,HumanEval_57,0,True,9.43
two-turn-nc-14nt-4t,HumanEval_57,1,True,8.47
two-turn-nc-14nt-4t,HumanEval_58,0,True,9.18
two-turn-nc-14nt-4t,HumanEval_58,1,True,10.36
two-turn-nc-14nt-4t,HumanEval_59,0,True,11.22
two-turn-nc-14nt-4t,HumanEval_59,1,True,10.93
two-turn-nc-14nt-4t,HumanEval_6,0,True,10.82
two-turn-nc-14nt-4t,HumanEval_6,1,True,9.31
two-turn-nc-14nt-4t,HumanEval_60,0,True,7.83
two-turn-nc-14nt-4t,HumanEval_60,1,True,7.84
two-turn-nc-14nt-4t,HumanEval_61,0,True,10.09
two-turn-nc-14nt-4t,HumanEval_61,1,True,10.24
two-turn-nc-14nt-4t,HumanEval_62,0,True,8.69
two-turn-nc-14nt-4t,HumanEval_62,1,True,9.05
two-turn-nc-14nt-4t,HumanEval_63,0,True,12.21
two-turn-nc-14nt-4t,HumanEval_63,1,True,13.68
two-turn-nc-14nt-4t,HumanEval_64,0,True,9.08
two-turn-nc-14nt-4t,HumanEval_64,1,True,9.95
two-turn-nc-14nt-4t,HumanEval_65,0,True,8.9
two-turn-nc-14nt-4t,HumanEval_65,1,True,10.88
two-turn-nc-14nt-4t,HumanEval_66,0,True,9.84
two-turn-nc-14nt-4t,HumanEval_66,1,True,10.31
two-turn-nc-14nt-4t,HumanEval_67,0,True,12.93
two-turn-nc-14nt-4t,HumanEval_67,1,True,12.57
two-turn-nc-14nt-4t,HumanEval_68,0,True,16.08
two-turn-nc-14nt-4t,HumanEval_68,1,True,15.86
two-turn-nc-14nt-4t,HumanEval_69,0,True,11.19
two-turn-nc-14nt-4t,HumanEval_69,1,True,11.16
two-turn-nc-14nt-4t,HumanEval_7,0,True,6.75
two-turn-nc-14nt-4t,HumanEval_7,1,True,5.74
two-turn-nc-14nt-4t,HumanEval_70,0,True,10.58
two-turn-nc-14nt-4t,HumanEval_70,1,True,10.14
two-turn-nc-14nt-4t,HumanEval_71,0,True,14.47
two-turn-nc-14nt-4t,HumanEval_71,1,True,12.01
two-turn-nc-14nt-4t,HumanEval_72,0,True,15.15
two-turn-nc-14nt-4t,HumanEval_72,1,True,15.11
two-turn-nc-14nt-4t,HumanEval_73,0,True,14.07
two-turn-nc-14nt-4t,HumanEval_73,1,True,12.96
two-turn-nc-14nt-4t,HumanEval_74,0,True,13.11
two-turn-nc-14nt-4t,HumanEval_74,1,True,12.66
two-turn-nc-14nt-4t,HumanEval_75,0,True,12.6
two-turn-nc-14nt-4t,HumanEval_75,1,True,12.72
two-turn-nc-14nt-4t,HumanEval_76,0,True,11.64
two-turn-nc-14nt-4t,HumanEval_76,1,True,8.87
two-turn-nc-14nt-4t,HumanEval_77,0,True,52.57
two-turn-nc-14nt-4t,HumanEval_77,1,True,60.92
two-turn-nc-14nt-4t,HumanEval_78,0,True,17.98
two-turn-nc-14nt-4t,HumanEval_78,1,True,17.55
two-turn-nc-14nt-4t,HumanEval_79,0,True,10.38
two-turn-nc-14nt-4t,HumanEval_79,1,True,9.4
two-turn-nc-14nt-4t,HumanEval_8,0,True,7.02
two-turn-nc-14nt-4t,HumanEval_8,1,True,7.1
two-turn-nc-14nt-4t,HumanEval_80,0,True,9.61
two-turn-nc-14nt-4t,HumanEval_80,1,True,9.05
two-turn-nc-14nt-4t,HumanEval_81,0,True,19.92
two-turn-nc-14nt-4t,HumanEval_81,1,True,20.28
two-turn-nc-14nt-4t,HumanEval_82,0,True,10.1
two-turn-nc-14nt-4t,HumanEval_82,1,True,10.19
two-turn-nc-14nt-4t,HumanEval_83,0,True,15.53
two-turn-nc-14nt-4t,HumanEval_83,1,True,51.63
two-turn-nc-14nt-4t,HumanEval_84,0,True,9.18
two-turn-nc-14nt-4t,HumanEval_84,1,True,9.62
two-turn-nc-14nt-4t,HumanEval_85,0,True,5.48
two-turn-nc-14nt-4t,HumanEval_85,1,True,10.34
two-turn-nc-14nt-4t,HumanEval_86,0,True,9.27
two-turn-nc-14nt-4t,HumanEval_86,1,True,11.24
two-turn-nc-14nt-4t,HumanEval_87,0,True,16.82
two-turn-nc-14nt-4t,HumanEval_87,1,True,15.42
two-turn-nc-14nt-4t,HumanEval_88,0,True,11.11
two-turn-nc-14nt-4t,HumanEval_88,1,True,11.49
two-turn-nc-14nt-4t,HumanEval_89,0,True,33.11
two-turn-nc-14nt-4t,HumanEval_89,1,True,18.94
two-turn-nc-14nt-4t,HumanEval_9,0,True,8.83
two-turn-nc-14nt-4t,HumanEval_9,1,True,9.51
two-turn-nc-14nt-4t,HumanEval_90,0,True,9.58
two-turn-nc-14nt-4t,HumanEval_90,1,True,10.06
two-turn-nc-14nt-4t,HumanEval_91,0,False,51.35
two-turn-nc-14nt-4t,HumanEval_91,1,False,42.2
two-turn-nc-14nt-4t,HumanEval_92,0,True,11.53
two-turn-nc-14nt-4t,HumanEval_92,1,True,8.87
two-turn-nc-14nt-4t,HumanEval_93,0,True,65.45
two-turn-nc-14nt-4t,HumanEval_93,1,True,44.57
two-turn-nc-14nt-4t,HumanEval_94,0,True,21.87
two-turn-nc-14nt-4t,HumanEval_94,1,True,21.14
two-turn-nc-14nt-4t,HumanEval_95,0,True,27.09
two-turn-nc-14nt-4t,HumanEval_95,1,True,11.51
two-turn-nc-14nt-4t,HumanEval_96,0,True,11.99
two-turn-nc-14nt-4t,HumanEval_96,1,True,13.07
two-turn-nc-14nt-4t,HumanEval_97,0,True,9.95
two-turn-nc-14nt-4t,HumanEval_97,1,True,8.84
two-turn-nc-14nt-4t,HumanEval_98,0,True,7.26
two-turn-nc-14nt-4t,HumanEval_98,1,True,7.65
two-turn-nc-14nt-4t,HumanEval_99,0,True,14.75
two-turn-nc-14nt-4t,HumanEval_99,1,True,12.25
two-turn-nc-14nt-8t,HumanEval_0,0,True,12.76
two-turn-nc-14nt-8t,HumanEval_0,1,True,11.67
two-turn-nc-14nt-8t,HumanEval_1,0,True,11.76
two-turn-nc-14nt-8t,HumanEval_1,1,True,13.07
two-turn-nc-14nt-8t,HumanEval_10,0,True,10.64
two-turn-nc-14nt-8t,HumanEval_10,1,True,12.11
two-turn-nc-14nt-8t,HumanEval_100,0,True,10.84
two-turn-nc-14nt-8t,HumanEval_100,1,True,11.47
two-turn-nc-14nt-8t,HumanEval_101,0,True,7.4
two-turn-nc-14nt-8t,HumanEval_101,1,True,7.46
two-turn-nc-14nt-8t,HumanEval_102,0,True,8.25
two-turn-nc-14nt-8t,HumanEval_102,1,True,11.07
two-turn-nc-14nt-8t,HumanEval_103,0,True,13.85
two-turn-nc-14nt-8t,HumanEval_103,1,True,9.47
two-turn-nc-14nt-8t,HumanEval_104,0,True,8.44
two-turn-nc-14nt-8t,HumanEval_104,1,True,8.97
two-turn-nc-14nt-8t,HumanEval_105,0,True,16.95
two-turn-nc-14nt-8t,HumanEval_105,1,True,17.48
two-turn-nc-14nt-8t,HumanEval_106,0,True,14.07
two-turn-nc-14nt-8t,HumanEval_106,1,True,14.71
two-turn-nc-14nt-8t,HumanEval_107,0,True,14.27
two-turn-nc-14nt-8t,HumanEval_107,1,True,13.91
two-turn-nc-14nt-8t,HumanEval_108,0,True,49.68
two-turn-nc-14nt-8t,HumanEval_108,1,True,70.64
two-turn-nc-14nt-8t,HumanEval_109,0,True,22.08
two-turn-nc-14nt-8t,HumanEval_109,1,True,20.71
two-turn-nc-14nt-8t,HumanEval_11,0,True,12.67
two-turn-nc-14nt-8t,HumanEval_11,1,True,10.17
two-turn-nc-14nt-8t,HumanEval_110,0,True,16.03
two-turn-nc-14nt-8t,HumanEval_110,1,True,17.84
two-turn-nc-14nt-8t,HumanEval_111,0,True,13.39
two-turn-nc-14nt-8t,HumanEval_111,1,True,11.59
two-turn-nc-14nt-8t,HumanEval_112,0,True,12.53
two-turn-nc-14nt-8t,HumanEval_112,1,True,10.22
two-turn-nc-14nt-8t,HumanEval_113,0,True,13.29
two-turn-nc-14nt-8t,HumanEval_113,1,True,13.11
two-turn-nc-14nt-8t,HumanEval_114,0,True,13.37
two-turn-nc-14nt-8t,HumanEval_114,1,True,14.19
two-turn-nc-14nt-8t,HumanEval_115,0,True,69.58
two-turn-nc-14nt-8t,HumanEval_115,1,True,49.52
two-turn-nc-14nt-8t,HumanEval_116,0,True,12.41
two-turn-nc-14nt-8t,HumanEval_116,1,True,11.15
two-turn-nc-14nt-8t,HumanEval_117,0,True,12.89
two-turn-nc-14nt-8t,HumanEval_117,1,True,14.21
two-turn-nc-14nt-8t,HumanEval_118,0,True,9.98
two-turn-nc-14nt-8t,HumanEval_118,1,True,8.9
two-turn-nc-14nt-8t,HumanEval_119,0,True,16.11
two-turn-nc-14nt-8t,HumanEval_119,1,True,15.91
two-turn-nc-14nt-8t,HumanEval_12,0,True,7.24
two-turn-nc-14nt-8t,HumanEval_12,1,True,7.04
two-turn-nc-14nt-8t,HumanEval_120,0,True,13.94
two-turn-nc-14nt-8t,HumanEval_120,1,True,14.28
two-turn-nc-14nt-8t,HumanEval_121,0,True,9.86
two-turn-nc-14nt-8t,HumanEval_121,1,True,9.16
two-turn-nc-14nt-8t,HumanEval_122,0,True,10.27
two-turn-nc-14nt-8t,HumanEval_122,1,True,10.97
two-turn-nc-14nt-8t,HumanEval_123,0,True,14.3
two-turn-nc-14nt-8t,HumanEval_123,1,True,12.99
two-turn-nc-14nt-8t,HumanEval_124,0,True,25.99
two-turn-nc-14nt-8t,HumanEval_124,1,True,17.55
two-turn-nc-14nt-8t,HumanEval_125,0,True,10.17
two-turn-nc-14nt-8t,HumanEval_125,1,True,9.75
two-turn-nc-14nt-8t,HumanEval_126,0,True,125.55
two-turn-nc-14nt-8t,HumanEval_126,1,True,104.94
two-turn-nc-14nt-8t,HumanEval_127,0,True,51.73
two-turn-nc-14nt-8t,HumanEval_127,1,True,12.45
two-turn-nc-14nt-8t,HumanEval_128,0,True,13.6
two-turn-nc-14nt-8t,HumanEval_128,1,True,12.8
two-turn-nc-14nt-8t,HumanEval_129,0,False,190.01
two-turn-nc-14nt-8t,HumanEval_129,1,True,43.65
two-turn-nc-14nt-8t,HumanEval_13,0,True,7.03
two-turn-nc-14nt-8t,HumanEval_13,1,True,7.0
two-turn-nc-14nt-8t,HumanEval_130,0,True,23.76
two-turn-nc-14nt-8t,HumanEval_130,1,True,175.38
two-turn-nc-14nt-8t,HumanEval_131,0,True,7.84
two-turn-nc-14nt-8t,HumanEval_131,1,True,7.63
two-turn-nc-14nt-8t,HumanEval_132,0,False,117.0
two-turn-nc-14nt-8t,HumanEval_132,1,True,211.24
two-turn-nc-14nt-8t,HumanEval_133,0,True,10.36
two-turn-nc-14nt-8t,HumanEval_133,1,True,11.21
two-turn-nc-14nt-8t,HumanEval_134,0,True,73.75
two-turn-nc-14nt-8t,HumanEval_134,1,True,84.99
two-turn-nc-14nt-8t,HumanEval_135,0,True,33.31
two-turn-nc-14nt-8t,HumanEval_135,1,True,16.11
two-turn-nc-14nt-8t,HumanEval_136,0,True,8.34
two-turn-nc-14nt-8t,HumanEval_136,1,True,8.68
two-turn-nc-14nt-8t,HumanEval_137,0,True,13.85
two-turn-nc-14nt-8t,HumanEval_137,1,True,13.39
two-turn-nc-14nt-8t,HumanEval_138,0,True,9.99
two-turn-nc-14nt-8t,HumanEval_138,1,True,10.38
two-turn-nc-14nt-8t,HumanEval_139,0,True,8.76
two-turn-nc-14nt-8t,HumanEval_139,1,True,11.09
two-turn-nc-14nt-8t,HumanEval_14,0,True,4.61
two-turn-nc-14nt-8t,HumanEval_14,1,True,4.41
two-turn-nc-14nt-8t,HumanEval_140,0,True,11.07
two-turn-nc-14nt-8t,HumanEval_140,1,True,11.52
two-turn-nc-14nt-8t,HumanEval_141,0,True,15.21
two-turn-nc-14nt-8t,HumanEval_141,1,True,15.24
two-turn-nc-14nt-8t,HumanEval_142,0,True,9.82
two-turn-nc-14nt-8t,HumanEval_142,1,True,9.73
two-turn-nc-14nt-8t,HumanEval_143,0,True,12.62
two-turn-nc-14nt-8t,HumanEval_143,1,True,12.06
two-turn-nc-14nt-8t,HumanEval_144,0,True,47.72
two-turn-nc-14nt-8t,HumanEval_144,1,True,12.49
two-turn-nc-14nt-8t,HumanEval_145,0,False,233.58
two-turn-nc-14nt-8t,HumanEval_145,1,False,255.98
two-turn-nc-14nt-8t,HumanEval_146,0,True,11.53
two-turn-nc-14nt-8t,HumanEval_146,1,True,13.5
two-turn-nc-14nt-8t,HumanEval_147,0,True,14.49
two-turn-nc-14nt-8t,HumanEval_147,1,True,14.94
two-turn-nc-14nt-8t,HumanEval_148,0,True,18.35
two-turn-nc-14nt-8t,HumanEval_148,1,True,18.03
two-turn-nc-14nt-8t,HumanEval_149,0,True,11.06
two-turn-nc-14nt-8t,HumanEval_149,1,True,10.54
two-turn-nc-14nt-8t,HumanEval_15,0,True,4.8
two-turn-nc-14nt-8t,HumanEval_15,1,True,4.5
two-turn-nc-14nt-8t,HumanEval_150,0,True,12.24
two-turn-nc-14nt-8t,HumanEval_150,1,True,9.13
two-turn-nc-14nt-8t,HumanEval_151,0,True,8.54
two-turn-nc-14nt-8t,HumanEval_151,1,True,8.07
two-turn-nc-14nt-8t,HumanEval_152,0,True,10.47
two-turn-nc-14nt-8t,HumanEval_152,1,True,9.37
two-turn-nc-14nt-8t,HumanEval_153,0,True,16.01
two-turn-nc-14nt-8t,HumanEval_153,1,True,14.61
two-turn-nc-14nt-8t,HumanEval_154,0,True,14.0
two-turn-nc-14nt-8t,HumanEval_154,1,True,14.26
two-turn-nc-14nt-8t,HumanEval_155,0,True,9.36
two-turn-nc-14nt-8t,HumanEval_155,1,True,7.6
two-turn-nc-14nt-8t,HumanEval_156,0,True,11.9
two-turn-nc-14nt-8t,HumanEval_156,1,True,11.64
two-turn-nc-14nt-8t,HumanEval_157,0,True,9.29
two-turn-nc-14nt-8t,HumanEval_157,1,True,9.81
two-turn-nc-14nt-8t,HumanEval_158,0,True,10.33
two-turn-nc-14nt-8t,HumanEval_158,1,True,10.05
two-turn-nc-14nt-8t,HumanEval_159,0,True,13.87
two-turn-nc-14nt-8t,HumanEval_159,1,True,12.96
two-turn-nc-14nt-8t,HumanEval_16,0,True,8.19
two-turn-nc-14nt-8t,HumanEval_16,1,True,8.11
two-turn-nc-14nt-8t,HumanEval_160,0,True,57.37
two-turn-nc-14nt-8t,HumanEval_160,1,True,55.93
two-turn-nc-14nt-8t,HumanEval_161,0,True,9.17
two-turn-nc-14nt-8t,HumanEval_161,1,True,9.41
two-turn-nc-14nt-8t,HumanEval_162,0,True,7.77
two-turn-nc-14nt-8t,HumanEval_162,1,True,6.69
two-turn-nc-14nt-8t,HumanEval_163,0,False,41.43
two-turn-nc-14nt-8t,HumanEval_163,1,False,44.96
two-turn-nc-14nt-8t,HumanEval_17,0,True,11.49
two-turn-nc-14nt-8t,HumanEval_17,1,True,11.79
two-turn-nc-14nt-8t,HumanEval_18,0,True,9.43
two-turn-nc-14nt-8t,HumanEval_18,1,True,8.23
two-turn-nc-14nt-8t,HumanEval_19,0,True,12.56
two-turn-nc-14nt-8t,HumanEval_19,1,True,11.53
two-turn-nc-14nt-8t,HumanEval_2,0,True,5.03
two-turn-nc-14nt-8t,HumanEval_2,1,True,4.73
two-turn-nc-14nt-8t,HumanEval_20,0,True,16.39
two-turn-nc-14nt-8t,HumanEval_20,1,True,14.02
two-turn-nc-14nt-8t,HumanEval_21,0,True,9.69
two-turn-nc-14nt-8t,HumanEval_21,1,True,10.81
two-turn-nc-14nt-8t,HumanEval_22,0,True,5.2
two-turn-nc-14nt-8t,HumanEval_22,1,True,5.4
two-turn-nc-14nt-8t,HumanEval_23,0,True,3.28
two-turn-nc-14nt-8t,HumanEval_23,1,True,3.66
two-turn-nc-14nt-8t,HumanEval_24,0,True,6.93
two-turn-nc-14nt-8t,HumanEval_24,1,True,7.34
two-turn-nc-14nt-8t,HumanEval_25,0,True,10.69
two-turn-nc-14nt-8t,HumanEval_25,1,True,12.46
two-turn-nc-14nt-8t,HumanEval_26,0,True,6.7
two-turn-nc-14nt-8t,HumanEval_26,1,True,8.01
two-turn-nc-14nt-8t,HumanEval_27,0,True,3.47
two-turn-nc-14nt-8t,HumanEval_27,1,True,3.84
two-turn-nc-14nt-8t,HumanEval_28,0,True,3.83
two-turn-nc-14nt-8t,HumanEval_28,1,True,4.17
two-turn-nc-14nt-8t,HumanEval_29,0,True,5.0
two-turn-nc-14nt-8t,HumanEval_29,1,True,5.35
two-turn-nc-14nt-8t,HumanEval_3,0,True,7.14
two-turn-nc-14nt-8t,HumanEval_3,1,True,7.34
two-turn-nc-14nt-8t,HumanEval_30,0,True,6.64
two-turn-nc-14nt-8t,HumanEval_30,1,True,6.96
two-turn-nc-14nt-8t,HumanEval_31,0,True,9.78
two-turn-nc-14nt-8t,HumanEval_31,1,True,9.16
two-turn-nc-14nt-8t,HumanEval_32,0,False,179.62
two-turn-nc-14nt-8t,HumanEval_32,1,True,21.09
two-turn-nc-14nt-8t,HumanEval_33,0,True,10.85
two-turn-nc-14nt-8t,HumanEval_33,1,True,13.48
two-turn-nc-14nt-8t,HumanEval_34,0,True,4.94
two-turn-nc-14nt-8t,HumanEval_34,1,True,5.36
two-turn-nc-14nt-8t,HumanEval_35,0,True,6.65
two-turn-nc-14nt-8t,HumanEval_35,1,True,6.98
two-turn-nc-14nt-8t,HumanEval_36,0,True,8.63
two-turn-nc-14nt-8t,HumanEval_36,1,True,9.0
two-turn-nc-14nt-8t,HumanEval_37,0,True,10.19
two-turn-nc-14nt-8t,HumanEval_37,1,True,12.75
two-turn-nc-14nt-8t,HumanEval_38,0,False,30.79
two-turn-nc-14nt-8t,HumanEval_38,1,False,34.9
two-turn-nc-14nt-8t,HumanEval_39,0,True,11.85
two-turn-nc-14nt-8t,HumanEval_39,1,True,13.29
two-turn-nc-14nt-8t,HumanEval_4,0,True,10.13
two-turn-nc-14nt-8t,HumanEval_4,1,True,9.48
two-turn-nc-14nt-8t,HumanEval_40,0,True,12.39
two-turn-nc-14nt-8t,HumanEval_40,1,True,12.52
two-turn-nc-14nt-8t,HumanEval_41,0,True,9.98
two-turn-nc-14nt-8t,HumanEval_41,1,True,10.36
two-turn-nc-14nt-8t,HumanEval_42,0,True,6.39
two-turn-nc-14nt-8t,HumanEval_42,1,True,6.44
two-turn-nc-14nt-8t,HumanEval_43,0,True,10.8
two-turn-nc-14nt-8t,HumanEval_43,1,True,10.77
two-turn-nc-14nt-8t,HumanEval_44,0,True,8.07
two-turn-nc-14nt-8t,HumanEval_44,1,True,7.46
two-turn-nc-14nt-8t,HumanEval_45,0,True,5.85
two-turn-nc-14nt-8t,HumanEval_45,1,True,3.6
two-turn-nc-14nt-8t,HumanEval_46,0,True,13.22
two-turn-nc-14nt-8t,HumanEval_46,1,True,13.45
two-turn-nc-14nt-8t,HumanEval_47,0,True,8.47
two-turn-nc-14nt-8t,HumanEval_47,1,True,8.85
two-turn-nc-14nt-8t,HumanEval_48,0,True,4.3
two-turn-nc-14nt-8t,HumanEval_48,1,True,4.33
two-turn-nc-14nt-8t,HumanEval_49,0,True,8.23
two-turn-nc-14nt-8t,HumanEval_49,1,True,9.46
two-turn-nc-14nt-8t,HumanEval_5,0,True,7.26
two-turn-nc-14nt-8t,HumanEval_5,1,True,6.22
two-turn-nc-14nt-8t,HumanEval_50,0,True,10.36
two-turn-nc-14nt-8t,HumanEval_50,1,True,9.93
two-turn-nc-14nt-8t,HumanEval_51,0,True,10.04
two-turn-nc-14nt-8t,HumanEval_51,1,True,7.66
two-turn-nc-14nt-8t,HumanEval_52,0,True,5.09
two-turn-nc-14nt-8t,HumanEval_52,1,True,5.11
two-turn-nc-14nt-8t,HumanEval_53,0,True,3.68
two-turn-nc-14nt-8t,HumanEval_53,1,True,3.7
two-turn-nc-14nt-8t,HumanEval_54,0,True,8.44
two-turn-nc-14nt-8t,HumanEval_54,1,False,216.39
two-turn-nc-14nt-8t,HumanEval_55,0,True,6.18
two-turn-nc-14nt-8t,HumanEval_55,1,True,6.34
two-turn-nc-14nt-8t,HumanEval_56,0,True,10.74
two-turn-nc-14nt-8t,HumanEval_56,1,True,10.52
two-turn-nc-14nt-8t,HumanEval_57,0,True,10.17
two-turn-nc-14nt-8t,HumanEval_57,1,True,10.58
two-turn-nc-14nt-8t,HumanEval_58,0,True,10.86
two-turn-nc-14nt-8t,HumanEval_58,1,True,9.46
two-turn-nc-14nt-8t,HumanEval_59,0,True,53.88
two-turn-nc-14nt-8t,HumanEval_59,1,True,10.51
two-turn-nc-14nt-8t,HumanEval_6,0,True,9.44
two-turn-nc-14nt-8t,HumanEval_6,1,True,9.18
two-turn-nc-14nt-8t,HumanEval_60,0,True,7.82
two-turn-nc-14nt-8t,HumanEval_60,1,True,8.56
two-turn-nc-14nt-8t,HumanEval_61,0,True,10.46
two-turn-nc-14nt-8t,HumanEval_61,1,True,11.0
two-turn-nc-14nt-8t,HumanEval_62,0,True,9.86
two-turn-nc-14nt-8t,HumanEval_62,1,True,9.62
two-turn-nc-14nt-8t,HumanEval_63,0,True,14.23
two-turn-nc-14nt-8t,HumanEval_63,1,True,13.1
two-turn-nc-14nt-8t,HumanEval_64,0,True,9.26
two-turn-nc-14nt-8t,HumanEval_64,1,True,8.02
two-turn-nc-14nt-8t,HumanEval_65,0,True,10.13
two-turn-nc-14nt-8t,HumanEval_65,1,True,41.39
two-turn-nc-14nt-8t,HumanEval_66,0,True,10.37
two-turn-nc-14nt-8t,HumanEval_66,1,True,10.13
two-turn-nc-14nt-8t,HumanEval_67,0,True,13.14
two-turn-nc-14nt-8t,HumanEval_67,1,True,11.2
two-turn-nc-14nt-8t,HumanEval_68,0,True,20.71
two-turn-nc-14nt-8t,HumanEval_68,1,True,15.97
two-turn-nc-14nt-8t,HumanEval_69,0,True,11.6
two-turn-nc-14nt-8t,HumanEval_69,1,True,11.37
two-turn-nc-14nt-8t,HumanEval_7,0,True,6.34
two-turn-nc-14nt-8t,HumanEval_7,1,True,5.2
two-turn-nc-14nt-8t,HumanEval_70,0,True,10.62
two-turn-nc-14nt-8t,HumanEval_70,1,True,9.44
two-turn-nc-14nt-8t,HumanEval_71,0,True,12.66
two-turn-nc-14nt-8t,HumanEval_71,1,True,15.95
two-turn-nc-14nt-8t,HumanEval_72,0,True,14.86
two-turn-nc-14nt-8t,HumanEval_72,1,True,15.27
two-turn-nc-14nt-8t,HumanEval_73,0,True,13.97
two-turn-nc-14nt-8t,HumanEval_73,1,True,11.83
two-turn-nc-14nt-8t,HumanEval_74,0,True,12.92
two-turn-nc-14nt-8t,HumanEval_74,1,True,13.1
two-turn-nc-14nt-8t,HumanEval_75,0,True,12.9
two-turn-nc-14nt-8t,HumanEval_75,1,True,13.32
two-turn-nc-14nt-8t,HumanEval_76,0,True,11.63
two-turn-nc-14nt-8t,HumanEval_76,1,True,177.17
two-turn-nc-14nt-8t,HumanEval_77,0,True,156.54
two-turn-nc-14nt-8t,HumanEval_77,1,True,114.98
two-turn-nc-14nt-8t,HumanEval_78,0,True,17.21
two-turn-nc-14nt-8t,HumanEval_78,1,True,17.81
two-turn-nc-14nt-8t,HumanEval_79,0,True,9.13
two-turn-nc-14nt-8t,HumanEval_79,1,True,7.6
two-turn-nc-14nt-8t,HumanEval_8,0,True,6.96
two-turn-nc-14nt-8t,HumanEval_8,1,True,6.55
two-turn-nc-14nt-8t,HumanEval_80,0,True,11.71
two-turn-nc-14nt-8t,HumanEval_80,1,True,9.64
two-turn-nc-14nt-8t,HumanEval_81,0,True,13.7
two-turn-nc-14nt-8t,HumanEval_81,1,True,19.2
two-turn-nc-14nt-8t,HumanEval_82,0,True,7.73
two-turn-nc-14nt-8t,HumanEval_82,1,True,9.13
two-turn-nc-14nt-8t,HumanEval_83,0,True,17.34
two-turn-nc-14nt-8t,HumanEval_83,1,True,15.71
two-turn-nc-14nt-8t,HumanEval_84,0,True,9.11
two-turn-nc-14nt-8t,HumanEval_84,1,True,9.19
two-turn-nc-14nt-8t,HumanEval_85,0,True,5.7
two-turn-nc-14nt-8t,HumanEval_85,1,True,8.25
two-turn-nc-14nt-8t,HumanEval_86,0,True,9.99
two-turn-nc-14nt-8t,HumanEval_86,1,True,10.49
two-turn-nc-14nt-8t,HumanEval_87,0,True,16.27
two-turn-nc-14nt-8t,HumanEval_87,1,True,15.76
two-turn-nc-14nt-8t,HumanEval_88,0,True,11.24
two-turn-nc-14nt-8t,HumanEval_88,1,True,11.09
two-turn-nc-14nt-8t,HumanEval_89,0,True,13.19
two-turn-nc-14nt-8t,HumanEval_89,1,True,14.22
two-turn-nc-14nt-8t,HumanEval_9,0,True,7.64
two-turn-nc-14nt-8t,HumanEval_9,1,True,9.42
two-turn-nc-14nt-8t,HumanEval_90,0,True,8.03
two-turn-nc-14nt-8t,HumanEval_90,1,True,10.82
two-turn-nc-14nt-8t,HumanEval_91,0,False,83.37
two-turn-nc-14nt-8t,HumanEval_91,1,False,61.56
two-turn-nc-14nt-8t,HumanEval_92,0,True,9.89
two-turn-nc-14nt-8t,HumanEval_92,1,True,9.4
two-turn-nc-14nt-8t,HumanEval_93,0,True,10.85
two-turn-nc-14nt-8t,HumanEval_93,1,True,99.1
two-turn-nc-14nt-8t,HumanEval_94,0,True,20.64
two-turn-nc-14nt-8t,HumanEval_94,1,True,19.8
two-turn-nc-14nt-8t,HumanEval_95,0,True,47.49
two-turn-nc-14nt-8t,HumanEval_95,1,True,11.1
two-turn-nc-14nt-8t,HumanEval_96,0,True,13.36
two-turn-nc-14nt-8t,HumanEval_96,1,True,11.6
two-turn-nc-14nt-8t,HumanEval_97,0,True,8.23
two-turn-nc-14nt-8t,HumanEval_97,1,True,8.21
two-turn-nc-14nt-8t,HumanEval_98,0,True,10.39
two-turn-nc-14nt-8t,HumanEval_98,1,True,7.25
two-turn-nc-14nt-8t,HumanEval_99,0,True,13.39
two-turn-nc-14nt-8t,HumanEval_99,1,True,12.53
two-turn-nc-4nt-1.7t,HumanEval_0,0,True,5.44
two-turn-nc-4nt-1.7t,HumanEval_0,1,True,2.79
two-turn-nc-4nt-1.7t,HumanEval_1,0,False,99.64
two-turn-nc-4nt-1.7t,HumanEval_1,1,False,80.2
two-turn-nc-4nt-1.7t,HumanEval_10,0,True,8.92
two-turn-nc-4nt-1.7t,HumanEval_10,1,True,2.85
two-turn-nc-4nt-1.7t,HumanEval_100,0,True,2.77
two-turn-nc-4nt-1.7t,HumanEval_100,1,True,2.73
two-turn-nc-4nt-1.7t,HumanEval_101,0,False,21.17
two-turn-nc-4nt-1.7t,HumanEval_101,1,True,2.55
two-turn-nc-4nt-1.7t,HumanEval_102,0,False,12.6
two-turn-nc-4nt-1.7t,HumanEval_102,1,False,11.02
two-turn-nc-4nt-1.7t,HumanEval_103,0,True,3.26
two-turn-nc-4nt-1.7t,HumanEval_103,1,True,3.4
two-turn-nc-4nt-1.7t,HumanEval_104,0,True,2.43
two-turn-nc-4nt-1.7t,HumanEval_104,1,True,2.63
two-turn-nc-4nt-1.7t,HumanEval_105,0,True,5.54
two-turn-nc-4nt-1.7t,HumanEval_105,1,True,5.72
two-turn-nc-4nt-1.7t,HumanEval_106,0,True,3.22
two-turn-nc-4nt-1.7t,HumanEval_106,1,True,3.33
two-turn-nc-4nt-1.7t,HumanEval_107,0,True,3.97
two-turn-nc-4nt-1.7t,HumanEval_107,1,True,4.17
two-turn-nc-4nt-1.7t,HumanEval_108,0,True,18.3
two-turn-nc-4nt-1.7t,HumanEval_108,1,True,17.31
two-turn-nc-4nt-1.7t,HumanEval_109,0,True,5.51
two-turn-nc-4nt-1.7t,HumanEval_109,1,True,5.55
two-turn-nc-4nt-1.7t,HumanEval_11,0,True,2.92
two-turn-nc-4nt-1.7t,HumanEval_11,1,True,2.89
two-turn-nc-4nt-1.7t,HumanEval_110,0,True,14.01
two-turn-nc-4nt-1.7t,HumanEval_110,1,True,18.4
two-turn-nc-4nt-1.7t,HumanEval_111,0,True,3.63
two-turn-nc-4nt-1.7t,HumanEval_111,1,True,3.81
two-turn-nc-4nt-1.7t,HumanEval_112,0,True,3.14
two-turn-nc-4nt-1.7t,HumanEval_112,1,True,3.24
two-turn-nc-4nt-1.7t,HumanEval_113,0,True,2.51
two-turn-nc-4nt-1.7t,HumanEval_113,1,False,13.44
two-turn-nc-4nt-1.7t,HumanEval_114,0,True,2.17
two-turn-nc-4nt-1.7t,HumanEval_114,1,True,2.28
two-turn-nc-4nt-1.7t,HumanEval_115,0,True,4.81
two-turn-nc-4nt-1.7t,HumanEval_115,1,True,4.92
two-turn-nc-4nt-1.7t,HumanEval_116,0,True,34.79
two-turn-nc-4nt-1.7t,HumanEval_116,1,True,42.7
two-turn-nc-4nt-1.7t,HumanEval_117,0,True,3.55
two-turn-nc-4nt-1.7t,HumanEval_117,1,True,3.64
two-turn-nc-4nt-1.7t,HumanEval_118,0,True,3.8
two-turn-nc-4nt-1.7t,HumanEval_118,1,True,3.77
two-turn-nc-4nt-1.7t,HumanEval_119,0,True,3.28
two-turn-nc-4nt-1.7t,HumanEval_119,1,True,3.27
two-turn-nc-4nt-1.7t,HumanEval_12,0,True,2.23
two-turn-nc-4nt-1.7t,HumanEval_12,1,True,2.22
two-turn-nc-4nt-1.7t,HumanEval_120,0,False,9.59
two-turn-nc-4nt-1.7t,HumanEval_120,1,True,11.61
two-turn-nc-4nt-1.7t,HumanEval_121,0,True,2.04
two-turn-nc-4nt-1.7t,HumanEval_121,1,True,2.01
two-turn-nc-4nt-1.7t,HumanEval_122,0,True,2.42
two-turn-nc-4nt-1.7t,HumanEval_122,1,True,2.4
two-turn-nc-4nt-1.7t,HumanEval_123,0,True,4.32
two-turn-nc-4nt-1.7t,HumanEval_123,1,True,4.3
two-turn-nc-4nt-1.7t,HumanEval_124,0,True,3.6
two-turn-nc-4nt-1.7t,HumanEval_124,1,True,4.23
two-turn-nc-4nt-1.7t,HumanEval_125,0,False,16.53
two-turn-nc-4nt-1.7t,HumanEval_125,1,False,16.63
two-turn-nc-4nt-1.7t,HumanEval_126,0,True,5.07
two-turn-nc-4nt-1.7t,HumanEval_126,1,False,36.96
two-turn-nc-4nt-1.7t,HumanEval_127,0,True,15.74
two-turn-nc-4nt-1.7t,HumanEval_127,1,True,18.34
two-turn-nc-4nt-1.7t,HumanEval_128,0,True,3.06
two-turn-nc-4nt-1.7t,HumanEval_128,1,True,2.91
two-turn-nc-4nt-1.7t,HumanEval_129,0,True,10.93
two-turn-nc-4nt-1.7t,HumanEval_129,1,True,37.95
two-turn-nc-4nt-1.7t,HumanEval_13,0,True,2.01
two-turn-nc-4nt-1.7t,HumanEval_13,1,True,2.0
two-turn-nc-4nt-1.7t,HumanEval_130,0,False,60.6
two-turn-nc-4nt-1.7t,HumanEval_130,1,True,67.68
two-turn-nc-4nt-1.7t,HumanEval_131,0,True,2.4
two-turn-nc-4nt-1.7t,HumanEval_131,1,True,2.49
two-turn-nc-4nt-1.7t,HumanEval_132,0,False,57.71
two-turn-nc-4nt-1.7t,HumanEval_132,1,False,26.22
two-turn-nc-4nt-1.7t,HumanEval_133,0,True,12.23
two-turn-nc-4nt-1.7t,HumanEval_133,1,True,14.11
two-turn-nc-4nt-1.7t,HumanEval_134,0,False,54.83
two-turn-nc-4nt-1.7t,HumanEval_134,1,False,66.37
two-turn-nc-4nt-1.7t,HumanEval_135,0,True,9.07
two-turn-nc-4nt-1.7t,HumanEval_135,1,True,8.53
two-turn-nc-4nt-1.7t,HumanEval_136,0,True,2.84
two-turn-nc-4nt-1.7t,HumanEval_136,1,True,3.32
two-turn-nc-4nt-1.7t,HumanEval_137,0,True,23.79
two-turn-nc-4nt-1.7t,HumanEval_137,1,True,24.12
two-turn-nc-4nt-1.7t,HumanEval_138,0,True,2.48
two-turn-nc-4nt-1.7t,HumanEval_138,1,True,2.37
two-turn-nc-4nt-1.7t,HumanEval_139,0,True,11.4
two-turn-nc-4nt-1.7t,HumanEval_139,1,True,5.63
two-turn-nc-4nt-1.7t,HumanEval_14,0,True,1.58
two-turn-nc-4nt-1.7t,HumanEval_14,1,True,1.58
two-turn-nc-4nt-1.7t,HumanEval_140,0,False,303.45
two-turn-nc-4nt-1.7t,HumanEval_140,1,False,24.0
two-turn-nc-4nt-1.7t,HumanEval_141,0,True,5.23
two-turn-nc-4nt-1.7t,HumanEval_141,1,True,4.9
two-turn-nc-4nt-1.7t,HumanEval_142,0,True,23.38
two-turn-nc-4nt-1.7t,HumanEval_142,1,True,17.44
two-turn-nc-4nt-1.7t,HumanEval_143,0,True,3.62
two-turn-nc-4nt-1.7t,HumanEval_143,1,True,3.6
two-turn-nc-4nt-1.7t,HumanEval_144,0,True,2.95
two-turn-nc-4nt-1.7t,HumanEval_144,1,True,2.86
two-turn-nc-4nt-1.7t,HumanEval_145,0,False,42.22
two-turn-nc-4nt-1.7t,HumanEval_145,1,False,56.5
two-turn-nc-4nt-1.7t,HumanEval_146,0,True,3.53
two-turn-nc-4nt-1.7t,HumanEval_146,1,True,3.44
two-turn-nc-4nt-1.7t,HumanEval_147,0,True,8.01
two-turn-nc-4nt-1.7t,HumanEval_147,1,True,6.8
two-turn-nc-4nt-1.7t,HumanEval_148,0,True,4.39
two-turn-nc-4nt-1.7t,HumanEval_148,1,True,4.61
two-turn-nc-4nt-1.7t,HumanEval_149,0,True,3.5
two-turn-nc-4nt-1.7t,HumanEval_149,1,True,3.54
two-turn-nc-4nt-1.7t,HumanEval_15,0,True,1.6
two-turn-nc-4nt-1.7t,HumanEval_15,1,True,1.59
two-turn-nc-4nt-1.7t,HumanEval_150,0,True,3.06
two-turn-nc-4nt-1.7t,HumanEval_150,1,True,2.88
two-turn-nc-4nt-1.7t,HumanEval_151,0,True,3.11
two-turn-nc-4nt-1.7t,HumanEval_151,1,True,2.91
two-turn-nc-4nt-1.7t,HumanEval_152,0,True,3.52
two-turn-nc-4nt-1.7t,HumanEval_152,1,True,3.32
two-turn-nc-4nt-1.7t,HumanEval_153,0,True,4.89
two-turn-nc-4nt-1.7t,HumanEval_153,1,True,4.66
two-turn-nc-4nt-1.7t,HumanEval_154,0,True,2.06
two-turn-nc-4nt-1.7t,HumanEval_154,1,True,1.82
two-turn-nc-4nt-1.7t,HumanEval_155,0,True,2.57
two-turn-nc-4nt-1.7t,HumanEval_155,1,True,2.37
two-turn-nc-4nt-1.7t,HumanEval_156,0,True,3.46
two-turn-nc-4nt-1.7t,HumanEval_156,1,True,3.28
two-turn-nc-4nt-1.7t,HumanEval_157,0,True,2.53
two-turn-nc-4nt-1.7t,HumanEval_157,1,True,2.53
two-turn-nc-4nt-1.7t,HumanEval_158,0,True,2.93
two-turn-nc-4nt-1.7t,HumanEval_158,1,True,2.78
two-turn-nc-4nt-1.7t,HumanEval_159,0,True,13.38
two-turn-nc-4nt-1.7t,HumanEval_159,1,True,15.18
two-turn-nc-4nt-1.7t,HumanEval_16,0,True,2.07
two-turn-nc-4nt-1.7t,HumanEval_16,1,True,2.01
two-turn-nc-4nt-1.7t,HumanEval_160,0,True,3.65
two-turn-nc-4nt-1.7t,HumanEval_160,1,True,3.57
two-turn-nc-4nt-1.7t,HumanEval_161,0,True,3.17
two-turn-nc-4nt-1.7t,HumanEval_161,1,True,3.13
two-turn-nc-4nt-1.7t,HumanEval_162,0,True,1.92
two-turn-nc-4nt-1.7t,HumanEval_162,1,True,1.92
two-turn-nc-4nt-1.7t,HumanEval_163,0,False,34.8
two-turn-nc-4nt-1.7t,HumanEval_163,1,False,31.85
two-turn-nc-4nt-1.7t,HumanEval_17,0,True,3.77
two-turn-nc-4nt-1.7t,HumanEval_17,1,True,3.52
two-turn-nc-4nt-1.7t,HumanEval_18,0,True,2.3
two-turn-nc-4nt-1.7t,HumanEval_18,1,True,2.29
two-turn-nc-4nt-1.7t,HumanEval_19,0,False,8.58
two-turn-nc-4nt-1.7t,HumanEval_19,1,False,9.18
two-turn-nc-4nt-1.7t,HumanEval_2,0,True,2.27
two-turn-nc-4nt-1.7t,HumanEval_2,1,True,2.14
two-turn-nc-4nt-1.7t,HumanEval_20,0,True,4.0
two-turn-nc-4nt-1.7t,HumanEval_20,1,True,3.99
two-turn-nc-4nt-1.7t,HumanEval_21,0,True,2.44
two-turn-nc-4nt-1.7t,HumanEval_21,1,True,2.41
two-turn-nc-4nt-1.7t,HumanEval_22,0,True,1.85
two-turn-nc-4nt-1.7t,HumanEval_22,1,True,1.84
two-turn-nc-4nt-1.7t,HumanEval_23,0,True,1.27
two-turn-nc-4nt-1.7t,HumanEval_23,1,True,1.04
two-turn-nc-4nt-1.7t,HumanEval_24,0,True,2.07
two-turn-nc-4nt-1.7t,HumanEval_24,1,True,2.07
two-turn-nc-4nt-1.7t,HumanEval_25,0,True,3.41
two-turn-nc-4nt-1.7t,HumanEval_25,1,True,3.21
two-turn-nc-4nt-1.7t,HumanEval_26,0,True,8.08
two-turn-nc-4nt-1.7t,HumanEval_26,1,True,24.31
two-turn-nc-4nt-1.7t,HumanEval_27,0,True,1.32
two-turn-nc-4nt-1.7t,HumanEval_27,1,True,1.32
two-turn-nc-4nt-1.7t,HumanEval_28,0,True,1.41
two-turn-nc-4nt-1.7t,HumanEval_28,1,True,1.41
two-turn-nc-4nt-1.7t,HumanEval_29,0,True,1.8
two-turn-nc-4nt-1.7t,HumanEval_29,1,True,1.8
two-turn-nc-4nt-1.7t,HumanEval_3,0,True,1.75
two-turn-nc-4nt-1.7t,HumanEval_3,1,True,1.92
two-turn-nc-4nt-1.7t,HumanEval_30,0,True,2.12
two-turn-nc-4nt-1.7t,HumanEval_30,1,True,2.11
two-turn-nc-4nt-1.7t,HumanEval_31,0,True,2.63
two-turn-nc-4nt-1.7t,HumanEval_31,1,True,2.61
two-turn-nc-4nt-1.7t,HumanEval_32,0,False,52.03
two-turn-nc-4nt-1.7t,HumanEval_32,1,False,61.71
two-turn-nc-4nt-1.7t,HumanEval_33,0,True,3.66
two-turn-nc-4nt-1.7t,HumanEval_33,1,True,3.66
two-turn-nc-4nt-1.7t,HumanEval_34,0,True,1.61
two-turn-nc-4nt-1.7t,HumanEval_34,1,True,1.62
two-turn-nc-4nt-1.7t,HumanEval_35,0,True,1.79
two-turn-nc-4nt-1.7t,HumanEval_35,1,True,1.72
two-turn-nc-4nt-1.7t,HumanEval_36,0,True,2.4
two-turn-nc-4nt-1.7t,HumanEval_36,1,True,2.3
two-turn-nc-4nt-1.7t,HumanEval_37,0,True,3.2
two-turn-nc-4nt-1.7t,HumanEval_37,1,True,3.03
two-turn-nc-4nt-1.7t,HumanEval_38,0,False,32.71
two-turn-nc-4nt-1.7t,HumanEval_38,1,False,6.97
two-turn-nc-4nt-1.7t,HumanEval_39,0,True,3.08
two-turn-nc-4nt-1.7t,HumanEval_39,1,True,3.09
two-turn-nc-4nt-1.7t,HumanEval_4,0,True,2.46
two-turn-nc-4nt-1.7t,HumanEval_4,1,True,2.52
two-turn-nc-4nt-1.7t,HumanEval_40,0,True,3.37
two-turn-nc-4nt-1.7t,HumanEval_40,1,True,4.03
two-turn-nc-4nt-1.7t,HumanEval_41,0,True,2.39
two-turn-nc-4nt-1.7t,HumanEval_41,1,True,2.36
two-turn-nc-4nt-1.7t,HumanEval_42,0,True,2.5
two-turn-nc-4nt-1.7t,HumanEval_42,1,True,2.05
two-turn-nc-4nt-1.7t,HumanEval_43,0,True,3.3
two-turn-nc-4nt-1.7t,HumanEval_43,1,True,2.69
two-turn-nc-4nt-1.7t,HumanEval_44,0,True,2.26
two-turn-nc-4nt-1.7t,HumanEval_44,1,True,2.29
two-turn-nc-4nt-1.7t,HumanEval_45,0,True,1.36
two-turn-nc-4nt-1.7t,HumanEval_45,1,True,1.59
two-turn-nc-4nt-1.7t,HumanEval_46,0,True,3.94
two-turn-nc-4nt-1.7t,HumanEval_46,1,True,3.99
two-turn-nc-4nt-1.7t,HumanEval_47,0,True,2.16
two-turn-nc-4nt-1.7t,HumanEval_47,1,True,2.14
two-turn-nc-4nt-1.7t,HumanEval_48,0,True,1.61
two-turn-nc-4nt-1.7t,HumanEval_48,1,True,1.62
two-turn-nc-4nt-1.7t,HumanEval_49,0,True,2.53
two-turn-nc-4nt-1.7t,HumanEval_49,1,True,2.5
two-turn-nc-4nt-1.7t,HumanEval_5,0,True,1.92
two-turn-nc-4nt-1.7t,HumanEval_5,1,True,2.11
two-turn-nc-4nt-1.7t,HumanEval_50,0,False,11.8
two-turn-nc-4nt-1.7t,HumanEval_50,1,True,9.67
two-turn-nc-4nt-1.7t,HumanEval_51,0,True,2.48
two-turn-nc-4nt-1.7t,HumanEval_51,1,True,2.4
two-turn-nc-4nt-1.7t,HumanEval_52,0,True,1.98
two-turn-nc-4nt-1.7t,HumanEval_52,1,True,1.77
two-turn-nc-4nt-1.7t,HumanEval_53,0,True,1.72
two-turn-nc-4nt-1.7t,HumanEval_53,1,True,1.53
two-turn-nc-4nt-1.7t,HumanEval_54,0,False,35.42
two-turn-nc-4nt-1.7t,HumanEval_54,1,True,32.64
two-turn-nc-4nt-1.7t,HumanEval_55,0,True,2.11
two-turn-nc-4nt-1.7t,HumanEval_55,1,True,1.76
two-turn-nc-4nt-1.7t,HumanEval_56,0,True,2.5
two-turn-nc-4nt-1.7t,HumanEval_56,1,True,2.25
two-turn-nc-4nt-1.7t,HumanEval_57,0,True,2.41
two-turn-nc-4nt-1.7t,HumanEval_57,1,True,2.2
two-turn-nc-4nt-1.7t,HumanEval_58,0,True,2.94
two-turn-nc-4nt-1.7t,HumanEval_58,1,True,2.72
two-turn-nc-4nt-1.7t,HumanEval_59,0,True,3.19
two-turn-nc-4nt-1.7t,HumanEval_59,1,True,3.02
two-turn-nc-4nt-1.7t,HumanEval_6,0,True,2.45
two-turn-nc-4nt-1.7t,HumanEval_6,1,True,2.66
two-turn-nc-4nt-1.7t,HumanEval_60,0,True,2.47
two-turn-nc-4nt-1.7t,HumanEval_60,1,True,1.96
two-turn-nc-4nt-1.7t,HumanEval_61,0,True,2.49
two-turn-nc-4nt-1.7t,HumanEval_61,1,True,2.3
two-turn-nc-4nt-1.7t,HumanEval_62,0,True,2.29
two-turn-nc-4nt-1.7t,HumanEval_62,1,True,2.19
two-turn-nc-4nt-1.7t,HumanEval_63,0,True,3.43
two-turn-nc-4nt-1.7t,HumanEval_63,1,True,3.17
two-turn-nc-4nt-1.7t,HumanEval_64,0,False,10.61
two-turn-nc-4nt-1.7t,HumanEval_64,1,False,28.84
two-turn-nc-4nt-1.7t,HumanEval_65,0,True,2.92
two-turn-nc-4nt-1.7t,HumanEval_65,1,True,2.74
two-turn-nc-4nt-1.7t,HumanEval_66,0,True,1.29
two-turn-nc-4nt-1.7t,HumanEval_66,1,True,1.37
two-turn-nc-4nt-1.7t,HumanEval_67,0,True,3.89
two-turn-nc-4nt-1.7t,HumanEval_67,1,True,4.06
two-turn-nc-4nt-1.7t,HumanEval_68,0,True,5.02
two-turn-nc-4nt-1.7t,HumanEval_68,1,True,5.2
two-turn-nc-4nt-1.7t,HumanEval_69,0,True,3.2
two-turn-nc-4nt-1.7t,HumanEval_69,1,True,3.58
two-turn-nc-4nt-1.7t,HumanEval_7,0,True,1.84
two-turn-nc-4nt-1.7t,HumanEval_7,1,True,1.86
two-turn-nc-4nt-1.7t,HumanEval_70,0,True,3.07
two-turn-nc-4nt-1.7t,HumanEval_70,1,True,3.36
two-turn-nc-4nt-1.7t,HumanEval_71,0,True,3.08
two-turn-nc-4nt-1.7t,HumanEval_71,1,True,3.62
two-turn-nc-4nt-1.7t,HumanEval_72,0,True,3.92
two-turn-nc-4nt-1.7t,HumanEval_72,1,True,4.08
two-turn-nc-4nt-1.7t,HumanEval_73,0,True,3.5
two-turn-nc-4nt-1.7t,HumanEval_73,1,True,4.02
two-turn-nc-4nt-1.7t,HumanEval_74,0,True,3.61
two-turn-nc-4nt-1.7t,HumanEval_74,1,True,3.74
two-turn-nc-4nt-1.7t,HumanEval_75,0,True,3.98
two-turn-nc-4nt-1.7t,HumanEval_75,1,True,3.74
two-turn-nc-4nt-1.7t,HumanEval_76,0,True,28.46
two-turn-nc-4nt-1.7t,HumanEval_76,1,True,32.7
two-turn-nc-4nt-1.7t,HumanEval_77,0,False,21.43
two-turn-nc-4nt-1.7t,HumanEval_77,1,False,20.44
two-turn-nc-4nt-1.7t,HumanEval_78,0,True,4.58
two-turn-nc-4nt-1.7t,HumanEval_78,1,True,5.04
two-turn-nc-4nt-1.7t,HumanEval_79,0,True,2.99
two-turn-nc-4nt-1.7t,HumanEval_79,1,True,3.17
two-turn-nc-4nt-1.7t,HumanEval_8,0,True,2.3
two-turn-nc-4nt-1.7t,HumanEval_8,1,True,2.28
two-turn-nc-4nt-1.7t,HumanEval_80,0,True,2.72
two-turn-nc-4nt-1.7t,HumanEval_80,1,True,2.14
two-turn-nc-4nt-1.7t,HumanEval_81,0,False,37.69
two-turn-nc-4nt-1.7t,HumanEval_81,1,False,51.99
two-turn-nc-4nt-1.7t,HumanEval_82,0,True,2.69
two-turn-nc-4nt-1.7t,HumanEval_82,1,True,3.07
two-turn-nc-4nt-1.7t,HumanEval_83,0,True,3.9
two-turn-nc-4nt-1.7t,HumanEval_83,1,True,20.28
two-turn-nc-4nt-1.7t,HumanEval_84,0,True,2.77
two-turn-nc-4nt-1.7t,HumanEval_84,1,True,3.02
two-turn-nc-4nt-1.7t,HumanEval_85,0,True,1.93
two-turn-nc-4nt-1.7t,HumanEval_85,1,True,2.01
two-turn-nc-4nt-1.7t,HumanEval_86,0,True,2.83
two-turn-nc-4nt-1.7t,HumanEval_86,1,True,3.06
two-turn-nc-4nt-1.7t,HumanEval_87,0,True,4.24
two-turn-nc-4nt-1.7t,HumanEval_87,1,True,4.48
two-turn-nc-4nt-1.7t,HumanEval_88,0,True,4.36
two-turn-nc-4nt-1.7t,HumanEval_88,1,True,4.44
two-turn-nc-4nt-1.7t,HumanEval_89,0,True,10.05
two-turn-nc-4nt-1.7t,HumanEval_89,1,True,11.65
two-turn-nc-4nt-1.7t,HumanEval_9,0,True,2.41
two-turn-nc-4nt-1.7t,HumanEval_9,1,True,2.42
two-turn-nc-4nt-1.7t,HumanEval_90,0,True,2.72
two-turn-nc-4nt-1.7t,HumanEval_90,1,True,2.96
two-turn-nc-4nt-1.7t,HumanEval_91,0,False,23.09
two-turn-nc-4nt-1.7t,HumanEval_91,1,False,16.71
two-turn-nc-4nt-1.7t,HumanEval_92,0,True,2.85
two-turn-nc-4nt-1.7t,HumanEval_92,1,True,3.09
two-turn-nc-4nt-1.7t,HumanEval_93,0,True,3.74
two-turn-nc-4nt-1.7t,HumanEval_93,1,True,3.94
two-turn-nc-4nt-1.7t,HumanEval_94,0,True,3.01
two-turn-nc-4nt-1.7t,HumanEval_94,1,True,3.21
two-turn-nc-4nt-1.7t,HumanEval_95,0,True,14.0
two-turn-nc-4nt-1.7t,HumanEval_95,1,True,15.93
two-turn-nc-4nt-1.7t,HumanEval_96,0,False,18.5
two-turn-nc-4nt-1.7t,HumanEval_96,1,False,24.21
two-turn-nc-4nt-1.7t,HumanEval_97,0,True,2.52
two-turn-nc-4nt-1.7t,HumanEval_97,1,True,2.6
two-turn-nc-4nt-1.7t,HumanEval_98,0,True,2.16
two-turn-nc-4nt-1.7t,HumanEval_98,1,True,2.21
two-turn-nc-4nt-1.7t,HumanEval_99,0,True,3.2
two-turn-nc-4nt-1.7t,HumanEval_99,1,True,3.19
two-turn-nc-4nt-14t,HumanEval_0,0,True,4.53
two-turn-nc-4nt-14t,HumanEval_0,1,True,4.56
two-turn-nc-4nt-14t,HumanEval_1,0,True,172.84
two-turn-nc-4nt-14t,HumanEval_1,1,True,63.83
two-turn-nc-4nt-14t,HumanEval_10,0,True,95.95
two-turn-nc-4nt-14t,HumanEval_10,1,True,112.99
two-turn-nc-4nt-14t,HumanEval_100,0,True,3.92
two-turn-nc-4nt-14t,HumanEval_100,1,True,3.93
two-turn-nc-4nt-14t,HumanEval_101,0,True,48.19
two-turn-nc-4nt-14t,HumanEval_101,1,True,33.71
two-turn-nc-4nt-14t,HumanEval_102,0,True,267.04
two-turn-nc-4nt-14t,HumanEval_102,1,True,45.96
two-turn-nc-4nt-14t,HumanEval_103,0,True,5.06
two-turn-nc-4nt-14t,HumanEval_103,1,True,4.69
two-turn-nc-4nt-14t,HumanEval_104,0,True,3.54
two-turn-nc-4nt-14t,HumanEval_104,1,True,3.62
two-turn-nc-4nt-14t,HumanEval_105,0,True,6.67
two-turn-nc-4nt-14t,HumanEval_105,1,True,6.67
two-turn-nc-4nt-14t,HumanEval_106,0,True,4.33
two-turn-nc-4nt-14t,HumanEval_106,1,True,4.28
two-turn-nc-4nt-14t,HumanEval_107,0,True,5.2
two-turn-nc-4nt-14t,HumanEval_107,1,True,5.13
two-turn-nc-4nt-14t,HumanEval_108,0,True,4.99
two-turn-nc-4nt-14t,HumanEval_108,1,True,100.55
two-turn-nc-4nt-14t,HumanEval_109,0,True,102.01
two-turn-nc-4nt-14t,HumanEval_109,1,True,6.9
two-turn-nc-4nt-14t,HumanEval_11,0,True,4.16
two-turn-nc-4nt-14t,HumanEval_11,1,True,4.77
two-turn-nc-4nt-14t,HumanEval_110,0,True,89.44
two-turn-nc-4nt-14t,HumanEval_110,1,True,71.36
two-turn-nc-4nt-14t,HumanEval_111,0,True,5.5
two-turn-nc-4nt-14t,HumanEval_111,1,True,5.26
two-turn-nc-4nt-14t,HumanEval_112,0,True,4.34
two-turn-nc-4nt-14t,HumanEval_112,1,True,4.35
two-turn-nc-4nt-14t,HumanEval_113,0,True,3.76
two-turn-nc-4nt-14t,HumanEval_113,1,True,3.64
two-turn-nc-4nt-14t,HumanEval_114,0,True,3.36
two-turn-nc-4nt-14t,HumanEval_114,1,True,3.37
two-turn-nc-4nt-14t,HumanEval_115,0,True,6.05
two-turn-nc-4nt-14t,HumanEval_115,1,True,5.94
two-turn-nc-4nt-14t,HumanEval_116,0,True,4.92
two-turn-nc-4nt-14t,HumanEval_116,1,True,318.43
two-turn-nc-4nt-14t,HumanEval_117,0,True,4.59
two-turn-nc-4nt-14t,HumanEval_117,1,True,5.42
two-turn-nc-4nt-14t,HumanEval_118,0,True,4.81
two-turn-nc-4nt-14t,HumanEval_118,1,True,5.07
two-turn-nc-4nt-14t,HumanEval_119,0,True,4.81
two-turn-nc-4nt-14t,HumanEval_119,1,True,4.48
two-turn-nc-4nt-14t,HumanEval_12,0,True,3.23
two-turn-nc-4nt-14t,HumanEval_12,1,True,3.41
two-turn-nc-4nt-14t,HumanEval_120,0,True,41.37
two-turn-nc-4nt-14t,HumanEval_120,1,True,103.75
two-turn-nc-4nt-14t,HumanEval_121,0,True,3.17
two-turn-nc-4nt-14t,HumanEval_121,1,True,3.84
two-turn-nc-4nt-14t,HumanEval_122,0,True,3.62
two-turn-nc-4nt-14t,HumanEval_122,1,True,3.61
two-turn-nc-4nt-14t,HumanEval_123,0,True,5.65
two-turn-nc-4nt-14t,HumanEval_123,1,True,5.6
two-turn-nc-4nt-14t,HumanEval_124,0,True,5.02
two-turn-nc-4nt-14t,HumanEval_124,1,True,8.77
two-turn-nc-4nt-14t,HumanEval_125,0,True,78.94
two-turn-nc-4nt-14t,HumanEval_125,1,True,84.19
two-turn-nc-4nt-14t,HumanEval_126,0,True,6.48
two-turn-nc-4nt-14t,HumanEval_126,1,True,7.22
two-turn-nc-4nt-14t,HumanEval_127,0,True,90.28
two-turn-nc-4nt-14t,HumanEval_127,1,True,98.14
two-turn-nc-4nt-14t,HumanEval_128,0,True,4.78
two-turn-nc-4nt-14t,HumanEval_128,1,True,4.4
two-turn-nc-4nt-14t,HumanEval_129,0,True,11.46
two-turn-nc-4nt-14t,HumanEval_129,1,True,188.78
two-turn-nc-4nt-14t,HumanEval_13,0,True,2.94
two-turn-nc-4nt-14t,HumanEval_13,1,True,3.21
two-turn-nc-4nt-14t,HumanEval_130,0,True,176.26
two-turn-nc-4nt-14t,HumanEval_130,1,True,6.74
two-turn-nc-4nt-14t,HumanEval_131,0,True,3.91
two-turn-nc-4nt-14t,HumanEval_131,1,True,3.25
two-turn-nc-4nt-14t,HumanEval_132,0,True,275.71
two-turn-nc-4nt-14t,HumanEval_132,1,False,467.81
two-turn-nc-4nt-14t,HumanEval_133,0,True,118.85
two-turn-nc-4nt-14t,HumanEval_133,1,True,126.21
two-turn-nc-4nt-14t,HumanEval_134,0,True,5.27
two-turn-nc-4nt-14t,HumanEval_134,1,True,247.42
two-turn-nc-4nt-14t,HumanEval_135,0,True,53.92
two-turn-nc-4nt-14t,HumanEval_135,1,True,35.4
two-turn-nc-4nt-14t,HumanEval_136,0,True,4.78
two-turn-nc-4nt-14t,HumanEval_136,1,True,4.05
two-turn-nc-4nt-14t,HumanEval_137,0,True,3.96
two-turn-nc-4nt-14t,HumanEval_137,1,True,80.16
two-turn-nc-4nt-14t,HumanEval_138,0,True,3.78
two-turn-nc-4nt-14t,HumanEval_138,1,True,4.43
two-turn-nc-4nt-14t,HumanEval_139,0,True,58.81
two-turn-nc-4nt-14t,HumanEval_139,1,True,80.27
two-turn-nc-4nt-14t,HumanEval_14,0,True,2.57
two-turn-nc-4nt-14t,HumanEval_14,1,True,2.78
two-turn-nc-4nt-14t,HumanEval_140,0,True,77.35
two-turn-nc-4nt-14t,HumanEval_140,1,True,56.95
two-turn-nc-4nt-14t,HumanEval_141,0,True,6.23
two-turn-nc-4nt-14t,HumanEval_141,1,True,5.96
two-turn-nc-4nt-14t,HumanEval_142,0,True,55.56
two-turn-nc-4nt-14t,HumanEval_142,1,True,52.43
two-turn-nc-4nt-14t,HumanEval_143,0,True,5.1
two-turn-nc-4nt-14t,HumanEval_143,1,True,4.78
two-turn-nc-4nt-14t,HumanEval_144,0,True,4.04
two-turn-nc-4nt-14t,HumanEval_144,1,True,4.32
two-turn-nc-4nt-14t,HumanEval_145,0,False,397.25
two-turn-nc-4nt-14t,HumanEval_145,1,False,347.6
two-turn-nc-4nt-14t,HumanEval_146,0,True,5.2
two-turn-nc-4nt-14t,HumanEval_146,1,True,67.02
two-turn-nc-4nt-14t,HumanEval_147,0,True,9.46
two-turn-nc-4nt-14t,HumanEval_147,1,True,7.78
two-turn-nc-4nt-14t,HumanEval_148,0,True,5.38
two-turn-nc-4nt-14t,HumanEval_148,1,True,5.73
two-turn-nc-4nt-14t,HumanEval_149,0,True,4.53
two-turn-nc-4nt-14t,HumanEval_149,1,True,4.46
two-turn-nc-4nt-14t,HumanEval_15,0,True,2.55
two-turn-nc-4nt-14t,HumanEval_15,1,True,2.8
two-turn-nc-4nt-14t,HumanEval_150,0,True,4.14
two-turn-nc-4nt-14t,HumanEval_150,1,True,4.05
two-turn-nc-4nt-14t,HumanEval_151,0,True,3.89
two-turn-nc-4nt-14t,HumanEval_151,1,True,3.84
two-turn-nc-4nt-14t,HumanEval_152,0,True,4.5
two-turn-nc-4nt-14t,HumanEval_152,1,True,4.48
two-turn-nc-4nt-14t,HumanEval_153,0,True,68.83
two-turn-nc-4nt-14t,HumanEval_153,1,True,80.6
two-turn-nc-4nt-14t,HumanEval_154,0,True,3.53
two-turn-nc-4nt-14t,HumanEval_154,1,True,3.33
two-turn-nc-4nt-14t,HumanEval_155,0,True,3.57
two-turn-nc-4nt-14t,HumanEval_155,1,True,3.55
two-turn-nc-4nt-14t,HumanEval_156,0,True,4.43
two-turn-nc-4nt-14t,HumanEval_156,1,True,4.44
two-turn-nc-4nt-14t,HumanEval_157,0,True,3.64
two-turn-nc-4nt-14t,HumanEval_157,1,True,3.73
two-turn-nc-4nt-14t,HumanEval_158,0,True,4.01
two-turn-nc-4nt-14t,HumanEval_158,1,True,3.94
two-turn-nc-4nt-14t,HumanEval_159,0,True,41.79
two-turn-nc-4nt-14t,HumanEval_159,1,True,40.87
two-turn-nc-4nt-14t,HumanEval_16,0,True,3.02
two-turn-nc-4nt-14t,HumanEval_16,1,True,3.23
two-turn-nc-4nt-14t,HumanEval_160,0,True,4.9
two-turn-nc-4nt-14t,HumanEval_160,1,True,4.95
two-turn-nc-4nt-14t,HumanEval_161,0,True,4.29
two-turn-nc-4nt-14t,HumanEval_161,1,True,4.25
two-turn-nc-4nt-14t,HumanEval_162,0,True,3.12
two-turn-nc-4nt-14t,HumanEval_162,1,True,3.11
two-turn-nc-4nt-14t,HumanEval_163,0,True,104.22
two-turn-nc-4nt-14t,HumanEval_163,1,True,80.51
two-turn-nc-4nt-14t,HumanEval_17,0,True,4.44
two-turn-nc-4nt-14t,HumanEval_17,1,True,4.34
two-turn-nc-4nt-14t,HumanEval_18,0,True,3.24
two-turn-nc-4nt-14t,HumanEval_18,1,True,3.47
two-turn-nc-4nt-14t,HumanEval_19,0,True,4.62
two-turn-nc-4nt-14t,HumanEval_19,1,True,4.58
two-turn-nc-4nt-14t,HumanEval_2,0,True,3.26
two-turn-nc-4nt-14t,HumanEval_2,1,True,3.23
two-turn-nc-4nt-14t,HumanEval_20,0,True,4.82
two-turn-nc-4nt-14t,HumanEval_20,1,True,5.14
two-turn-nc-4nt-14t,HumanEval_21,0,True,3.39
two-turn-nc-4nt-14t,HumanEval_21,1,True,3.57
two-turn-nc-4nt-14t,HumanEval_22,0,True,2.86
two-turn-nc-4nt-14t,HumanEval_22,1,True,3.31
two-turn-nc-4nt-14t,HumanEval_23,0,True,2.23
two-turn-nc-4nt-14t,HumanEval_23,1,True,2.45
two-turn-nc-4nt-14t,HumanEval_24,0,True,3.32
two-turn-nc-4nt-14t,HumanEval_24,1,True,3.36
two-turn-nc-4nt-14t,HumanEval_25,0,True,4.41
two-turn-nc-4nt-14t,HumanEval_25,1,True,4.56
two-turn-nc-4nt-14t,HumanEval_26,0,True,51.08
two-turn-nc-4nt-14t,HumanEval_26,1,True,80.04
two-turn-nc-4nt-14t,HumanEval_27,0,True,2.58
two-turn-nc-4nt-14t,HumanEval_27,1,True,3.19
two-turn-nc-4nt-14t,HumanEval_28,0,True,2.39
two-turn-nc-4nt-14t,HumanEval_28,1,True,2.62
two-turn-nc-4nt-14t,HumanEval_29,0,True,2.76
two-turn-nc-4nt-14t,HumanEval_29,1,True,2.99
two-turn-nc-4nt-14t,HumanEval_3,0,True,3.01
two-turn-nc-4nt-14t,HumanEval_3,1,True,3.12
two-turn-nc-4nt-14t,HumanEval_30,0,True,3.07
two-turn-nc-4nt-14t,HumanEval_30,1,True,3.35
two-turn-nc-4nt-14t,HumanEval_31,0,True,3.79
two-turn-nc-4nt-14t,HumanEval_31,1,True,4.28
two-turn-nc-4nt-14t,HumanEval_32,0,False,491.45
two-turn-nc-4nt-14t,HumanEval_32,1,True,295.88
two-turn-nc-4nt-14t,HumanEval_33,0,True,5.57
two-turn-nc-4nt-14t,HumanEval_33,1,True,5.43
two-turn-nc-4nt-14t,HumanEval_34,0,True,2.8
two-turn-nc-4nt-14t,HumanEval_34,1,True,2.86
two-turn-nc-4nt-14t,HumanEval_35,0,True,2.87
two-turn-nc-4nt-14t,HumanEval_35,1,True,2.86
two-turn-nc-4nt-14t,HumanEval_36,0,True,3.5
two-turn-nc-4nt-14t,HumanEval_36,1,True,3.54
two-turn-nc-4nt-14t,HumanEval_37,0,True,4.49
two-turn-nc-4nt-14t,HumanEval_37,1,True,81.24
two-turn-nc-4nt-14t,HumanEval_38,0,True,42.83
two-turn-nc-4nt-14t,HumanEval_38,1,False,46.03
two-turn-nc-4nt-14t,HumanEval_39,0,True,4.52
two-turn-nc-4nt-14t,HumanEval_39,1,True,4.63
two-turn-nc-4nt-14t,HumanEval_4,0,True,3.59
two-turn-nc-4nt-14t,HumanEval_4,1,True,3.69
two-turn-nc-4nt-14t,HumanEval_40,0,True,5.18
two-turn-nc-4nt-14t,HumanEval_40,1,True,5.31
two-turn-nc-4nt-14t,HumanEval_41,0,True,3.58
two-turn-nc-4nt-14t,HumanEval_41,1,True,3.88
two-turn-nc-4nt-14t,HumanEval_42,0,True,3.25
two-turn-nc-4nt-14t,HumanEval_42,1,True,3.21
two-turn-nc-4nt-14t,HumanEval_43,0,True,3.87
two-turn-nc-4nt-14t,HumanEval_43,1,True,3.92
two-turn-nc-4nt-14t,HumanEval_44,0,True,3.49
two-turn-nc-4nt-14t,HumanEval_44,1,True,3.47
two-turn-nc-4nt-14t,HumanEval_45,0,True,2.55
two-turn-nc-4nt-14t,HumanEval_45,1,True,2.53
two-turn-nc-4nt-14t,HumanEval_46,0,True,5.16
two-turn-nc-4nt-14t,HumanEval_46,1,True,5.1
two-turn-nc-4nt-14t,HumanEval_47,0,True,3.36
two-turn-nc-4nt-14t,HumanEval_47,1,True,3.37
two-turn-nc-4nt-14t,HumanEval_48,0,True,2.76
two-turn-nc-4nt-14t,HumanEval_48,1,True,2.75
two-turn-nc-4nt-14t,HumanEval_49,0,True,3.78
two-turn-nc-4nt-14t,HumanEval_49,1,True,3.61
two-turn-nc-4nt-14t,HumanEval_5,0,True,3.06
two-turn-nc-4nt-14t,HumanEval_5,1,True,3.37
two-turn-nc-4nt-14t,HumanEval_50,0,True,40.12
two-turn-nc-4nt-14t,HumanEval_50,1,True,40.32
two-turn-nc-4nt-14t,HumanEval_51,0,True,3.45
two-turn-nc-4nt-14t,HumanEval_51,1,True,3.82
two-turn-nc-4nt-14t,HumanEval_52,0,True,2.95
two-turn-nc-4nt-14t,HumanEval_52,1,True,2.99
two-turn-nc-4nt-14t,HumanEval_53,0,True,2.75
two-turn-nc-4nt-14t,HumanEval_53,1,True,2.76
two-turn-nc-4nt-14t,HumanEval_54,0,True,44.89
two-turn-nc-4nt-14t,HumanEval_54,1,True,74.6
two-turn-nc-4nt-14t,HumanEval_55,0,True,3.43
two-turn-nc-4nt-14t,HumanEval_55,1,True,4.2
two-turn-nc-4nt-14t,HumanEval_56,0,True,3.47
two-turn-nc-4nt-14t,HumanEval_56,1,True,3.42
two-turn-nc-4nt-14t,HumanEval_57,0,True,3.34
two-turn-nc-4nt-14t,HumanEval_57,1,True,3.42
two-turn-nc-4nt-14t,HumanEval_58,0,True,3.86
two-turn-nc-4nt-14t,HumanEval_58,1,True,3.89
two-turn-nc-4nt-14t,HumanEval_59,0,True,4.21
two-turn-nc-4nt-14t,HumanEval_59,1,True,3.84
two-turn-nc-4nt-14t,HumanEval_6,0,True,4.09
two-turn-nc-4nt-14t,HumanEval_6,1,True,4.29
two-turn-nc-4nt-14t,HumanEval_60,0,True,3.2
two-turn-nc-4nt-14t,HumanEval_60,1,True,3.24
two-turn-nc-4nt-14t,HumanEval_61,0,True,3.47
two-turn-nc-4nt-14t,HumanEval_61,1,True,3.4
two-turn-nc-4nt-14t,HumanEval_62,0,True,3.35
two-turn-nc-4nt-14t,HumanEval_62,1,True,3.27
two-turn-nc-4nt-14t,HumanEval_63,0,True,4.4
two-turn-nc-4nt-14t,HumanEval_63,1,True,4.4
two-turn-nc-4nt-14t,HumanEval_64,0,True,89.17
two-turn-nc-4nt-14t,HumanEval_64,1,True,69.72
two-turn-nc-4nt-14t,HumanEval_65,0,True,4.25
two-turn-nc-4nt-14t,HumanEval_65,1,True,4.35
two-turn-nc-4nt-14t,HumanEval_66,0,True,3.34
two-turn-nc-4nt-14t,HumanEval_66,1,True,2.47
two-turn-nc-4nt-14t,HumanEval_67,0,True,4.98
two-turn-nc-4nt-14t,HumanEval_67,1,True,4.79
two-turn-nc-4nt-14t,HumanEval_68,0,True,6.48
two-turn-nc-4nt-14t,HumanEval_68,1,True,6.15
two-turn-nc-4nt-14t,HumanEval_69,0,True,4.57
two-turn-nc-4nt-14t,HumanEval_69,1,True,4.55
two-turn-nc-4nt-14t,HumanEval_7,0,True,2.8
two-turn-nc-4nt-14t,HumanEval_7,1,True,3.09
two-turn-nc-4nt-14t,HumanEval_70,0,True,4.07
two-turn-nc-4nt-14t,HumanEval_70,1,True,4.13
two-turn-nc-4nt-14t,HumanEval_71,0,True,4.28
two-turn-nc-4nt-14t,HumanEval_71,1,True,4.32
two-turn-nc-4nt-14t,HumanEval_72,0,True,5.07
two-turn-nc-4nt-14t,HumanEval_72,1,True,5.02
two-turn-nc-4nt-14t,HumanEval_73,0,True,4.16
two-turn-nc-4nt-14t,HumanEval_73,1,True,4.17
two-turn-nc-4nt-14t,HumanEval_74,0,True,4.73
two-turn-nc-4nt-14t,HumanEval_74,1,True,4.76
two-turn-nc-4nt-14t,HumanEval_75,0,True,5.74
two-turn-nc-4nt-14t,HumanEval_75,1,True,5.08
two-turn-nc-4nt-14t,HumanEval_76,0,True,3.14
two-turn-nc-4nt-14t,HumanEval_76,1,True,3.12
two-turn-nc-4nt-14t,HumanEval_77,0,True,186.02
two-turn-nc-4nt-14t,HumanEval_77,1,True,194.04
two-turn-nc-4nt-14t,HumanEval_78,0,True,6.27
two-turn-nc-4nt-14t,HumanEval_78,1,True,6.55
two-turn-nc-4nt-14t,HumanEval_79,0,True,4.15
two-turn-nc-4nt-14t,HumanEval_79,1,True,4.28
two-turn-nc-4nt-14t,HumanEval_8,0,True,3.24
two-turn-nc-4nt-14t,HumanEval_8,1,True,3.42
two-turn-nc-4nt-14t,HumanEval_80,0,True,3.11
two-turn-nc-4nt-14t,HumanEval_80,1,True,3.09
two-turn-nc-4nt-14t,HumanEval_81,0,True,187.17
two-turn-nc-4nt-14t,HumanEval_81,1,True,144.13
two-turn-nc-4nt-14t,HumanEval_82,0,True,4.56
two-turn-nc-4nt-14t,HumanEval_82,1,True,4.52
two-turn-nc-4nt-14t,HumanEval_83,0,True,126.34
two-turn-nc-4nt-14t,HumanEval_83,1,True,111.3
two-turn-nc-4nt-14t,HumanEval_84,0,True,4.61
two-turn-nc-4nt-14t,HumanEval_84,1,True,4.54
two-turn-nc-4nt-14t,HumanEval_85,0,True,3.0
two-turn-nc-4nt-14t,HumanEval_85,1,True,2.97
two-turn-nc-4nt-14t,HumanEval_86,0,True,4.06
two-turn-nc-4nt-14t,HumanEval_86,1,True,4.03
two-turn-nc-4nt-14t,HumanEval_87,0,True,5.43
two-turn-nc-4nt-14t,HumanEval_87,1,True,5.39
two-turn-nc-4nt-14t,HumanEval_88,0,True,5.63
two-turn-nc-4nt-14t,HumanEval_88,1,True,5.28
two-turn-nc-4nt-14t,HumanEval_89,0,True,65.07
two-turn-nc-4nt-14t,HumanEval_89,1,True,46.73
two-turn-nc-4nt-14t,HumanEval_9,0,True,3.44
two-turn-nc-4nt-14t,HumanEval_9,1,True,3.64
two-turn-nc-4nt-14t,HumanEval_90,0,True,4.17
two-turn-nc-4nt-14t,HumanEval_90,1,True,3.94
two-turn-nc-4nt-14t,HumanEval_91,0,False,197.15
two-turn-nc-4nt-14t,HumanEval_91,1,False,85.4
two-turn-nc-4nt-14t,HumanEval_92,0,True,4.77
two-turn-nc-4nt-14t,HumanEval_92,1,True,4.78
two-turn-nc-4nt-14t,HumanEval_93,0,True,98.14
two-turn-nc-4nt-14t,HumanEval_93,1,True,4.89
two-turn-nc-4nt-14t,HumanEval_94,0,True,4.67
two-turn-nc-4nt-14t,HumanEval_94,1,True,6.89
two-turn-nc-4nt-14t,HumanEval_95,0,True,75.83
two-turn-nc-4nt-14t,HumanEval_95,1,True,68.73
two-turn-nc-4nt-14t,HumanEval_96,0,True,4.89
two-turn-nc-4nt-14t,HumanEval_96,1,True,64.83
two-turn-nc-4nt-14t,HumanEval_97,0,True,3.65
two-turn-nc-4nt-14t,HumanEval_97,1,True,4.27
two-turn-nc-4nt-14t,HumanEval_98,0,True,3.22
two-turn-nc-4nt-14t,HumanEval_98,1,True,3.25
two-turn-nc-4nt-14t,HumanEval_99,0,True,4.49
two-turn-nc-4nt-14t,HumanEval_99,1,True,4.4
two-turn-nc-4nt-4t,HumanEval_0,0,True,2.39
two-turn-nc-4nt-4t,HumanEval_0,1,True,2.41
two-turn-nc-4nt-4t,HumanEval_1,0,True,150.98
two-turn-nc-4nt-4t,HumanEval_1,1,True,84.23
two-turn-nc-4nt-4t,HumanEval_10,0,True,2.52
two-turn-nc-4nt-4t,HumanEval_10,1,True,21.16
two-turn-nc-4nt-4t,HumanEval_100,0,True,2.34
two-turn-nc-4nt-4t,HumanEval_100,1,True,2.24
two-turn-nc-4nt-4t,HumanEval_101,0,True,12.2
two-turn-nc-4nt-4t,HumanEval_101,1,True,9.11
two-turn-nc-4nt-4t,HumanEval_102,0,True,35.31
two-turn-nc-4nt-4t,HumanEval_102,1,True,39.05
two-turn-nc-4nt-4t,HumanEval_103,0,True,2.88
two-turn-nc-4nt-4t,HumanEval_103,1,True,2.78
two-turn-nc-4nt-4t,HumanEval_104,0,True,2.04
two-turn-nc-4nt-4t,HumanEval_104,1,True,1.95
two-turn-nc-4nt-4t,HumanEval_105,0,True,5.14
two-turn-nc-4nt-4t,HumanEval_105,1,True,5.01
two-turn-nc-4nt-4t,HumanEval_106,0,True,2.75
two-turn-nc-4nt-4t,HumanEval_106,1,True,2.65
two-turn-nc-4nt-4t,HumanEval_107,0,True,3.57
two-turn-nc-4nt-4t,HumanEval_107,1,True,3.49
two-turn-nc-4nt-4t,HumanEval_108,0,True,118.71
two-turn-nc-4nt-4t,HumanEval_108,1,True,64.28
two-turn-nc-4nt-4t,HumanEval_109,0,True,4.58
two-turn-nc-4nt-4t,HumanEval_109,1,True,5.0
two-turn-nc-4nt-4t,HumanEval_11,0,True,2.39
two-turn-nc-4nt-4t,HumanEval_11,1,True,2.4
two-turn-nc-4nt-4t,HumanEval_110,0,True,20.06
two-turn-nc-4nt-4t,HumanEval_110,1,True,23.39
two-turn-nc-4nt-4t,HumanEval_111,0,True,3.24
two-turn-nc-4nt-4t,HumanEval_111,1,True,2.87
two-turn-nc-4nt-4t,HumanEval_112,0,True,2.75
two-turn-nc-4nt-4t,HumanEval_112,1,True,2.64
two-turn-nc-4nt-4t,HumanEval_113,0,True,2.12
two-turn-nc-4nt-4t,HumanEval_113,1,True,1.95
two-turn-nc-4nt-4t,HumanEval_114,0,True,1.69
two-turn-nc-4nt-4t,HumanEval_114,1,True,1.72
two-turn-nc-4nt-4t,HumanEval_115,0,True,4.32
two-turn-nc-4nt-4t,HumanEval_115,1,True,4.3
two-turn-nc-4nt-4t,HumanEval_116,0,True,104.21
two-turn-nc-4nt-4t,HumanEval_116,1,True,156.16
two-turn-nc-4nt-4t,HumanEval_117,0,True,3.03
two-turn-nc-4nt-4t,HumanEval_117,1,True,3.0
two-turn-nc-4nt-4t,HumanEval_118,0,True,69.39
two-turn-nc-4nt-4t,HumanEval_118,1,True,52.05
two-turn-nc-4nt-4t,HumanEval_119,0,True,2.99
two-turn-nc-4nt-4t,HumanEval_119,1,True,3.01
two-turn-nc-4nt-4t,HumanEval_12,0,True,1.77
two-turn-nc-4nt-4t,HumanEval_12,1,True,1.74
two-turn-nc-4nt-4t,HumanEval_120,0,True,20.36
two-turn-nc-4nt-4t,HumanEval_120,1,True,19.6
two-turn-nc-4nt-4t,HumanEval_121,0,True,1.55
two-turn-nc-4nt-4t,HumanEval_121,1,True,1.62
two-turn-nc-4nt-4t,HumanEval_122,0,True,1.93
two-turn-nc-4nt-4t,HumanEval_122,1,True,2.04
two-turn-nc-4nt-4t,HumanEval_123,0,True,3.96
two-turn-nc-4nt-4t,HumanEval_123,1,True,4.03
two-turn-nc-4nt-4t,HumanEval_124,0,True,3.01
two-turn-nc-4nt-4t,HumanEval_124,1,True,3.9
two-turn-nc-4nt-4t,HumanEval_125,0,False,25.38
two-turn-nc-4nt-4t,HumanEval_125,1,True,21.17
two-turn-nc-4nt-4t,HumanEval_126,0,True,4.53
two-turn-nc-4nt-4t,HumanEval_126,1,True,89.64
two-turn-nc-4nt-4t,HumanEval_127,0,True,27.4
two-turn-nc-4nt-4t,HumanEval_127,1,True,36.2
two-turn-nc-4nt-4t,HumanEval_128,0,True,2.47
two-turn-nc-4nt-4t,HumanEval_128,1,True,2.44
two-turn-nc-4nt-4t,HumanEval_129,0,True,9.01
two-turn-nc-4nt-4t,HumanEval_129,1,True,86.34
two-turn-nc-4nt-4t,HumanEval_13,0,True,1.49
two-turn-nc-4nt-4t,HumanEval_13,1,True,1.54
two-turn-nc-4nt-4t,HumanEval_130,0,True,74.66
two-turn-nc-4nt-4t,HumanEval_130,1,True,77.85
two-turn-nc-4nt-4t,HumanEval_131,0,True,1.7
two-turn-nc-4nt-4t,HumanEval_131,1,True,1.77
two-turn-nc-4nt-4t,HumanEval_132,0,False,82.47
two-turn-nc-4nt-4t,HumanEval_132,1,False,51.71
two-turn-nc-4nt-4t,HumanEval_133,0,True,52.38
two-turn-nc-4nt-4t,HumanEval_133,1,True,36.3
two-turn-nc-4nt-4t,HumanEval_134,0,True,2.85
two-turn-nc-4nt-4t,HumanEval_134,1,False,555.13
two-turn-nc-4nt-4t,HumanEval_135,0,True,11.44
two-turn-nc-4nt-4t,HumanEval_135,1,True,14.6
two-turn-nc-4nt-4t,HumanEval_136,0,True,2.41
two-turn-nc-4nt-4t,HumanEval_136,1,True,2.41
two-turn-nc-4nt-4t,HumanEval_137,0,True,2.28
two-turn-nc-4nt-4t,HumanEval_137,1,True,22.07
two-turn-nc-4nt-4t,HumanEval_138,0,True,1.78
two-turn-nc-4nt-4t,HumanEval_138,1,True,2.01
two-turn-nc-4nt-4t,HumanEval_139,0,True,16.77
two-turn-nc-4nt-4t,HumanEval_139,1,True,16.19
two-turn-nc-4nt-4t,HumanEval_14,0,True,1.04
two-turn-nc-4nt-4t,HumanEval_14,1,True,1.14
two-turn-nc-4nt-4t,HumanEval_140,0,False,53.24
two-turn-nc-4nt-4t,HumanEval_140,1,False,21.77
two-turn-nc-4nt-4t,HumanEval_141,0,True,4.38
two-turn-nc-4nt-4t,HumanEval_141,1,True,4.38
two-turn-nc-4nt-4t,HumanEval_142,0,True,14.18
two-turn-nc-4nt-4t,HumanEval_142,1,True,41.12
two-turn-nc-4nt-4t,HumanEval_143,0,True,3.19
two-turn-nc-4nt-4t,HumanEval_143,1,True,3.15
two-turn-nc-4nt-4t,HumanEval_144,0,True,2.38
two-turn-nc-4nt-4t,HumanEval_144,1,True,2.31
two-turn-nc-4nt-4t,HumanEval_145,0,False,172.08
two-turn-nc-4nt-4t,HumanEval_145,1,False,154.77
two-turn-nc-4nt-4t,HumanEval_146,0,True,21.33
two-turn-nc-4nt-4t,HumanEval_146,1,True,2.83
two-turn-nc-4nt-4t,HumanEval_147,0,True,6.34
two-turn-nc-4nt-4t,HumanEval_147,1,True,7.65
two-turn-nc-4nt-4t,HumanEval_148,0,True,4.12
two-turn-nc-4nt-4t,HumanEval_148,1,True,3.67
two-turn-nc-4nt-4t,HumanEval_149,0,True,2.84
two-turn-nc-4nt-4t,HumanEval_149,1,True,2.84
two-turn-nc-4nt-4t,HumanEval_15,0,True,1.07
two-turn-nc-4nt-4t,HumanEval_15,1,True,1.16
two-turn-nc-4nt-4t,HumanEval_150,0,True,2.39
two-turn-nc-4nt-4t,HumanEval_150,1,True,2.39
two-turn-nc-4nt-4t,HumanEval_151,0,True,2.44
two-turn-nc-4nt-4t,HumanEval_151,1,True,2.47
two-turn-nc-4nt-4t,HumanEval_152,0,True,2.86
two-turn-nc-4nt-4t,HumanEval_152,1,True,2.85
two-turn-nc-4nt-4t,HumanEval_153,0,True,24.1
two-turn-nc-4nt-4t,HumanEval_153,1,True,4.19
two-turn-nc-4nt-4t,HumanEval_154,0,True,1.56
two-turn-nc-4nt-4t,HumanEval_154,1,True,1.51
two-turn-nc-4nt-4t,HumanEval_155,0,True,1.91
two-turn-nc-4nt-4t,HumanEval_155,1,True,1.91
two-turn-nc-4nt-4t,HumanEval_156,0,True,2.82
two-turn-nc-4nt-4t,HumanEval_156,1,True,2.25
two-turn-nc-4nt-4t,HumanEval_157,0,True,2.09
two-turn-nc-4nt-4t,HumanEval_157,1,True,2.09
two-turn-nc-4nt-4t,HumanEval_158,0,True,2.3
two-turn-nc-4nt-4t,HumanEval_158,1,True,2.33
two-turn-nc-4nt-4t,HumanEval_159,0,True,20.12
two-turn-nc-4nt-4t,HumanEval_159,1,True,19.99
two-turn-nc-4nt-4t,HumanEval_16,0,True,1.47
two-turn-nc-4nt-4t,HumanEval_16,1,True,1.57
two-turn-nc-4nt-4t,HumanEval_160,0,True,24.08
two-turn-nc-4nt-4t,HumanEval_160,1,True,27.51
two-turn-nc-4nt-4t,HumanEval_161,0,True,2.7
two-turn-nc-4nt-4t,HumanEval_161,1,True,2.73
two-turn-nc-4nt-4t,HumanEval_162,0,True,1.44
two-turn-nc-4nt-4t,HumanEval_162,1,True,1.43
two-turn-nc-4nt-4t,HumanEval_163,0,False,118.3
two-turn-nc-4nt-4t,HumanEval_163,1,True,56.8
two-turn-nc-4nt-4t,HumanEval_17,0,True,2.64
two-turn-nc-4nt-4t,HumanEval_17,1,True,2.51
two-turn-nc-4nt-4t,HumanEval_18,0,True,1.82
two-turn-nc-4nt-4t,HumanEval_18,1,True,1.9
two-turn-nc-4nt-4t,HumanEval_19,0,True,16.18
two-turn-nc-4nt-4t,HumanEval_19,1,True,3.3
two-turn-nc-4nt-4t,HumanEval_2,0,True,1.25
two-turn-nc-4nt-4t,HumanEval_2,1,True,1.29
two-turn-nc-4nt-4t,HumanEval_20,0,True,3.39
two-turn-nc-4nt-4t,HumanEval_20,1,True,3.46
two-turn-nc-4nt-4t,HumanEval_21,0,True,1.94
two-turn-nc-4nt-4t,HumanEval_21,1,True,2.04
two-turn-nc-4nt-4t,HumanEval_22,0,True,1.38
two-turn-nc-4nt-4t,HumanEval_22,1,True,1.46
two-turn-nc-4nt-4t,HumanEval_23,0,True,0.78
two-turn-nc-4nt-4t,HumanEval_23,1,True,0.88
two-turn-nc-4nt-4t,HumanEval_24,0,True,1.62
two-turn-nc-4nt-4t,HumanEval_24,1,True,1.64
two-turn-nc-4nt-4t,HumanEval_25,0,True,2.93
two-turn-nc-4nt-4t,HumanEval_25,1,True,3.02
two-turn-nc-4nt-4t,HumanEval_26,0,True,23.6
two-turn-nc-4nt-4t,HumanEval_26,1,True,23.23
two-turn-nc-4nt-4t,HumanEval_27,0,True,0.9
two-turn-nc-4nt-4t,HumanEval_27,1,True,0.95
two-turn-nc-4nt-4t,HumanEval_28,0,True,0.94
two-turn-nc-4nt-4t,HumanEval_28,1,True,1.05
two-turn-nc-4nt-4t,HumanEval_29,0,True,1.32
two-turn-nc-4nt-4t,HumanEval_29,1,True,1.41
two-turn-nc-4nt-4t,HumanEval_3,0,True,1.45
two-turn-nc-4nt-4t,HumanEval_3,1,True,1.45
two-turn-nc-4nt-4t,HumanEval_30,0,True,1.65
two-turn-nc-4nt-4t,HumanEval_30,1,True,1.72
two-turn-nc-4nt-4t,HumanEval_31,0,True,2.3
two-turn-nc-4nt-4t,HumanEval_31,1,True,2.22
two-turn-nc-4nt-4t,HumanEval_32,0,False,148.6
two-turn-nc-4nt-4t,HumanEval_32,1,False,169.44
two-turn-nc-4nt-4t,HumanEval_33,0,True,3.12
two-turn-nc-4nt-4t,HumanEval_33,1,True,3.24
two-turn-nc-4nt-4t,HumanEval_34,0,True,1.22
two-turn-nc-4nt-4t,HumanEval_34,1,True,1.14
two-turn-nc-4nt-4t,HumanEval_35,0,True,1.3
two-turn-nc-4nt-4t,HumanEval_35,1,True,1.22
two-turn-nc-4nt-4t,HumanEval_36,0,True,1.91
two-turn-nc-4nt-4t,HumanEval_36,1,True,1.82
two-turn-nc-4nt-4t,HumanEval_37,0,True,2.91
two-turn-nc-4nt-4t,HumanEval_37,1,True,2.72
two-turn-nc-4nt-4t,HumanEval_38,0,False,27.68
two-turn-nc-4nt-4t,HumanEval_38,1,False,19.3
two-turn-nc-4nt-4t,HumanEval_39,0,True,2.79
two-turn-nc-4nt-4t,HumanEval_39,1,True,2.61
two-turn-nc-4nt-4t,HumanEval_4,0,True,2.22
two-turn-nc-4nt-4t,HumanEval_4,1,True,2.01
two-turn-nc-4nt-4t,HumanEval_40,0,True,3.63
two-turn-nc-4nt-4t,HumanEval_40,1,True,3.57
two-turn-nc-4nt-4t,HumanEval_41,0,True,1.9
two-turn-nc-4nt-4t,HumanEval_41,1,True,1.88
two-turn-nc-4nt-4t,HumanEval_42,0,True,1.57
two-turn-nc-4nt-4t,HumanEval_42,1,True,1.74
two-turn-nc-4nt-4t,HumanEval_43,0,True,2.23
two-turn-nc-4nt-4t,HumanEval_43,1,True,2.22
two-turn-nc-4nt-4t,HumanEval_44,0,True,1.79
two-turn-nc-4nt-4t,HumanEval_44,1,True,1.79
two-turn-nc-4nt-4t,HumanEval_45,0,True,0.87
two-turn-nc-4nt-4t,HumanEval_45,1,True,0.87
two-turn-nc-4nt-4t,HumanEval_46,0,True,3.24
two-turn-nc-4nt-4t,HumanEval_46,1,True,3.5
two-turn-nc-4nt-4t,HumanEval_47,0,True,1.67
two-turn-nc-4nt-4t,HumanEval_47,1,True,1.68
two-turn-nc-4nt-4t,HumanEval_48,0,True,1.14
two-turn-nc-4nt-4t,HumanEval_48,1,True,1.12
two-turn-nc-4nt-4t,HumanEval_49,0,True,1.98
two-turn-nc-4nt-4t,HumanEval_49,1,True,2.02
two-turn-nc-4nt-4t,HumanEval_5,0,True,1.64
two-turn-nc-4nt-4t,HumanEval_5,1,True,1.66
two-turn-nc-4nt-4t,HumanEval_50,0,False,9.99
two-turn-nc-4nt-4t,HumanEval_50,1,False,17.03
two-turn-nc-4nt-4t,HumanEval_51,0,True,1.83
two-turn-nc-4nt-4t,HumanEval_51,1,True,1.8
two-turn-nc-4nt-4t,HumanEval_52,0,True,1.3
two-turn-nc-4nt-4t,HumanEval_52,1,True,1.3
two-turn-nc-4nt-4t,HumanEval_53,0,True,1.07
two-turn-nc-4nt-4t,HumanEval_53,1,True,1.05
two-turn-nc-4nt-4t,HumanEval_54,0,True,13.17
two-turn-nc-4nt-4t,HumanEval_54,1,True,17.34
two-turn-nc-4nt-4t,HumanEval_55,0,True,1.63
two-turn-nc-4nt-4t,HumanEval_55,1,True,1.28
two-turn-nc-4nt-4t,HumanEval_56,0,True,1.78
two-turn-nc-4nt-4t,HumanEval_56,1,True,1.83
two-turn-nc-4nt-4t,HumanEval_57,0,True,1.74
two-turn-nc-4nt-4t,HumanEval_57,1,True,1.72
two-turn-nc-4nt-4t,HumanEval_58,0,True,2.23
two-turn-nc-4nt-4t,HumanEval_58,1,True,2.22
two-turn-nc-4nt-4t,HumanEval_59,0,True,2.36
two-turn-nc-4nt-4t,HumanEval_59,1,True,2.51
two-turn-nc-4nt-4t,HumanEval_6,0,True,2.19
two-turn-nc-4nt-4t,HumanEval_6,1,True,2.17
two-turn-nc-4nt-4t,HumanEval_60,0,True,1.78
two-turn-nc-4nt-4t,HumanEval_60,1,True,1.77
two-turn-nc-4nt-4t,HumanEval_61,0,True,1.8
two-turn-nc-4nt-4t,HumanEval_61,1,True,1.79
two-turn-nc-4nt-4t,HumanEval_62,0,True,1.61
two-turn-nc-4nt-4t,HumanEval_62,1,True,1.61
two-turn-nc-4nt-4t,HumanEval_63,0,True,2.7
two-turn-nc-4nt-4t,HumanEval_63,1,True,2.7
two-turn-nc-4nt-4t,HumanEval_64,0,True,25.71
two-turn-nc-4nt-4t,HumanEval_64,1,False,20.13
two-turn-nc-4nt-4t,HumanEval_65,0,True,2.2
two-turn-nc-4nt-4t,HumanEval_65,1,True,2.19
two-turn-nc-4nt-4t,HumanEval_66,0,True,0.82
two-turn-nc-4nt-4t,HumanEval_66,1,True,0.81
two-turn-nc-4nt-4t,HumanEval_67,0,True,3.44
two-turn-nc-4nt-4t,HumanEval_67,1,True,3.32
two-turn-nc-4nt-4t,HumanEval_68,0,True,4.56
two-turn-nc-4nt-4t,HumanEval_68,1,True,4.53
two-turn-nc-4nt-4t,HumanEval_69,0,True,2.83
two-turn-nc-4nt-4t,HumanEval_69,1,True,2.86
two-turn-nc-4nt-4t,HumanEval_7,0,True,1.38
two-turn-nc-4nt-4t,HumanEval_7,1,True,1.39
two-turn-nc-4nt-4t,HumanEval_70,0,True,2.5
two-turn-nc-4nt-4t,HumanEval_70,1,True,2.29
two-turn-nc-4nt-4t,HumanEval_71,0,True,2.62
two-turn-nc-4nt-4t,HumanEval_71,1,True,2.59
two-turn-nc-4nt-4t,HumanEval_72,0,True,3.42
two-turn-nc-4nt-4t,HumanEval_72,1,True,3.41
two-turn-nc-4nt-4t,HumanEval_73,0,True,2.54
two-turn-nc-4nt-4t,HumanEval_73,1,True,2.78
two-turn-nc-4nt-4t,HumanEval_74,0,True,3.15
two-turn-nc-4nt-4t,HumanEval_74,1,True,3.13
two-turn-nc-4nt-4t,HumanEval_75,0,True,35.62
two-turn-nc-4nt-4t,HumanEval_75,1,True,2.84
two-turn-nc-4nt-4t,HumanEval_76,0,True,59.03
two-turn-nc-4nt-4t,HumanEval_76,1,True,1.35
two-turn-nc-4nt-4t,HumanEval_77,0,True,55.19
two-turn-nc-4nt-4t,HumanEval_77,1,True,52.74
two-turn-nc-4nt-4t,HumanEval_78,0,True,3.98
two-turn-nc-4nt-4t,HumanEval_78,1,True,4.22
two-turn-nc-4nt-4t,HumanEval_79,0,True,2.54
two-turn-nc-4nt-4t,HumanEval_79,1,True,2.48
two-turn-nc-4nt-4t,HumanEval_8,0,True,1.81
two-turn-nc-4nt-4t,HumanEval_8,1,True,1.8
two-turn-nc-4nt-4t,HumanEval_80,0,True,1.45
two-turn-nc-4nt-4t,HumanEval_80,1,True,2.2
two-turn-nc-4nt-4t,HumanEval_81,0,True,50.49
two-turn-nc-4nt-4t,HumanEval_81,1,True,54.65
two-turn-nc-4nt-4t,HumanEval_82,0,True,2.23
two-turn-nc-4nt-4t,HumanEval_82,1,True,2.23
two-turn-nc-4nt-4t,HumanEval_83,0,True,3.68
two-turn-nc-4nt-4t,HumanEval_83,1,True,40.46
two-turn-nc-4nt-4t,HumanEval_84,0,True,2.28
two-turn-nc-4nt-4t,HumanEval_84,1,True,2.36
two-turn-nc-4nt-4t,HumanEval_85,0,True,1.29
two-turn-nc-4nt-4t,HumanEval_85,1,True,1.37
two-turn-nc-4nt-4t,HumanEval_86,0,True,2.34
two-turn-nc-4nt-4t,HumanEval_86,1,True,2.42
two-turn-nc-4nt-4t,HumanEval_87,0,True,3.78
two-turn-nc-4nt-4t,HumanEval_87,1,True,3.84
two-turn-nc-4nt-4t,HumanEval_88,0,True,3.71
two-turn-nc-4nt-4t,HumanEval_88,1,True,3.89
two-turn-nc-4nt-4t,HumanEval_89,0,True,20.85
two-turn-nc-4nt-4t,HumanEval_89,1,True,21.96
two-turn-nc-4nt-4t,HumanEval_9,0,True,2.02
two-turn-nc-4nt-4t,HumanEval_9,1,True,1.93
two-turn-nc-4nt-4t,HumanEval_90,0,True,2.27
two-turn-nc-4nt-4t,HumanEval_90,1,True,2.28
two-turn-nc-4nt-4t,HumanEval_91,0,True,51.34
two-turn-nc-4nt-4t,HumanEval_91,1,False,92.33
two-turn-nc-4nt-4t,HumanEval_92,0,True,2.4
two-turn-nc-4nt-4t,HumanEval_92,1,True,2.42
two-turn-nc-4nt-4t,HumanEval_93,0,True,3.29
two-turn-nc-4nt-4t,HumanEval_93,1,True,49.29
two-turn-nc-4nt-4t,HumanEval_94,0,True,2.42
two-turn-nc-4nt-4t,HumanEval_94,1,True,2.36
two-turn-nc-4nt-4t,HumanEval_95,0,True,23.29
two-turn-nc-4nt-4t,HumanEval_95,1,True,24.05
two-turn-nc-4nt-4t,HumanEval_96,0,True,2.98
two-turn-nc-4nt-4t,HumanEval_96,1,True,28.27
two-turn-nc-4nt-4t,HumanEval_97,0,True,2.03
two-turn-nc-4nt-4t,HumanEval_97,1,True,2.0
two-turn-nc-4nt-4t,HumanEval_98,0,True,1.81
two-turn-nc-4nt-4t,HumanEval_98,1,True,1.73
two-turn-nc-4nt-4t,HumanEval_99,0,True,2.79
two-turn-nc-4nt-4t,HumanEval_99,1,True,2.73
two-turn-nc-4nt-8t,HumanEval_0,0,True,3.34
two-turn-nc-4nt-8t,HumanEval_0,1,True,3.3
two-turn-nc-4nt-8t,HumanEval_1,0,True,67.09
two-turn-nc-4nt-8t,HumanEval_1,1,True,39.08
two-turn-nc-4nt-8t,HumanEval_10,0,True,145.85
two-turn-nc-4nt-8t,HumanEval_10,1,True,171.05
two-turn-nc-4nt-8t,HumanEval_100,0,True,3.1
two-turn-nc-4nt-8t,HumanEval_100,1,True,3.07
two-turn-nc-4nt-8t,HumanEval_101,0,True,16.44
two-turn-nc-4nt-8t,HumanEval_101,1,True,27.51
two-turn-nc-4nt-8t,HumanEval_102,0,True,63.81
two-turn-nc-4nt-8t,HumanEval_102,1,True,44.91
two-turn-nc-4nt-8t,HumanEval_103,0,True,3.7
two-turn-nc-4nt-8t,HumanEval_103,1,True,3.75
two-turn-nc-4nt-8t,HumanEval_104,0,True,2.8
two-turn-nc-4nt-8t,HumanEval_104,1,True,2.77
two-turn-nc-4nt-8t,HumanEval_105,0,True,5.88
two-turn-nc-4nt-8t,HumanEval_105,1,True,5.84
two-turn-nc-4nt-8t,HumanEval_106,0,True,3.51
two-turn-nc-4nt-8t,HumanEval_106,1,True,3.48
two-turn-nc-4nt-8t,HumanEval_107,0,True,4.33
two-turn-nc-4nt-8t,HumanEval_107,1,True,4.3
two-turn-nc-4nt-8t,HumanEval_108,0,True,48.14
two-turn-nc-4nt-8t,HumanEval_108,1,True,69.49
two-turn-nc-4nt-8t,HumanEval_109,0,True,5.89
two-turn-nc-4nt-8t,HumanEval_109,1,True,6.44
two-turn-nc-4nt-8t,HumanEval_11,0,True,3.77
two-turn-nc-4nt-8t,HumanEval_11,1,True,2.98
two-turn-nc-4nt-8t,HumanEval_110,0,True,46.63
two-turn-nc-4nt-8t,HumanEval_110,1,True,44.61
two-turn-nc-4nt-8t,HumanEval_111,0,True,3.98
two-turn-nc-4nt-8t,HumanEval_111,1,True,3.93
two-turn-nc-4nt-8t,HumanEval_112,0,True,3.48
two-turn-nc-4nt-8t,HumanEval_112,1,True,3.46
two-turn-nc-4nt-8t,HumanEval_113,0,False,49.68
two-turn-nc-4nt-8t,HumanEval_113,1,True,200.17
two-turn-nc-4nt-8t,HumanEval_114,0,True,2.56
two-turn-nc-4nt-8t,HumanEval_114,1,True,2.53
two-turn-nc-4nt-8t,HumanEval_115,0,True,5.14
two-turn-nc-4nt-8t,HumanEval_115,1,True,5.12
two-turn-nc-4nt-8t,HumanEval_116,0,True,3.89
two-turn-nc-4nt-8t,HumanEval_116,1,True,135.5
two-turn-nc-4nt-8t,HumanEval_117,0,True,3.77
two-turn-nc-4nt-8t,HumanEval_117,1,True,3.79
two-turn-nc-4nt-8t,HumanEval_118,0,True,115.61
two-turn-nc-4nt-8t,HumanEval_118,1,True,60.75
two-turn-nc-4nt-8t,HumanEval_119,0,True,3.65
two-turn-nc-4nt-8t,HumanEval_119,1,True,3.8
two-turn-nc-4nt-8t,HumanEval_12,0,True,2.6
two-turn-nc-4nt-8t,HumanEval_12,1,True,2.77
two-turn-nc-4nt-8t,HumanEval_120,0,True,44.36
two-turn-nc-4nt-8t,HumanEval_120,1,True,4.31
two-turn-nc-4nt-8t,HumanEval_121,0,True,2.39
two-turn-nc-4nt-8t,HumanEval_121,1,True,2.34
two-turn-nc-4nt-8t,HumanEval_122,0,True,2.78
two-turn-nc-4nt-8t,HumanEval_122,1,True,2.75
two-turn-nc-4nt-8t,HumanEval_123,0,True,4.79
two-turn-nc-4nt-8t,HumanEval_123,1,True,4.73
two-turn-nc-4nt-8t,HumanEval_124,0,True,4.61
two-turn-nc-4nt-8t,HumanEval_124,1,True,6.02
two-turn-nc-4nt-8t,HumanEval_125,0,True,46.89
two-turn-nc-4nt-8t,HumanEval_125,1,True,59.99
two-turn-nc-4nt-8t,HumanEval_126,0,True,5.52
two-turn-nc-4nt-8t,HumanEval_126,1,True,5.48
two-turn-nc-4nt-8t,HumanEval_127,0,True,54.92
two-turn-nc-4nt-8t,HumanEval_127,1,True,55.65
two-turn-nc-4nt-8t,HumanEval_128,0,True,3.47
two-turn-nc-4nt-8t,HumanEval_128,1,True,3.45
two-turn-nc-4nt-8t,HumanEval_129,0,True,8.83
two-turn-nc-4nt-8t,HumanEval_129,1,True,182.25
two-turn-nc-4nt-8t,HumanEval_13,0,True,2.37
two-turn-nc-4nt-8t,HumanEval_13,1,True,2.38
two-turn-nc-4nt-8t,HumanEval_130,0,False,164.96
two-turn-nc-4nt-8t,HumanEval_130,1,True,77.93
two-turn-nc-4nt-8t,HumanEval_131,0,True,2.94
two-turn-nc-4nt-8t,HumanEval_131,1,True,2.65
two-turn-nc-4nt-8t,HumanEval_132,0,False,69.93
two-turn-nc-4nt-8t,HumanEval_132,1,True,166.88
two-turn-nc-4nt-8t,HumanEval_133,0,True,24.78
two-turn-nc-4nt-8t,HumanEval_133,1,True,69.84
two-turn-nc-4nt-8t,HumanEval_134,0,True,3.81
two-turn-nc-4nt-8t,HumanEval_134,1,True,3.89
two-turn-nc-4nt-8t,HumanEval_135,0,True,26.66
two-turn-nc-4nt-8t,HumanEval_135,1,True,33.35
two-turn-nc-4nt-8t,HumanEval_136,0,True,3.3
two-turn-nc-4nt-8t,HumanEval_136,1,True,3.29
two-turn-nc-4nt-8t,HumanEval_137,0,True,3.28
two-turn-nc-4nt-8t,HumanEval_137,1,True,3.46
two-turn-nc-4nt-8t,HumanEval_138,0,True,2.98
two-turn-nc-4nt-8t,HumanEval_138,1,True,3.09
two-turn-nc-4nt-8t,HumanEval_139,0,True,35.92
two-turn-nc-4nt-8t,HumanEval_139,1,True,47.92
two-turn-nc-4nt-8t,HumanEval_14,0,True,1.96
two-turn-nc-4nt-8t,HumanEval_14,1,True,1.96
two-turn-nc-4nt-8t,HumanEval_140,0,True,35.6
two-turn-nc-4nt-8t,HumanEval_140,1,False,293.97
two-turn-nc-4nt-8t,HumanEval_141,0,True,5.31
two-turn-nc-4nt-8t,HumanEval_141,1,True,5.61
two-turn-nc-4nt-8t,HumanEval_142,0,True,33.26
two-turn-nc-4nt-8t,HumanEval_142,1,True,36.17
two-turn-nc-4nt-8t,HumanEval_143,0,True,3.99
two-turn-nc-4nt-8t,HumanEval_143,1,True,3.99
two-turn-nc-4nt-8t,HumanEval_144,0,True,3.17
two-turn-nc-4nt-8t,HumanEval_144,1,True,3.17
two-turn-nc-4nt-8t,HumanEval_145,0,False,210.04
two-turn-nc-4nt-8t,HumanEval_145,1,False,260.76
two-turn-nc-4nt-8t,HumanEval_146,0,True,47.36
two-turn-nc-4nt-8t,HumanEval_146,1,True,4.03
two-turn-nc-4nt-8t,HumanEval_147,0,True,8.0
two-turn-nc-4nt-8t,HumanEval_147,1,True,7.87
two-turn-nc-4nt-8t,HumanEval_148,0,True,4.97
two-turn-nc-4nt-8t,HumanEval_148,1,True,4.54
two-turn-nc-4nt-8t,HumanEval_149,0,True,3.86
two-turn-nc-4nt-8t,HumanEval_149,1,True,3.67
two-turn-nc-4nt-8t,HumanEval_15,0,True,1.97
two-turn-nc-4nt-8t,HumanEval_15,1,True,2.0
two-turn-nc-4nt-8t,HumanEval_150,0,True,3.25
two-turn-nc-4nt-8t,HumanEval_150,1,True,3.26
two-turn-nc-4nt-8t,HumanEval_151,0,True,3.27
two-turn-nc-4nt-8t,HumanEval_151,1,True,3.28
two-turn-nc-4nt-8t,HumanEval_152,0,True,3.69
two-turn-nc-4nt-8t,HumanEval_152,1,True,3.71
two-turn-nc-4nt-8t,HumanEval_153,0,True,5.03
two-turn-nc-4nt-8t,HumanEval_153,1,True,45.43
two-turn-nc-4nt-8t,HumanEval_154,0,True,2.25
two-turn-nc-4nt-8t,HumanEval_154,1,True,2.53
two-turn-nc-4nt-8t,HumanEval_155,0,True,2.76
two-turn-nc-4nt-8t,HumanEval_155,1,True,2.74
two-turn-nc-4nt-8t,HumanEval_156,0,True,3.73
two-turn-nc-4nt-8t,HumanEval_156,1,True,3.72
two-turn-nc-4nt-8t,HumanEval_157,0,True,2.82
two-turn-nc-4nt-8t,HumanEval_157,1,True,2.89
two-turn-nc-4nt-8t,HumanEval_158,0,True,3.14
two-turn-nc-4nt-8t,HumanEval_158,1,True,3.25
two-turn-nc-4nt-8t,HumanEval_159,0,True,33.73
two-turn-nc-4nt-8t,HumanEval_159,1,True,40.76
two-turn-nc-4nt-8t,HumanEval_16,0,True,2.38
two-turn-nc-4nt-8t,HumanEval_16,1,True,2.42
two-turn-nc-4nt-8t,HumanEval_160,0,True,3.88
two-turn-nc-4nt-8t,HumanEval_160,1,True,40.84
two-turn-nc-4nt-8t,HumanEval_161,0,True,3.53
two-turn-nc-4nt-8t,HumanEval_161,1,True,3.51
two-turn-nc-4nt-8t,HumanEval_162,0,True,2.28
two-turn-nc-4nt-8t,HumanEval_162,1,True,2.25
two-turn-nc-4nt-8t,HumanEval_163,0,False,39.41
two-turn-nc-4nt-8t,HumanEval_163,1,False,46.79
two-turn-nc-4nt-8t,HumanEval_17,0,True,4.06
two-turn-nc-4nt-8t,HumanEval_17,1,True,3.31
two-turn-nc-4nt-8t,HumanEval_18,0,True,2.67
two-turn-nc-4nt-8t,HumanEval_18,1,True,2.67
two-turn-nc-4nt-8t,HumanEval_19,0,True,27.44
two-turn-nc-4nt-8t,HumanEval_19,1,True,4.06
two-turn-nc-4nt-8t,HumanEval_2,0,True,2.16
two-turn-nc-4nt-8t,HumanEval_2,1,True,2.09
two-turn-nc-4nt-8t,HumanEval_20,0,True,4.26
two-turn-nc-4nt-8t,HumanEval_20,1,True,4.23
two-turn-nc-4nt-8t,HumanEval_21,0,True,2.96
two-turn-nc-4nt-8t,HumanEval_21,1,True,2.79
two-turn-nc-4nt-8t,HumanEval_22,0,True,2.25
two-turn-nc-4nt-8t,HumanEval_22,1,True,2.23
two-turn-nc-4nt-8t,HumanEval_23,0,True,1.63
two-turn-nc-4nt-8t,HumanEval_23,1,True,1.62
two-turn-nc-4nt-8t,HumanEval_24,0,True,2.44
two-turn-nc-4nt-8t,HumanEval_24,1,True,2.49
two-turn-nc-4nt-8t,HumanEval_25,0,True,3.74
two-turn-nc-4nt-8t,HumanEval_25,1,True,3.75
two-turn-nc-4nt-8t,HumanEval_26,0,True,32.9
two-turn-nc-4nt-8t,HumanEval_26,1,True,33.83
two-turn-nc-4nt-8t,HumanEval_27,0,True,1.68
two-turn-nc-4nt-8t,HumanEval_27,1,True,1.72
two-turn-nc-4nt-8t,HumanEval_28,0,True,1.78
two-turn-nc-4nt-8t,HumanEval_28,1,True,1.78
two-turn-nc-4nt-8t,HumanEval_29,0,True,2.16
two-turn-nc-4nt-8t,HumanEval_29,1,True,2.16
two-turn-nc-4nt-8t,HumanEval_3,0,True,2.29
two-turn-nc-4nt-8t,HumanEval_3,1,True,2.29
two-turn-nc-4nt-8t,HumanEval_30,0,True,2.65
two-turn-nc-4nt-8t,HumanEval_30,1,True,2.49
two-turn-nc-4nt-8t,HumanEval_31,0,True,3.0
two-turn-nc-4nt-8t,HumanEval_31,1,True,2.98
two-turn-nc-4nt-8t,HumanEval_32,0,False,151.5
two-turn-nc-4nt-8t,HumanEval_32,1,False,205.39
two-turn-nc-4nt-8t,HumanEval_33,0,True,3.9
two-turn-nc-4nt-8t,HumanEval_33,1,True,3.97
two-turn-nc-4nt-8t,HumanEval_34,0,True,1.98
two-turn-nc-4nt-8t,HumanEval_34,1,True,1.98
two-turn-nc-4nt-8t,HumanEval_35,0,True,2.08
two-turn-nc-4nt-8t,HumanEval_35,1,True,2.08
two-turn-nc-4nt-8t,HumanEval_36,0,True,2.7
two-turn-nc-4nt-8t,HumanEval_36,1,True,2.68
two-turn-nc-4nt-8t,HumanEval_37,0,True,3.61
two-turn-nc-4nt-8t,HumanEval_37,1,True,3.63
two-turn-nc-4nt-8t,HumanEval_38,0,False,31.22
two-turn-nc-4nt-8t,HumanEval_38,1,False,23.53
two-turn-nc-4nt-8t,HumanEval_39,0,True,3.56
two-turn-nc-4nt-8t,HumanEval_39,1,True,3.55
two-turn-nc-4nt-8t,HumanEval_4,0,True,2.87
two-turn-nc-4nt-8t,HumanEval_4,1,True,2.87
two-turn-nc-4nt-8t,HumanEval_40,0,True,4.41
two-turn-nc-4nt-8t,HumanEval_40,1,True,3.84
two-turn-nc-4nt-8t,HumanEval_41,0,True,2.73
two-turn-nc-4nt-8t,HumanEval_41,1,True,2.72
two-turn-nc-4nt-8t,HumanEval_42,0,True,2.59
two-turn-nc-4nt-8t,HumanEval_42,1,True,2.42
two-turn-nc-4nt-8t,HumanEval_43,0,True,3.07
two-turn-nc-4nt-8t,HumanEval_43,1,True,3.07
two-turn-nc-4nt-8t,HumanEval_44,0,True,2.66
two-turn-nc-4nt-8t,HumanEval_44,1,True,2.63
two-turn-nc-4nt-8t,HumanEval_45,0,True,1.72
two-turn-nc-4nt-8t,HumanEval_45,1,True,1.71
two-turn-nc-4nt-8t,HumanEval_46,0,True,4.32
two-turn-nc-4nt-8t,HumanEval_46,1,True,4.31
two-turn-nc-4nt-8t,HumanEval_47,0,True,2.52
two-turn-nc-4nt-8t,HumanEval_47,1,True,2.52
two-turn-nc-4nt-8t,HumanEval_48,0,True,1.97
two-turn-nc-4nt-8t,HumanEval_48,1,True,1.96
two-turn-nc-4nt-8t,HumanEval_49,0,True,2.83
two-turn-nc-4nt-8t,HumanEval_49,1,True,2.87
two-turn-nc-4nt-8t,HumanEval_5,0,True,2.49
two-turn-nc-4nt-8t,HumanEval_5,1,True,2.49
two-turn-nc-4nt-8t,HumanEval_50,0,False,36.25
two-turn-nc-4nt-8t,HumanEval_50,1,False,35.79
two-turn-nc-4nt-8t,HumanEval_51,0,True,2.82
two-turn-nc-4nt-8t,HumanEval_51,1,True,2.65
two-turn-nc-4nt-8t,HumanEval_52,0,True,2.14
two-turn-nc-4nt-8t,HumanEval_52,1,True,2.14
two-turn-nc-4nt-8t,HumanEval_53,0,True,1.89
two-turn-nc-4nt-8t,HumanEval_53,1,True,1.89
two-turn-nc-4nt-8t,HumanEval_54,0,True,92.49
two-turn-nc-4nt-8t,HumanEval_54,1,False,161.83
two-turn-nc-4nt-8t,HumanEval_55,0,True,2.32
two-turn-nc-4nt-8t,HumanEval_55,1,True,2.19
two-turn-nc-4nt-8t,HumanEval_56,0,True,2.63
two-turn-nc-4nt-8t,HumanEval_56,1,True,2.62
two-turn-nc-4nt-8t,HumanEval_57,0,True,2.64
two-turn-nc-4nt-8t,HumanEval_57,1,True,2.58
two-turn-nc-4nt-8t,HumanEval_58,0,True,3.07
two-turn-nc-4nt-8t,HumanEval_58,1,True,3.06
two-turn-nc-4nt-8t,HumanEval_59,0,True,3.38
two-turn-nc-4nt-8t,HumanEval_59,1,True,3.18
two-turn-nc-4nt-8t,HumanEval_6,0,True,3.49
two-turn-nc-4nt-8t,HumanEval_6,1,True,3.04
two-turn-nc-4nt-8t,HumanEval_60,0,True,2.62
two-turn-nc-4nt-8t,HumanEval_60,1,True,2.64
two-turn-nc-4nt-8t,HumanEval_61,0,True,2.62
two-turn-nc-4nt-8t,HumanEval_61,1,True,2.63
two-turn-nc-4nt-8t,HumanEval_62,0,True,2.44
two-turn-nc-4nt-8t,HumanEval_62,1,True,2.63
two-turn-nc-4nt-8t,HumanEval_63,0,True,3.63
two-turn-nc-4nt-8t,HumanEval_63,1,True,3.54
two-turn-nc-4nt-8t,HumanEval_64,0,True,78.82
two-turn-nc-4nt-8t,HumanEval_64,1,True,54.39
two-turn-nc-4nt-8t,HumanEval_65,0,True,3.02
two-turn-nc-4nt-8t,HumanEval_65,1,True,3.12
two-turn-nc-4nt-8t,HumanEval_66,0,True,2.54
two-turn-nc-4nt-8t,HumanEval_66,1,True,1.67
two-turn-nc-4nt-8t,HumanEval_67,0,True,4.38
two-turn-nc-4nt-8t,HumanEval_67,1,True,4.13
two-turn-nc-4nt-8t,HumanEval_68,0,True,5.38
two-turn-nc-4nt-8t,HumanEval_68,1,True,5.38
two-turn-nc-4nt-8t,HumanEval_69,0,True,3.66
two-turn-nc-4nt-8t,HumanEval_69,1,True,3.67
two-turn-nc-4nt-8t,HumanEval_7,0,True,2.22
two-turn-nc-4nt-8t,HumanEval_7,1,True,2.4
two-turn-nc-4nt-8t,HumanEval_70,0,True,3.28
two-turn-nc-4nt-8t,HumanEval_70,1,True,3.26
two-turn-nc-4nt-8t,HumanEval_71,0,True,3.54
two-turn-nc-4nt-8t,HumanEval_71,1,True,3.47
two-turn-nc-4nt-8t,HumanEval_72,0,True,4.24
two-turn-nc-4nt-8t,HumanEval_72,1,True,4.25
two-turn-nc-4nt-8t,HumanEval_73,0,True,3.37
two-turn-nc-4nt-8t,HumanEval_73,1,True,3.36
two-turn-nc-4nt-8t,HumanEval_74,0,True,4.04
two-turn-nc-4nt-8t,HumanEval_74,1,True,3.95
two-turn-nc-4nt-8t,HumanEval_75,0,True,3.61
two-turn-nc-4nt-8t,HumanEval_75,1,True,4.56
two-turn-nc-4nt-8t,HumanEval_76,0,True,2.4
two-turn-nc-4nt-8t,HumanEval_76,1,True,2.31
two-turn-nc-4nt-8t,HumanEval_77,0,True,103.92
two-turn-nc-4nt-8t,HumanEval_77,1,True,134.43
two-turn-nc-4nt-8t,HumanEval_78,0,True,4.81
two-turn-nc-4nt-8t,HumanEval_78,1,True,5.07
two-turn-nc-4nt-8t,HumanEval_79,0,True,3.31
two-turn-nc-4nt-8t,HumanEval_79,1,True,3.18
two-turn-nc-4nt-8t,HumanEval_8,0,True,2.65
two-turn-nc-4nt-8t,HumanEval_8,1,True,3.06
two-turn-nc-4nt-8t,HumanEval_80,0,True,2.29
two-turn-nc-4nt-8t,HumanEval_80,1,True,2.29
two-turn-nc-4nt-8t,HumanEval_81,0,True,95.4
two-turn-nc-4nt-8t,HumanEval_81,1,True,90.39
two-turn-nc-4nt-8t,HumanEval_82,0,True,3.05
two-turn-nc-4nt-8t,HumanEval_82,1,True,3.03
two-turn-nc-4nt-8t,HumanEval_83,0,True,3.79
two-turn-nc-4nt-8t,HumanEval_83,1,True,4.18
two-turn-nc-4nt-8t,HumanEval_84,0,True,3.11
two-turn-nc-4nt-8t,HumanEval_84,1,True,3.09
two-turn-nc-4nt-8t,HumanEval_85,0,True,2.16
two-turn-nc-4nt-8t,HumanEval_85,1,True,2.11
two-turn-nc-4nt-8t,HumanEval_86,0,True,3.23
two-turn-nc-4nt-8t,HumanEval_86,1,True,3.1
two-turn-nc-4nt-8t,HumanEval_87,0,True,4.61
two-turn-nc-4nt-8t,HumanEval_87,1,True,4.56
two-turn-nc-4nt-8t,HumanEval_88,0,True,4.55
two-turn-nc-4nt-8t,HumanEval_88,1,True,4.5
two-turn-nc-4nt-8t,HumanEval_89,0,True,5.37
two-turn-nc-4nt-8t,HumanEval_89,1,True,29.15
two-turn-nc-4nt-8t,HumanEval_9,0,True,2.82
two-turn-nc-4nt-8t,HumanEval_9,1,True,2.77
two-turn-nc-4nt-8t,HumanEval_90,0,True,3.04
two-turn-nc-4nt-8t,HumanEval_90,1,True,3.02
two-turn-nc-4nt-8t,HumanEval_91,0,False,77.15
two-turn-nc-4nt-8t,HumanEval_91,1,True,3.22
two-turn-nc-4nt-8t,HumanEval_92,0,True,3.21
two-turn-nc-4nt-8t,HumanEval_92,1,True,3.19
two-turn-nc-4nt-8t,HumanEval_93,0,True,4.07
two-turn-nc-4nt-8t,HumanEval_93,1,True,85.34
two-turn-nc-4nt-8t,HumanEval_94,0,True,3.22
two-turn-nc-4nt-8t,HumanEval_94,1,True,3.15
two-turn-nc-4nt-8t,HumanEval_95,0,True,39.81
two-turn-nc-4nt-8t,HumanEval_95,1,True,38.72
two-turn-nc-4nt-8t,HumanEval_96,0,True,3.75
two-turn-nc-4nt-8t,HumanEval_96,1,True,3.72
two-turn-nc-4nt-8t,HumanEval_97,0,True,2.83
two-turn-nc-4nt-8t,HumanEval_97,1,True,2.8
two-turn-nc-4nt-8t,HumanEval_98,0,True,2.58
two-turn-nc-4nt-8t,HumanEval_98,1,True,2.55
two-turn-nc-4nt-8t,HumanEval_99,0,True,3.57
two-turn-nc-4nt-8t,HumanEval_99,1,True,3.7
two-turn-nc-8nt-1.7t,HumanEval_0,0,True,5.46
two-turn-nc-8nt-1.7t,HumanEval_0,1,True,5.2
two-turn-nc-8nt-1.7t,HumanEval_1,0,True,5.93
two-turn-nc-8nt-1.7t,HumanEval_1,1,True,5.86
two-turn-nc-8nt-1.7t,HumanEval_10,0,True,6.27
two-turn-nc-8nt-1.7t,HumanEval_10,1,True,6.0
two-turn-nc-8nt-1.7t,HumanEval_100,0,True,5.23
two-turn-nc-8nt-1.7t,HumanEval_100,1,True,5.66
two-turn-nc-8nt-1.7t,HumanEval_101,0,True,4.52
two-turn-nc-8nt-1.7t,HumanEval_101,1,True,4.53
two-turn-nc-8nt-1.7t,HumanEval_102,0,False,16.12
two-turn-nc-8nt-1.7t,HumanEval_102,1,True,4.6
two-turn-nc-8nt-1.7t,HumanEval_103,0,False,11.26
two-turn-nc-8nt-1.7t,HumanEval_103,1,False,19.43
two-turn-nc-8nt-1.7t,HumanEval_104,0,True,4.97
two-turn-nc-8nt-1.7t,HumanEval_104,1,True,4.93
two-turn-nc-8nt-1.7t,HumanEval_105,0,True,9.96
two-turn-nc-8nt-1.7t,HumanEval_105,1,True,9.95
two-turn-nc-8nt-1.7t,HumanEval_106,0,True,5.89
two-turn-nc-8nt-1.7t,HumanEval_106,1,True,5.91
two-turn-nc-8nt-1.7t,HumanEval_107,0,True,7.23
two-turn-nc-8nt-1.7t,HumanEval_107,1,True,6.96
two-turn-nc-8nt-1.7t,HumanEval_108,0,True,5.72
two-turn-nc-8nt-1.7t,HumanEval_108,1,True,37.34
two-turn-nc-8nt-1.7t,HumanEval_109,0,True,7.42
two-turn-nc-8nt-1.7t,HumanEval_109,1,True,6.85
two-turn-nc-8nt-1.7t,HumanEval_11,0,True,5.02
two-turn-nc-8nt-1.7t,HumanEval_11,1,True,5.07
two-turn-nc-8nt-1.7t,HumanEval_110,0,True,7.48
two-turn-nc-8nt-1.7t,HumanEval_110,1,True,7.45
two-turn-nc-8nt-1.7t,HumanEval_111,0,True,6.72
two-turn-nc-8nt-1.7t,HumanEval_111,1,True,6.21
two-turn-nc-8nt-1.7t,HumanEval_112,0,True,6.3
two-turn-nc-8nt-1.7t,HumanEval_112,1,True,6.19
two-turn-nc-8nt-1.7t,HumanEval_113,0,True,6.38
two-turn-nc-8nt-1.7t,HumanEval_113,1,True,6.35
two-turn-nc-8nt-1.7t,HumanEval_114,0,True,4.19
two-turn-nc-8nt-1.7t,HumanEval_114,1,True,4.19
two-turn-nc-8nt-1.7t,HumanEval_115,0,True,15.8
two-turn-nc-8nt-1.7t,HumanEval_115,1,True,19.3
two-turn-nc-8nt-1.7t,HumanEval_116,0,True,45.65
two-turn-nc-8nt-1.7t,HumanEval_116,1,True,4.46
two-turn-nc-8nt-1.7t,HumanEval_117,0,True,5.09
two-turn-nc-8nt-1.7t,HumanEval_117,1,True,4.93
two-turn-nc-8nt-1.7t,HumanEval_118,0,True,60.34
two-turn-nc-8nt-1.7t,HumanEval_118,1,True,27.04
two-turn-nc-8nt-1.7t,HumanEval_119,0,True,7.38
two-turn-nc-8nt-1.7t,HumanEval_119,1,True,8.37
two-turn-nc-8nt-1.7t,HumanEval_12,0,True,4.44
two-turn-nc-8nt-1.7t,HumanEval_12,1,True,4.44
two-turn-nc-8nt-1.7t,HumanEval_120,0,True,6.92
two-turn-nc-8nt-1.7t,HumanEval_120,1,True,15.61
two-turn-nc-8nt-1.7t,HumanEval_121,0,True,4.33
two-turn-nc-8nt-1.7t,HumanEval_121,1,True,4.35
two-turn-nc-8nt-1.7t,HumanEval_122,0,True,4.59
two-turn-nc-8nt-1.7t,HumanEval_122,1,True,4.81
two-turn-nc-8nt-1.7t,HumanEval_123,0,True,7.99
two-turn-nc-8nt-1.7t,HumanEval_123,1,True,8.05
two-turn-nc-8nt-1.7t,HumanEval_124,0,True,11.9
two-turn-nc-8nt-1.7t,HumanEval_124,1,True,11.27
two-turn-nc-8nt-1.7t,HumanEval_125,0,True,6.24
two-turn-nc-8nt-1.7t,HumanEval_125,1,True,6.15
two-turn-nc-8nt-1.7t,HumanEval_126,0,True,8.58
two-turn-nc-8nt-1.7t,HumanEval_126,1,True,8.15
two-turn-nc-8nt-1.7t,HumanEval_127,0,True,8.04
two-turn-nc-8nt-1.7t,HumanEval_127,1,True,7.75
two-turn-nc-8nt-1.7t,HumanEval_128,0,True,5.46
two-turn-nc-8nt-1.7t,HumanEval_128,1,True,5.47
two-turn-nc-8nt-1.7t,HumanEval_129,0,True,12.58
two-turn-nc-8nt-1.7t,HumanEval_129,1,True,51.65
two-turn-nc-8nt-1.7t,HumanEval_13,0,True,3.4
two-turn-nc-8nt-1.7t,HumanEval_13,1,True,3.4
two-turn-nc-8nt-1.7t,HumanEval_130,0,False,687.07
two-turn-nc-8nt-1.7t,HumanEval_130,1,False,42.72
two-turn-nc-8nt-1.7t,HumanEval_131,0,True,4.62
two-turn-nc-8nt-1.7t,HumanEval_131,1,True,4.1
two-turn-nc-8nt-1.7t,HumanEval_132,0,False,73.06
two-turn-nc-8nt-1.7t,HumanEval_132,1,False,73.9
two-turn-nc-8nt-1.7t,HumanEval_133,0,True,5.0
two-turn-nc-8nt-1.7t,HumanEval_133,1,True,4.95
two-turn-nc-8nt-1.7t,HumanEval_134,0,False,71.72
two-turn-nc-8nt-1.7t,HumanEval_134,1,False,63.36
two-turn-nc-8nt-1.7t,HumanEval_135,0,True,9.39
two-turn-nc-8nt-1.7t,HumanEval_135,1,True,12.75
two-turn-nc-8nt-1.7t,HumanEval_136,0,True,5.43
two-turn-nc-8nt-1.7t,HumanEval_136,1,True,5.44
two-turn-nc-8nt-1.7t,HumanEval_137,0,True,6.35
two-turn-nc-8nt-1.7t,HumanEval_137,1,True,6.58
two-turn-nc-8nt-1.7t,HumanEval_138,0,True,4.13
two-turn-nc-8nt-1.7t,HumanEval_138,1,True,5.28
two-turn-nc-8nt-1.7t,HumanEval_139,0,True,13.95
two-turn-nc-8nt-1.7t,HumanEval_139,1,True,9.09
two-turn-nc-8nt-1.7t,HumanEval_14,0,True,3.14
two-turn-nc-8nt-1.7t,HumanEval_14,1,True,3.16
two-turn-nc-8nt-1.7t,HumanEval_140,0,True,6.19
two-turn-nc-8nt-1.7t,HumanEval_140,1,False,26.42
two-turn-nc-8nt-1.7t,HumanEval_141,0,True,8.42
two-turn-nc-8nt-1.7t,HumanEval_141,1,True,7.72
two-turn-nc-8nt-1.7t,HumanEval_142,0,True,12.52
two-turn-nc-8nt-1.7t,HumanEval_142,1,True,13.0
two-turn-nc-8nt-1.7t,HumanEval_143,0,True,5.86
two-turn-nc-8nt-1.7t,HumanEval_143,1,True,5.85
two-turn-nc-8nt-1.7t,HumanEval_144,0,True,6.49
two-turn-nc-8nt-1.7t,HumanEval_144,1,True,6.51
two-turn-nc-8nt-1.7t,HumanEval_145,0,False,67.41
two-turn-nc-8nt-1.7t,HumanEval_145,1,False,65.04
two-turn-nc-8nt-1.7t,HumanEval_146,0,True,6.6
two-turn-nc-8nt-1.7t,HumanEval_146,1,True,6.9
two-turn-nc-8nt-1.7t,HumanEval_147,0,True,6.46
two-turn-nc-8nt-1.7t,HumanEval_147,1,True,6.45
two-turn-nc-8nt-1.7t,HumanEval_148,0,True,8.67
two-turn-nc-8nt-1.7t,HumanEval_148,1,True,8.59
two-turn-nc-8nt-1.7t,HumanEval_149,0,True,6.29
two-turn-nc-8nt-1.7t,HumanEval_149,1,True,6.27
two-turn-nc-8nt-1.7t,HumanEval_15,0,True,3.2
two-turn-nc-8nt-1.7t,HumanEval_15,1,True,3.47
two-turn-nc-8nt-1.7t,HumanEval_150,0,True,5.24
two-turn-nc-8nt-1.7t,HumanEval_150,1,True,5.57
two-turn-nc-8nt-1.7t,HumanEval_151,0,True,5.06
two-turn-nc-8nt-1.7t,HumanEval_151,1,True,5.02
two-turn-nc-8nt-1.7t,HumanEval_152,0,True,4.02
two-turn-nc-8nt-1.7t,HumanEval_152,1,True,3.93
two-turn-nc-8nt-1.7t,HumanEval_153,0,True,9.17
two-turn-nc-8nt-1.7t,HumanEval_153,1,True,9.25
two-turn-nc-8nt-1.7t,HumanEval_154,0,True,5.21
two-turn-nc-8nt-1.7t,HumanEval_154,1,True,5.44
two-turn-nc-8nt-1.7t,HumanEval_155,0,True,5.35
two-turn-nc-8nt-1.7t,HumanEval_155,1,True,4.58
two-turn-nc-8nt-1.7t,HumanEval_156,0,True,6.82
two-turn-nc-8nt-1.7t,HumanEval_156,1,True,6.13
two-turn-nc-8nt-1.7t,HumanEval_157,0,True,4.65
two-turn-nc-8nt-1.7t,HumanEval_157,1,True,4.65
two-turn-nc-8nt-1.7t,HumanEval_158,0,True,4.93
two-turn-nc-8nt-1.7t,HumanEval_158,1,True,5.75
two-turn-nc-8nt-1.7t,HumanEval_159,0,True,8.03
two-turn-nc-8nt-1.7t,HumanEval_159,1,True,7.99
two-turn-nc-8nt-1.7t,HumanEval_16,0,True,4.0
two-turn-nc-8nt-1.7t,HumanEval_16,1,True,3.99
two-turn-nc-8nt-1.7t,HumanEval_160,0,True,25.73
two-turn-nc-8nt-1.7t,HumanEval_160,1,False,58.51
two-turn-nc-8nt-1.7t,HumanEval_161,0,True,5.1
two-turn-nc-8nt-1.7t,HumanEval_161,1,True,6.03
two-turn-nc-8nt-1.7t,HumanEval_162,0,True,4.14
two-turn-nc-8nt-1.7t,HumanEval_162,1,True,3.89
two-turn-nc-8nt-1.7t,HumanEval_163,0,False,27.21
two-turn-nc-8nt-1.7t,HumanEval_163,1,False,42.6
two-turn-nc-8nt-1.7t,HumanEval_17,0,True,7.04
two-turn-nc-8nt-1.7t,HumanEval_17,1,True,7.14
two-turn-nc-8nt-1.7t,HumanEval_18,0,True,4.37
two-turn-nc-8nt-1.7t,HumanEval_18,1,True,4.37
two-turn-nc-8nt-1.7t,HumanEval_19,0,True,7.03
two-turn-nc-8nt-1.7t,HumanEval_19,1,True,7.33
two-turn-nc-8nt-1.7t,HumanEval_2,0,True,3.6
two-turn-nc-8nt-1.7t,HumanEval_2,1,True,3.61
two-turn-nc-8nt-1.7t,HumanEval_20,0,True,7.26
two-turn-nc-8nt-1.7t,HumanEval_20,1,True,7.04
two-turn-nc-8nt-1.7t,HumanEval_21,0,True,5.65
two-turn-nc-8nt-1.7t,HumanEval_21,1,True,5.65
two-turn-nc-8nt-1.7t,HumanEval_22,0,True,3.59
two-turn-nc-8nt-1.7t,HumanEval_22,1,True,3.66
two-turn-nc-8nt-1.7t,HumanEval_23,0,True,2.53
two-turn-nc-8nt-1.7t,HumanEval_23,1,True,2.54
two-turn-nc-8nt-1.7t,HumanEval_24,0,True,3.69
two-turn-nc-8nt-1.7t,HumanEval_24,1,True,3.75
two-turn-nc-8nt-1.7t,HumanEval_25,0,True,5.09
two-turn-nc-8nt-1.7t,HumanEval_25,1,True,6.33
two-turn-nc-8nt-1.7t,HumanEval_26,0,False,46.06
two-turn-nc-8nt-1.7t,HumanEval_26,1,True,18.45
two-turn-nc-8nt-1.7t,HumanEval_27,0,True,2.7
two-turn-nc-8nt-1.7t,HumanEval_27,1,True,2.67
two-turn-nc-8nt-1.7t,HumanEval_28,0,True,2.85
two-turn-nc-8nt-1.7t,HumanEval_28,1,True,2.85
two-turn-nc-8nt-1.7t,HumanEval_29,0,True,3.5
two-turn-nc-8nt-1.7t,HumanEval_29,1,True,3.48
two-turn-nc-8nt-1.7t,HumanEval_3,0,True,4.43
two-turn-nc-8nt-1.7t,HumanEval_3,1,True,4.42
two-turn-nc-8nt-1.7t,HumanEval_30,0,True,4.07
two-turn-nc-8nt-1.7t,HumanEval_30,1,True,4.08
two-turn-nc-8nt-1.7t,HumanEval_31,0,True,4.96
two-turn-nc-8nt-1.7t,HumanEval_31,1,True,5.03
two-turn-nc-8nt-1.7t,HumanEval_32,0,False,103.67
two-turn-nc-8nt-1.7t,HumanEval_32,1,False,50.71
two-turn-nc-8nt-1.7t,HumanEval_33,0,True,6.55
two-turn-nc-8nt-1.7t,HumanEval_33,1,True,7.45
two-turn-nc-8nt-1.7t,HumanEval_34,0,True,3.23
two-turn-nc-8nt-1.7t,HumanEval_34,1,True,3.2
two-turn-nc-8nt-1.7t,HumanEval_35,0,True,4.1
two-turn-nc-8nt-1.7t,HumanEval_35,1,True,4.13
two-turn-nc-8nt-1.7t,HumanEval_36,0,True,4.09
two-turn-nc-8nt-1.7t,HumanEval_36,1,True,4.11
two-turn-nc-8nt-1.7t,HumanEval_37,0,True,6.15
two-turn-nc-8nt-1.7t,HumanEval_37,1,True,5.97
two-turn-nc-8nt-1.7t,HumanEval_38,0,True,6.38
two-turn-nc-8nt-1.7t,HumanEval_38,1,True,6.36
two-turn-nc-8nt-1.7t,HumanEval_39,0,True,5.9
two-turn-nc-8nt-1.7t,HumanEval_39,1,True,5.9
two-turn-nc-8nt-1.7t,HumanEval_4,0,True,4.85
two-turn-nc-8nt-1.7t,HumanEval_4,1,True,5.06
two-turn-nc-8nt-1.7t,HumanEval_40,0,True,7.96
two-turn-nc-8nt-1.7t,HumanEval_40,1,True,8.01
two-turn-nc-8nt-1.7t,HumanEval_41,0,True,4.93
two-turn-nc-8nt-1.7t,HumanEval_41,1,True,5.07
two-turn-nc-8nt-1.7t,HumanEval_42,0,True,3.94
two-turn-nc-8nt-1.7t,HumanEval_42,1,True,4.18
two-turn-nc-8nt-1.7t,HumanEval_43,0,True,5.09
two-turn-nc-8nt-1.7t,HumanEval_43,1,True,5.11
two-turn-nc-8nt-1.7t,HumanEval_44,0,True,4.33
two-turn-nc-8nt-1.7t,HumanEval_44,1,True,4.29
two-turn-nc-8nt-1.7t,HumanEval_45,0,True,2.75
two-turn-nc-8nt-1.7t,HumanEval_45,1,True,2.69
two-turn-nc-8nt-1.7t,HumanEval_46,0,True,6.44
two-turn-nc-8nt-1.7t,HumanEval_46,1,True,6.83
two-turn-nc-8nt-1.7t,HumanEval_47,0,True,4.26
two-turn-nc-8nt-1.7t,HumanEval_47,1,True,4.22
two-turn-nc-8nt-1.7t,HumanEval_48,0,True,3.09
two-turn-nc-8nt-1.7t,HumanEval_48,1,True,3.96
two-turn-nc-8nt-1.7t,HumanEval_49,0,True,4.27
two-turn-nc-8nt-1.7t,HumanEval_49,1,True,4.34
two-turn-nc-8nt-1.7t,HumanEval_5,0,True,4.19
two-turn-nc-8nt-1.7t,HumanEval_5,1,True,4.17
two-turn-nc-8nt-1.7t,HumanEval_50,0,True,3.93
two-turn-nc-8nt-1.7t,HumanEval_50,1,True,3.95
two-turn-nc-8nt-1.7t,HumanEval_51,0,True,4.37
two-turn-nc-8nt-1.7t,HumanEval_51,1,True,4.33
two-turn-nc-8nt-1.7t,HumanEval_52,0,True,3.43
two-turn-nc-8nt-1.7t,HumanEval_52,1,True,3.42
two-turn-nc-8nt-1.7t,HumanEval_53,0,True,2.76
two-turn-nc-8nt-1.7t,HumanEval_53,1,True,2.85
two-turn-nc-8nt-1.7t,HumanEval_54,0,True,35.73
two-turn-nc-8nt-1.7t,HumanEval_54,1,True,12.85
two-turn-nc-8nt-1.7t,HumanEval_55,0,True,4.5
two-turn-nc-8nt-1.7t,HumanEval_55,1,True,4.2
two-turn-nc-8nt-1.7t,HumanEval_56,0,True,4.34
two-turn-nc-8nt-1.7t,HumanEval_56,1,True,4.35
two-turn-nc-8nt-1.7t,HumanEval_57,0,True,4.24
two-turn-nc-8nt-1.7t,HumanEval_57,1,True,4.23
two-turn-nc-8nt-1.7t,HumanEval_58,0,True,5.1
two-turn-nc-8nt-1.7t,HumanEval_58,1,True,5.05
two-turn-nc-8nt-1.7t,HumanEval_59,0,True,17.27
two-turn-nc-8nt-1.7t,HumanEval_59,1,True,5.73
two-turn-nc-8nt-1.7t,HumanEval_6,0,True,5.39
two-turn-nc-8nt-1.7t,HumanEval_6,1,True,5.3
two-turn-nc-8nt-1.7t,HumanEval_60,0,True,3.85
two-turn-nc-8nt-1.7t,HumanEval_60,1,True,3.8
two-turn-nc-8nt-1.7t,HumanEval_61,0,True,4.29
two-turn-nc-8nt-1.7t,HumanEval_61,1,True,4.32
two-turn-nc-8nt-1.7t,HumanEval_62,0,True,4.03
two-turn-nc-8nt-1.7t,HumanEval_62,1,True,4.25
two-turn-nc-8nt-1.7t,HumanEval_63,0,True,6.34
two-turn-nc-8nt-1.7t,HumanEval_63,1,True,5.84
two-turn-nc-8nt-1.7t,HumanEval_64,0,False,16.53
two-turn-nc-8nt-1.7t,HumanEval_64,1,True,4.99
two-turn-nc-8nt-1.7t,HumanEval_65,0,True,4.38
two-turn-nc-8nt-1.7t,HumanEval_65,1,True,12.97
two-turn-nc-8nt-1.7t,HumanEval_66,0,True,4.12
two-turn-nc-8nt-1.7t,HumanEval_66,1,True,4.11
two-turn-nc-8nt-1.7t,HumanEval_67,0,True,12.74
two-turn-nc-8nt-1.7t,HumanEval_67,1,False,11.27
two-turn-nc-8nt-1.7t,HumanEval_68,0,True,9.05
two-turn-nc-8nt-1.7t,HumanEval_68,1,True,9.11
two-turn-nc-8nt-1.7t,HumanEval_69,0,True,25.55
two-turn-nc-8nt-1.7t,HumanEval_69,1,True,6.53
two-turn-nc-8nt-1.7t,HumanEval_7,0,True,3.61
two-turn-nc-8nt-1.7t,HumanEval_7,1,True,3.61
two-turn-nc-8nt-1.7t,HumanEval_70,0,True,5.6
two-turn-nc-8nt-1.7t,HumanEval_70,1,True,5.3
two-turn-nc-8nt-1.7t,HumanEval_71,0,True,5.8
two-turn-nc-8nt-1.7t,HumanEval_71,1,True,5.79
two-turn-nc-8nt-1.7t,HumanEval_72,0,True,6.94
two-turn-nc-8nt-1.7t,HumanEval_72,1,True,6.93
two-turn-nc-8nt-1.7t,HumanEval_73,0,True,5.38
two-turn-nc-8nt-1.7t,HumanEval_73,1,True,5.37
two-turn-nc-8nt-1.7t,HumanEval_74,0,True,11.71
two-turn-nc-8nt-1.7t,HumanEval_74,1,True,14.34
two-turn-nc-8nt-1.7t,HumanEval_75,0,True,24.62
two-turn-nc-8nt-1.7t,HumanEval_75,1,True,33.27
two-turn-nc-8nt-1.7t,HumanEval_76,0,True,24.77
two-turn-nc-8nt-1.7t,HumanEval_76,1,True,4.36
two-turn-nc-8nt-1.7t,HumanEval_77,0,False,17.55
two-turn-nc-8nt-1.7t,HumanEval_77,1,False,23.77
two-turn-nc-8nt-1.7t,HumanEval_78,0,True,3.69
two-turn-nc-8nt-1.7t,HumanEval_78,1,True,5.58
two-turn-nc-8nt-1.7t,HumanEval_79,0,True,3.6
two-turn-nc-8nt-1.7t,HumanEval_79,1,True,2.95
two-turn-nc-8nt-1.7t,HumanEval_8,0,True,4.38
two-turn-nc-8nt-1.7t,HumanEval_8,1,True,4.35
two-turn-nc-8nt-1.7t,HumanEval_80,0,True,5.07
two-turn-nc-8nt-1.7t,HumanEval_80,1,True,5.08
two-turn-nc-8nt-1.7t,HumanEval_81,0,True,10.58
two-turn-nc-8nt-1.7t,HumanEval_81,1,True,7.57
two-turn-nc-8nt-1.7t,HumanEval_82,0,True,5.08
two-turn-nc-8nt-1.7t,HumanEval_82,1,True,4.76
two-turn-nc-8nt-1.7t,HumanEval_83,0,True,4.9
two-turn-nc-8nt-1.7t,HumanEval_83,1,False,15.59
two-turn-nc-8nt-1.7t,HumanEval_84,0,True,5.25
two-turn-nc-8nt-1.7t,HumanEval_84,1,True,5.22
two-turn-nc-8nt-1.7t,HumanEval_85,0,True,3.41
two-turn-nc-8nt-1.7t,HumanEval_85,1,True,3.42
two-turn-nc-8nt-1.7t,HumanEval_86,0,True,5.36
two-turn-nc-8nt-1.7t,HumanEval_86,1,True,5.38
two-turn-nc-8nt-1.7t,HumanEval_87,0,True,7.89
two-turn-nc-8nt-1.7t,HumanEval_87,1,True,7.74
two-turn-nc-8nt-1.7t,HumanEval_88,0,True,6.88
two-turn-nc-8nt-1.7t,HumanEval_88,1,True,6.58
two-turn-nc-8nt-1.7t,HumanEval_89,0,True,6.83
two-turn-nc-8nt-1.7t,HumanEval_89,1,True,6.4
two-turn-nc-8nt-1.7t,HumanEval_9,0,True,4.6
two-turn-nc-8nt-1.7t,HumanEval_9,1,True,4.62
two-turn-nc-8nt-1.7t,HumanEval_90,0,True,5.13
two-turn-nc-8nt-1.7t,HumanEval_90,1,True,4.95
two-turn-nc-8nt-1.7t,HumanEval_91,0,False,13.36
two-turn-nc-8nt-1.7t,HumanEval_91,1,False,20.75
two-turn-nc-8nt-1.7t,HumanEval_92,0,True,5.39
two-turn-nc-8nt-1.7t,HumanEval_92,1,True,5.36
two-turn-nc-8nt-1.7t,HumanEval_93,0,True,59.38
two-turn-nc-8nt-1.7t,HumanEval_93,1,False,43.98
two-turn-nc-8nt-1.7t,HumanEval_94,0,True,4.72
two-turn-nc-8nt-1.7t,HumanEval_94,1,True,11.69
two-turn-nc-8nt-1.7t,HumanEval_95,0,True,4.31
two-turn-nc-8nt-1.7t,HumanEval_95,1,True,4.29
two-turn-nc-8nt-1.7t,HumanEval_96,0,True,23.3
two-turn-nc-8nt-1.7t,HumanEval_96,1,True,16.51
two-turn-nc-8nt-1.7t,HumanEval_97,0,True,4.79
two-turn-nc-8nt-1.7t,HumanEval_97,1,True,4.78
two-turn-nc-8nt-1.7t,HumanEval_98,0,True,4.05
two-turn-nc-8nt-1.7t,HumanEval_98,1,True,4.04
two-turn-nc-8nt-1.7t,HumanEval_99,0,True,6.34
two-turn-nc-8nt-1.7t,HumanEval_99,1,True,6.36
two-turn-nc-8nt-14t,HumanEval_0,0,True,6.54
two-turn-nc-8nt-14t,HumanEval_1,0,True,6.91
two-turn-nc-8nt-14t,HumanEval_10,0,True,6.44
two-turn-nc-8nt-14t,HumanEval_11,0,True,5.5
two-turn-nc-8nt-14t,HumanEval_12,0,True,4.8
two-turn-nc-8nt-14t,HumanEval_13,0,,
two-turn-nc-8nt-14t,HumanEval_2,0,True,4.1
two-turn-nc-8nt-14t,HumanEval_3,0,True,5.2
two-turn-nc-8nt-14t,HumanEval_4,0,True,4.84
two-turn-nc-8nt-14t,HumanEval_5,0,True,4.54
two-turn-nc-8nt-14t,HumanEval_6,0,True,5.72
two-turn-nc-8nt-14t,HumanEval_7,0,True,4.12
two-turn-nc-8nt-14t,HumanEval_8,0,True,4.73
two-turn-nc-8nt-14t,HumanEval_9,0,True,4.99
two-turn-nc-8nt-4t,HumanEval_0,0,True,4.01
two-turn-nc-8nt-4t,HumanEval_0,1,True,3.89
two-turn-nc-8nt-4t,HumanEval_1,0,True,4.58
two-turn-nc-8nt-4t,HumanEval_1,1,True,4.5
two-turn-nc-8nt-4t,HumanEval_10,0,True,4.68
two-turn-nc-8nt-4t,HumanEval_10,1,True,4.78
two-turn-nc-8nt-4t,HumanEval_100,0,True,3.95
two-turn-nc-8nt-4t,HumanEval_100,1,True,3.87
two-turn-nc-8nt-4t,HumanEval_101,0,True,3.02
two-turn-nc-8nt-4t,HumanEval_101,1,True,2.93
two-turn-nc-8nt-4t,HumanEval_102,0,False,106.89
two-turn-nc-8nt-4t,HumanEval_102,1,True,3.28
two-turn-nc-8nt-4t,HumanEval_103,0,True,24.33
two-turn-nc-8nt-4t,HumanEval_103,1,True,24.46
two-turn-nc-8nt-4t,HumanEval_104,0,True,3.64
two-turn-nc-8nt-4t,HumanEval_104,1,True,3.56
two-turn-nc-8nt-4t,HumanEval_105,0,True,8.79
two-turn-nc-8nt-4t,HumanEval_105,1,True,8.68
two-turn-nc-8nt-4t,HumanEval_106,0,True,4.56
two-turn-nc-8nt-4t,HumanEval_106,1,True,4.53
two-turn-nc-8nt-4t,HumanEval_107,0,True,5.72
two-turn-nc-8nt-4t,HumanEval_107,1,True,5.79
two-turn-nc-8nt-4t,HumanEval_108,0,True,28.9
two-turn-nc-8nt-4t,HumanEval_108,1,True,4.89
two-turn-nc-8nt-4t,HumanEval_109,0,True,6.03
two-turn-nc-8nt-4t,HumanEval_109,1,True,5.64
two-turn-nc-8nt-4t,HumanEval_11,0,True,3.73
two-turn-nc-8nt-4t,HumanEval_11,1,True,3.72
two-turn-nc-8nt-4t,HumanEval_110,0,True,6.15
two-turn-nc-8nt-4t,HumanEval_110,1,True,6.12
two-turn-nc-8nt-4t,HumanEval_111,0,True,4.55
two-turn-nc-8nt-4t,HumanEval_111,1,True,5.05
two-turn-nc-8nt-4t,HumanEval_112,0,True,4.94
two-turn-nc-8nt-4t,HumanEval_112,1,True,4.89
two-turn-nc-8nt-4t,HumanEval_113,0,True,5.06
two-turn-nc-8nt-4t,HumanEval_113,1,True,5.13
two-turn-nc-8nt-4t,HumanEval_114,0,True,2.89
two-turn-nc-8nt-4t,HumanEval_114,1,True,2.85
two-turn-nc-8nt-4t,HumanEval_115,0,True,17.81
two-turn-nc-8nt-4t,HumanEval_115,1,True,29.15
two-turn-nc-8nt-4t,HumanEval_116,0,True,144.41
two-turn-nc-8nt-4t,HumanEval_116,1,True,121.28
two-turn-nc-8nt-4t,HumanEval_117,0,True,3.57
two-turn-nc-8nt-4t,HumanEval_117,1,True,3.58
two-turn-nc-8nt-4t,HumanEval_118,0,True,100.0
two-turn-nc-8nt-4t,HumanEval_118,1,True,114.61
two-turn-nc-8nt-4t,HumanEval_119,0,True,5.81
two-turn-nc-8nt-4t,HumanEval_119,1,True,5.84
two-turn-nc-8nt-4t,HumanEval_12,0,True,3.09
two-turn-nc-8nt-4t,HumanEval_12,1,True,3.12
two-turn-nc-8nt-4t,HumanEval_120,0,True,5.58
two-turn-nc-8nt-4t,HumanEval_120,1,True,37.77
two-turn-nc-8nt-4t,HumanEval_121,0,True,2.95
two-turn-nc-8nt-4t,HumanEval_121,1,True,3.0
two-turn-nc-8nt-4t,HumanEval_122,0,True,3.24
two-turn-nc-8nt-4t,HumanEval_122,1,True,3.5
two-turn-nc-8nt-4t,HumanEval_123,0,True,6.65
two-turn-nc-8nt-4t,HumanEval_123,1,True,6.31
two-turn-nc-8nt-4t,HumanEval_124,0,True,10.65
two-turn-nc-8nt-4t,HumanEval_124,1,True,10.54
two-turn-nc-8nt-4t,HumanEval_125,0,True,4.83
two-turn-nc-8nt-4t,HumanEval_125,1,True,4.9
two-turn-nc-8nt-4t,HumanEval_126,0,True,7.27
two-turn-nc-8nt-4t,HumanEval_126,1,True,7.24
two-turn-nc-8nt-4t,HumanEval_127,0,True,6.45
two-turn-nc-8nt-4t,HumanEval_127,1,True,6.43
two-turn-nc-8nt-4t,HumanEval_128,0,True,4.22
two-turn-nc-8nt-4t,HumanEval_128,1,True,4.15
two-turn-nc-8nt-4t,HumanEval_129,0,True,18.95
two-turn-nc-8nt-4t,HumanEval_129,1,True,17.18
two-turn-nc-8nt-4t,HumanEval_13,0,True,1.98
two-turn-nc-8nt-4t,HumanEval_13,1,True,2.0
two-turn-nc-8nt-4t,HumanEval_130,0,True,149.29
two-turn-nc-8nt-4t,HumanEval_130,1,True,122.25
two-turn-nc-8nt-4t,HumanEval_131,0,True,2.73
two-turn-nc-8nt-4t,HumanEval_131,1,True,2.82
two-turn-nc-8nt-4t,HumanEval_132,0,False,67.22
two-turn-nc-8nt-4t,HumanEval_132,1,False,27.41
two-turn-nc-8nt-4t,HumanEval_133,0,True,3.67
two-turn-nc-8nt-4t,HumanEval_133,1,True,3.6
two-turn-nc-8nt-4t,HumanEval_134,0,False,557.56
two-turn-nc-8nt-4t,HumanEval_134,1,False,133.27
two-turn-nc-8nt-4t,HumanEval_135,0,True,14.6
two-turn-nc-8nt-4t,HumanEval_135,1,True,15.42
two-turn-nc-8nt-4t,HumanEval_136,0,True,4.22
two-turn-nc-8nt-4t,HumanEval_136,1,True,4.09
two-turn-nc-8nt-4t,HumanEval_137,0,True,5.02
two-turn-nc-8nt-4t,HumanEval_137,1,True,5.03
two-turn-nc-8nt-4t,HumanEval_138,0,True,2.74
two-turn-nc-8nt-4t,HumanEval_138,1,True,3.77
two-turn-nc-8nt-4t,HumanEval_139,0,True,15.17
two-turn-nc-8nt-4t,HumanEval_139,1,True,18.97
two-turn-nc-8nt-4t,HumanEval_14,0,True,1.79
two-turn-nc-8nt-4t,HumanEval_14,1,True,1.8
two-turn-nc-8nt-4t,HumanEval_140,0,True,4.66
two-turn-nc-8nt-4t,HumanEval_140,1,True,4.63
two-turn-nc-8nt-4t,HumanEval_141,0,True,6.39
two-turn-nc-8nt-4t,HumanEval_141,1,True,7.28
two-turn-nc-8nt-4t,HumanEval_142,0,True,86.77
two-turn-nc-8nt-4t,HumanEval_142,1,True,19.2
two-turn-nc-8nt-4t,HumanEval_143,0,True,4.6
two-turn-nc-8nt-4t,HumanEval_143,1,True,4.57
two-turn-nc-8nt-4t,HumanEval_144,0,True,5.13
two-turn-nc-8nt-4t,HumanEval_144,1,True,5.14
two-turn-nc-8nt-4t,HumanEval_145,0,False,170.47
two-turn-nc-8nt-4t,HumanEval_145,1,False,150.74
two-turn-nc-8nt-4t,HumanEval_146,0,True,5.35
two-turn-nc-8nt-4t,HumanEval_146,1,True,5.33
two-turn-nc-8nt-4t,HumanEval_147,0,True,5.16
two-turn-nc-8nt-4t,HumanEval_147,1,True,5.1
two-turn-nc-8nt-4t,HumanEval_148,0,True,7.34
two-turn-nc-8nt-4t,HumanEval_148,1,True,7.28
two-turn-nc-8nt-4t,HumanEval_149,0,True,4.94
two-turn-nc-8nt-4t,HumanEval_149,1,True,4.99
two-turn-nc-8nt-4t,HumanEval_15,0,True,1.89
two-turn-nc-8nt-4t,HumanEval_15,1,True,1.87
two-turn-nc-8nt-4t,HumanEval_150,0,True,3.93
two-turn-nc-8nt-4t,HumanEval_150,1,True,3.41
two-turn-nc-8nt-4t,HumanEval_151,0,True,3.71
two-turn-nc-8nt-4t,HumanEval_151,1,True,3.69
two-turn-nc-8nt-4t,HumanEval_152,0,True,2.92
two-turn-nc-8nt-4t,HumanEval_152,1,True,2.58
two-turn-nc-8nt-4t,HumanEval_153,0,True,7.88
two-turn-nc-8nt-4t,HumanEval_153,1,True,7.85
two-turn-nc-8nt-4t,HumanEval_154,0,True,4.39
two-turn-nc-8nt-4t,HumanEval_154,1,True,4.34
two-turn-nc-8nt-4t,HumanEval_155,0,True,3.49
two-turn-nc-8nt-4t,HumanEval_155,1,True,3.25
two-turn-nc-8nt-4t,HumanEval_156,0,True,4.83
two-turn-nc-8nt-4t,HumanEval_156,1,True,4.84
two-turn-nc-8nt-4t,HumanEval_157,0,True,3.34
two-turn-nc-8nt-4t,HumanEval_157,1,True,3.32
two-turn-nc-8nt-4t,HumanEval_158,0,True,3.58
two-turn-nc-8nt-4t,HumanEval_158,1,True,3.71
two-turn-nc-8nt-4t,HumanEval_159,0,True,6.68
two-turn-nc-8nt-4t,HumanEval_159,1,True,6.66
two-turn-nc-8nt-4t,HumanEval_16,0,True,2.68
two-turn-nc-8nt-4t,HumanEval_16,1,True,2.53
two-turn-nc-8nt-4t,HumanEval_160,0,True,30.02
two-turn-nc-8nt-4t,HumanEval_160,1,True,31.98
two-turn-nc-8nt-4t,HumanEval_161,0,True,4.58
two-turn-nc-8nt-4t,HumanEval_161,1,True,4.6
two-turn-nc-8nt-4t,HumanEval_162,0,True,2.53
two-turn-nc-8nt-4t,HumanEval_162,1,True,2.57
two-turn-nc-8nt-4t,HumanEval_163,0,True,65.56
two-turn-nc-8nt-4t,HumanEval_163,1,False,47.32
two-turn-nc-8nt-4t,HumanEval_17,0,True,6.02
two-turn-nc-8nt-4t,HumanEval_17,1,True,5.9
two-turn-nc-8nt-4t,HumanEval_18,0,True,3.11
two-turn-nc-8nt-4t,HumanEval_18,1,True,3.09
two-turn-nc-8nt-4t,HumanEval_19,0,True,5.79
two-turn-nc-8nt-4t,HumanEval_19,1,True,5.74
two-turn-nc-8nt-4t,HumanEval_2,0,True,2.33
two-turn-nc-8nt-4t,HumanEval_2,1,True,2.25
two-turn-nc-8nt-4t,HumanEval_20,0,True,5.89
two-turn-nc-8nt-4t,HumanEval_20,1,True,5.73
two-turn-nc-8nt-4t,HumanEval_21,0,True,4.36
two-turn-nc-8nt-4t,HumanEval_21,1,True,4.31
two-turn-nc-8nt-4t,HumanEval_22,0,True,2.28
two-turn-nc-8nt-4t,HumanEval_22,1,True,2.3
two-turn-nc-8nt-4t,HumanEval_23,0,True,1.19
two-turn-nc-8nt-4t,HumanEval_23,1,True,1.26
two-turn-nc-8nt-4t,HumanEval_24,0,True,2.37
two-turn-nc-8nt-4t,HumanEval_24,1,True,2.59
two-turn-nc-8nt-4t,HumanEval_25,0,True,4.78
two-turn-nc-8nt-4t,HumanEval_25,1,True,4.87
two-turn-nc-8nt-4t,HumanEval_26,0,True,15.47
two-turn-nc-8nt-4t,HumanEval_26,1,True,56.57
two-turn-nc-8nt-4t,HumanEval_27,0,True,1.31
two-turn-nc-8nt-4t,HumanEval_27,1,True,1.4
two-turn-nc-8nt-4t,HumanEval_28,0,True,1.48
two-turn-nc-8nt-4t,HumanEval_28,1,True,1.58
two-turn-nc-8nt-4t,HumanEval_29,0,True,2.16
two-turn-nc-8nt-4t,HumanEval_29,1,True,2.22
two-turn-nc-8nt-4t,HumanEval_3,0,True,3.15
two-turn-nc-8nt-4t,HumanEval_3,1,True,3.05
two-turn-nc-8nt-4t,HumanEval_30,0,True,2.75
two-turn-nc-8nt-4t,HumanEval_30,1,True,2.79
two-turn-nc-8nt-4t,HumanEval_31,0,True,3.64
two-turn-nc-8nt-4t,HumanEval_31,1,True,3.69
two-turn-nc-8nt-4t,HumanEval_32,0,False,131.64
two-turn-nc-8nt-4t,HumanEval_32,1,False,92.93
two-turn-nc-8nt-4t,HumanEval_33,0,True,5.67
two-turn-nc-8nt-4t,HumanEval_33,1,True,5.85
two-turn-nc-8nt-4t,HumanEval_34,0,True,1.87
two-turn-nc-8nt-4t,HumanEval_34,1,True,1.84
two-turn-nc-8nt-4t,HumanEval_35,0,True,2.79
two-turn-nc-8nt-4t,HumanEval_35,1,True,2.71
two-turn-nc-8nt-4t,HumanEval_36,0,True,2.76
two-turn-nc-8nt-4t,HumanEval_36,1,True,2.72
two-turn-nc-8nt-4t,HumanEval_37,0,True,4.46
two-turn-nc-8nt-4t,HumanEval_37,1,True,4.59
two-turn-nc-8nt-4t,HumanEval_38,0,True,5.2
two-turn-nc-8nt-4t,HumanEval_38,1,True,5.1
two-turn-nc-8nt-4t,HumanEval_39,0,True,4.57
two-turn-nc-8nt-4t,HumanEval_39,1,True,4.54
two-turn-nc-8nt-4t,HumanEval_4,0,True,3.72
two-turn-nc-8nt-4t,HumanEval_4,1,True,3.51
two-turn-nc-8nt-4t,HumanEval_40,0,True,6.22
two-turn-nc-8nt-4t,HumanEval_40,1,True,5.69
two-turn-nc-8nt-4t,HumanEval_41,0,True,3.7
two-turn-nc-8nt-4t,HumanEval_41,1,True,4.34
two-turn-nc-8nt-4t,HumanEval_42,0,True,2.63
two-turn-nc-8nt-4t,HumanEval_42,1,True,2.6
two-turn-nc-8nt-4t,HumanEval_43,0,True,3.83
two-turn-nc-8nt-4t,HumanEval_43,1,True,3.78
two-turn-nc-8nt-4t,HumanEval_44,0,True,3.0
two-turn-nc-8nt-4t,HumanEval_44,1,True,2.96
two-turn-nc-8nt-4t,HumanEval_45,0,True,1.42
two-turn-nc-8nt-4t,HumanEval_45,1,True,1.38
two-turn-nc-8nt-4t,HumanEval_46,0,True,4.75
two-turn-nc-8nt-4t,HumanEval_46,1,True,5.37
two-turn-nc-8nt-4t,HumanEval_47,0,True,2.98
two-turn-nc-8nt-4t,HumanEval_47,1,True,2.89
two-turn-nc-8nt-4t,HumanEval_48,0,True,1.87
two-turn-nc-8nt-4t,HumanEval_48,1,True,1.78
two-turn-nc-8nt-4t,HumanEval_49,0,True,2.92
two-turn-nc-8nt-4t,HumanEval_49,1,True,2.98
two-turn-nc-8nt-4t,HumanEval_5,0,True,2.69
two-turn-nc-8nt-4t,HumanEval_5,1,True,2.77
two-turn-nc-8nt-4t,HumanEval_50,0,True,2.68
two-turn-nc-8nt-4t,HumanEval_50,1,True,2.59
two-turn-nc-8nt-4t,HumanEval_51,0,True,3.1
two-turn-nc-8nt-4t,HumanEval_51,1,True,3.04
two-turn-nc-8nt-4t,HumanEval_52,0,True,2.12
two-turn-nc-8nt-4t,HumanEval_52,1,True,2.09
two-turn-nc-8nt-4t,HumanEval_53,0,True,1.5
two-turn-nc-8nt-4t,HumanEval_53,1,True,1.41
two-turn-nc-8nt-4t,HumanEval_54,0,True,18.8
two-turn-nc-8nt-4t,HumanEval_54,1,True,19.19
two-turn-nc-8nt-4t,HumanEval_55,0,True,2.95
two-turn-nc-8nt-4t,HumanEval_55,1,True,2.89
two-turn-nc-8nt-4t,HumanEval_56,0,True,3.07
two-turn-nc-8nt-4t,HumanEval_56,1,True,2.99
two-turn-nc-8nt-4t,HumanEval_57,0,True,2.98
two-turn-nc-8nt-4t,HumanEval_57,1,True,2.91
two-turn-nc-8nt-4t,HumanEval_58,0,True,3.79
two-turn-nc-8nt-4t,HumanEval_58,1,True,3.66
two-turn-nc-8nt-4t,HumanEval_59,0,True,4.07
two-turn-nc-8nt-4t,HumanEval_59,1,True,3.97
two-turn-nc-8nt-4t,HumanEval_6,0,True,4.04
two-turn-nc-8nt-4t,HumanEval_6,1,True,4.04
two-turn-nc-8nt-4t,HumanEval_60,0,True,2.55
two-turn-nc-8nt-4t,HumanEval_60,1,True,2.48
two-turn-nc-8nt-4t,HumanEval_61,0,True,3.02
two-turn-nc-8nt-4t,HumanEval_61,1,True,2.93
two-turn-nc-8nt-4t,HumanEval_62,0,True,2.7
two-turn-nc-8nt-4t,HumanEval_62,1,True,2.68
two-turn-nc-8nt-4t,HumanEval_63,0,True,4.53
two-turn-nc-8nt-4t,HumanEval_63,1,True,4.51
two-turn-nc-8nt-4t,HumanEval_64,0,True,29.56
two-turn-nc-8nt-4t,HumanEval_64,1,True,3.7
two-turn-nc-8nt-4t,HumanEval_65,0,True,19.65
two-turn-nc-8nt-4t,HumanEval_65,1,True,19.71
two-turn-nc-8nt-4t,HumanEval_66,0,True,2.81
two-turn-nc-8nt-4t,HumanEval_66,1,True,2.79
two-turn-nc-8nt-4t,HumanEval_67,0,True,15.59
two-turn-nc-8nt-4t,HumanEval_67,1,True,16.4
two-turn-nc-8nt-4t,HumanEval_68,0,True,7.74
two-turn-nc-8nt-4t,HumanEval_68,1,True,7.69
two-turn-nc-8nt-4t,HumanEval_69,0,True,4.66
two-turn-nc-8nt-4t,HumanEval_69,1,True,4.22
two-turn-nc-8nt-4t,HumanEval_7,0,True,2.29
two-turn-nc-8nt-4t,HumanEval_7,1,True,2.28
two-turn-nc-8nt-4t,HumanEval_70,0,True,28.71
two-turn-nc-8nt-4t,HumanEval_70,1,True,3.96
two-turn-nc-8nt-4t,HumanEval_71,0,True,4.47
two-turn-nc-8nt-4t,HumanEval_71,1,True,4.49
two-turn-nc-8nt-4t,HumanEval_72,0,True,5.61
two-turn-nc-8nt-4t,HumanEval_72,1,True,5.61
two-turn-nc-8nt-4t,HumanEval_73,0,True,4.05
two-turn-nc-8nt-4t,HumanEval_73,1,True,4.05
two-turn-nc-8nt-4t,HumanEval_74,0,True,15.69
two-turn-nc-8nt-4t,HumanEval_74,1,True,15.08
two-turn-nc-8nt-4t,HumanEval_75,0,True,4.03
two-turn-nc-8nt-4t,HumanEval_75,1,True,4.02
two-turn-nc-8nt-4t,HumanEval_76,0,True,113.2
two-turn-nc-8nt-4t,HumanEval_76,1,True,2.79
two-turn-nc-8nt-4t,HumanEval_77,0,True,57.91
two-turn-nc-8nt-4t,HumanEval_77,1,True,61.28
two-turn-nc-8nt-4t,HumanEval_78,0,True,4.09
two-turn-nc-8nt-4t,HumanEval_78,1,True,4.2
two-turn-nc-8nt-4t,HumanEval_79,0,True,2.29
two-turn-nc-8nt-4t,HumanEval_79,1,True,1.55
two-turn-nc-8nt-4t,HumanEval_8,0,True,3.02
two-turn-nc-8nt-4t,HumanEval_8,1,True,3.02
two-turn-nc-8nt-4t,HumanEval_80,0,True,3.76
two-turn-nc-8nt-4t,HumanEval_80,1,True,3.74
two-turn-nc-8nt-4t,HumanEval_81,0,True,6.27
two-turn-nc-8nt-4t,HumanEval_81,1,True,48.31
two-turn-nc-8nt-4t,HumanEval_82,0,True,3.41
two-turn-nc-8nt-4t,HumanEval_82,1,True,3.22
two-turn-nc-8nt-4t,HumanEval_83,0,True,3.6
two-turn-nc-8nt-4t,HumanEval_83,1,True,3.53
two-turn-nc-8nt-4t,HumanEval_84,0,True,3.85
two-turn-nc-8nt-4t,HumanEval_84,1,True,3.88
two-turn-nc-8nt-4t,HumanEval_85,0,True,2.1
two-turn-nc-8nt-4t,HumanEval_85,1,True,2.12
two-turn-nc-8nt-4t,HumanEval_86,0,True,3.94
two-turn-nc-8nt-4t,HumanEval_86,1,True,4.12
two-turn-nc-8nt-4t,HumanEval_87,0,True,6.53
two-turn-nc-8nt-4t,HumanEval_87,1,True,6.64
two-turn-nc-8nt-4t,HumanEval_88,0,True,5.54
two-turn-nc-8nt-4t,HumanEval_88,1,True,5.28
two-turn-nc-8nt-4t,HumanEval_89,0,True,5.06
two-turn-nc-8nt-4t,HumanEval_89,1,True,4.57
two-turn-nc-8nt-4t,HumanEval_9,0,True,3.26
two-turn-nc-8nt-4t,HumanEval_9,1,True,3.24
two-turn-nc-8nt-4t,HumanEval_90,0,True,3.56
two-turn-nc-8nt-4t,HumanEval_90,1,True,4.27
two-turn-nc-8nt-4t,HumanEval_91,0,False,36.25
two-turn-nc-8nt-4t,HumanEval_91,1,True,64.74
two-turn-nc-8nt-4t,HumanEval_92,0,True,4.07
two-turn-nc-8nt-4t,HumanEval_92,1,True,4.08
two-turn-nc-8nt-4t,HumanEval_93,0,True,59.65
two-turn-nc-8nt-4t,HumanEval_93,1,True,63.72
two-turn-nc-8nt-4t,HumanEval_94,0,True,9.76
two-turn-nc-8nt-4t,HumanEval_94,1,True,8.82
two-turn-nc-8nt-4t,HumanEval_95,0,True,3.04
two-turn-nc-8nt-4t,HumanEval_95,1,True,3.0
two-turn-nc-8nt-4t,HumanEval_96,0,True,43.5
two-turn-nc-8nt-4t,HumanEval_96,1,True,40.77
two-turn-nc-8nt-4t,HumanEval_97,0,True,3.19
two-turn-nc-8nt-4t,HumanEval_97,1,True,3.51
two-turn-nc-8nt-4t,HumanEval_98,0,True,2.77
two-turn-nc-8nt-4t,HumanEval_98,1,True,2.71
two-turn-nc-8nt-4t,HumanEval_99,0,True,5.47
two-turn-nc-8nt-4t,HumanEval_99,1,True,5.95
two-turn-nc-8nt-8t,HumanEval_0,0,True,4.14
two-turn-nc-8nt-8t,HumanEval_0,1,True,3.86
two-turn-nc-8nt-8t,HumanEval_1,0,True,4.6
two-turn-nc-8nt-8t,HumanEval_1,1,True,5.25
two-turn-nc-8nt-8t,HumanEval_10,0,True,4.66
two-turn-nc-8nt-8t,HumanEval_10,1,True,4.14
two-turn-nc-8nt-8t,HumanEval_100,0,True,3.86
two-turn-nc-8nt-8t,HumanEval_100,1,True,3.87
two-turn-nc-8nt-8t,HumanEval_101,0,True,2.96
two-turn-nc-8nt-8t,HumanEval_101,1,True,2.95
two-turn-nc-8nt-8t,HumanEval_102,0,True,36.88
two-turn-nc-8nt-8t,HumanEval_102,1,True,62.17
two-turn-nc-8nt-8t,HumanEval_103,0,True,4.17
two-turn-nc-8nt-8t,HumanEval_103,1,True,40.51
two-turn-nc-8nt-8t,HumanEval_104,0,True,3.54
two-turn-nc-8nt-8t,HumanEval_104,1,True,3.55
two-turn-nc-8nt-8t,HumanEval_105,0,True,8.72
two-turn-nc-8nt-8t,HumanEval_105,1,True,8.5
two-turn-nc-8nt-8t,HumanEval_106,0,True,4.53
two-turn-nc-8nt-8t,HumanEval_106,1,True,4.51
two-turn-nc-8nt-8t,HumanEval_107,0,True,5.81
two-turn-nc-8nt-8t,HumanEval_107,1,True,5.66
two-turn-nc-8nt-8t,HumanEval_108,0,True,4.55
two-turn-nc-8nt-8t,HumanEval_108,1,True,5.07
two-turn-nc-8nt-8t,HumanEval_109,0,True,59.08
two-turn-nc-8nt-8t,HumanEval_109,1,True,5.26
two-turn-nc-8nt-8t,HumanEval_11,0,True,3.72
two-turn-nc-8nt-8t,HumanEval_11,1,True,3.72
two-turn-nc-8nt-8t,HumanEval_110,0,True,6.32
two-turn-nc-8nt-8t,HumanEval_110,1,True,6.13
two-turn-nc-8nt-8t,HumanEval_111,0,True,5.09
two-turn-nc-8nt-8t,HumanEval_111,1,True,5.08
two-turn-nc-8nt-8t,HumanEval_112,0,True,4.89
two-turn-nc-8nt-8t,HumanEval_112,1,True,4.8
two-turn-nc-8nt-8t,HumanEval_113,0,True,5.03
two-turn-nc-8nt-8t,HumanEval_113,1,True,5.05
two-turn-nc-8nt-8t,HumanEval_114,0,True,2.84
two-turn-nc-8nt-8t,HumanEval_114,1,True,2.82
two-turn-nc-8nt-8t,HumanEval_115,0,True,42.2
two-turn-nc-8nt-8t,HumanEval_115,1,True,44.43
two-turn-nc-8nt-8t,HumanEval_116,0,True,177.18
two-turn-nc-8nt-8t,HumanEval_116,1,False,165.59
two-turn-nc-8nt-8t,HumanEval_117,0,True,3.67
two-turn-nc-8nt-8t,HumanEval_117,1,True,3.61
two-turn-nc-8nt-8t,HumanEval_118,0,True,82.24
two-turn-nc-8nt-8t,HumanEval_118,1,True,97.89
two-turn-nc-8nt-8t,HumanEval_119,0,True,7.07
two-turn-nc-8nt-8t,HumanEval_119,1,True,7.15
two-turn-nc-8nt-8t,HumanEval_12,0,True,3.1
two-turn-nc-8nt-8t,HumanEval_12,1,True,3.11
two-turn-nc-8nt-8t,HumanEval_120,0,True,5.61
two-turn-nc-8nt-8t,HumanEval_120,1,True,5.56
two-turn-nc-8nt-8t,HumanEval_121,0,True,3.0
two-turn-nc-8nt-8t,HumanEval_121,1,True,3.02
two-turn-nc-8nt-8t,HumanEval_122,0,True,3.51
two-turn-nc-8nt-8t,HumanEval_122,1,True,3.52
two-turn-nc-8nt-8t,HumanEval_123,0,True,6.68
two-turn-nc-8nt-8t,HumanEval_123,1,True,6.63
two-turn-nc-8nt-8t,HumanEval_124,0,True,10.5
two-turn-nc-8nt-8t,HumanEval_124,1,True,10.89
two-turn-nc-8nt-8t,HumanEval_125,0,True,4.89
two-turn-nc-8nt-8t,HumanEval_125,1,True,4.88
two-turn-nc-8nt-8t,HumanEval_126,0,True,6.28
two-turn-nc-8nt-8t,HumanEval_126,1,True,7.27
two-turn-nc-8nt-8t,HumanEval_127,0,True,6.47
two-turn-nc-8nt-8t,HumanEval_127,1,True,6.41
two-turn-nc-8nt-8t,HumanEval_128,0,True,4.18
two-turn-nc-8nt-8t,HumanEval_128,1,True,4.13
two-turn-nc-8nt-8t,HumanEval_129,0,True,17.14
two-turn-nc-8nt-8t,HumanEval_129,1,True,64.81
two-turn-nc-8nt-8t,HumanEval_13,0,True,2.03
two-turn-nc-8nt-8t,HumanEval_13,1,True,2.02
two-turn-nc-8nt-8t,HumanEval_130,0,True,180.98
two-turn-nc-8nt-8t,HumanEval_130,1,True,125.42
two-turn-nc-8nt-8t,HumanEval_131,0,True,2.85
two-turn-nc-8nt-8t,HumanEval_131,1,True,2.82
two-turn-nc-8nt-8t,HumanEval_132,0,False,137.12
two-turn-nc-8nt-8t,HumanEval_132,1,False,109.61
two-turn-nc-8nt-8t,HumanEval_133,0,True,4.38
two-turn-nc-8nt-8t,HumanEval_133,1,True,3.75
two-turn-nc-8nt-8t,HumanEval_134,0,False,706.22
two-turn-nc-8nt-8t,HumanEval_134,1,True,692.7
two-turn-nc-8nt-8t,HumanEval_135,0,True,26.19
two-turn-nc-8nt-8t,HumanEval_135,1,True,23.17
two-turn-nc-8nt-8t,HumanEval_136,0,True,4.12
two-turn-nc-8nt-8t,HumanEval_136,1,True,4.1
two-turn-nc-8nt-8t,HumanEval_137,0,True,5.36
two-turn-nc-8nt-8t,HumanEval_137,1,True,5.03
two-turn-nc-8nt-8t,HumanEval_138,0,True,4.04
two-turn-nc-8nt-8t,HumanEval_138,1,True,3.79
two-turn-nc-8nt-8t,HumanEval_139,0,True,34.57
two-turn-nc-8nt-8t,HumanEval_139,1,True,39.05
two-turn-nc-8nt-8t,HumanEval_14,0,True,1.79
two-turn-nc-8nt-8t,HumanEval_14,1,True,1.84
two-turn-nc-8nt-8t,HumanEval_140,0,False,48.4
two-turn-nc-8nt-8t,HumanEval_140,1,False,25.68
two-turn-nc-8nt-8t,HumanEval_141,0,True,6.6
two-turn-nc-8nt-8t,HumanEval_141,1,True,6.58
two-turn-nc-8nt-8t,HumanEval_142,0,True,33.38
two-turn-nc-8nt-8t,HumanEval_142,1,True,85.31
two-turn-nc-8nt-8t,HumanEval_143,0,True,4.77
two-turn-nc-8nt-8t,HumanEval_143,1,True,4.58
two-turn-nc-8nt-8t,HumanEval_144,0,True,5.1
two-turn-nc-8nt-8t,HumanEval_144,1,True,5.13
two-turn-nc-8nt-8t,HumanEval_145,0,False,194.21
two-turn-nc-8nt-8t,HumanEval_145,1,False,213.34
two-turn-nc-8nt-8t,HumanEval_146,0,True,5.4
two-turn-nc-8nt-8t,HumanEval_146,1,True,5.41
two-turn-nc-8nt-8t,HumanEval_147,0,True,5.1
two-turn-nc-8nt-8t,HumanEval_147,1,True,5.13
two-turn-nc-8nt-8t,HumanEval_148,0,True,7.31
two-turn-nc-8nt-8t,HumanEval_148,1,True,7.41
two-turn-nc-8nt-8t,HumanEval_149,0,True,4.93
two-turn-nc-8nt-8t,HumanEval_149,1,True,5.0
two-turn-nc-8nt-8t,HumanEval_15,0,True,1.89
two-turn-nc-8nt-8t,HumanEval_15,1,True,1.98
two-turn-nc-8nt-8t,HumanEval_150,0,True,3.92
two-turn-nc-8nt-8t,HumanEval_150,1,True,4.24
two-turn-nc-8nt-8t,HumanEval_151,0,True,3.71
two-turn-nc-8nt-8t,HumanEval_151,1,True,3.68
two-turn-nc-8nt-8t,HumanEval_152,0,True,2.8
two-turn-nc-8nt-8t,HumanEval_152,1,True,2.76
two-turn-nc-8nt-8t,HumanEval_153,0,True,8.18
two-turn-nc-8nt-8t,HumanEval_153,1,True,7.83
two-turn-nc-8nt-8t,HumanEval_154,0,True,4.29
two-turn-nc-8nt-8t,HumanEval_154,1,True,3.85
two-turn-nc-8nt-8t,HumanEval_155,0,True,3.31
two-turn-nc-8nt-8t,HumanEval_155,1,True,3.51
two-turn-nc-8nt-8t,HumanEval_156,0,True,4.88
two-turn-nc-8nt-8t,HumanEval_156,1,True,4.84
two-turn-nc-8nt-8t,HumanEval_157,0,True,4.09
two-turn-nc-8nt-8t,HumanEval_157,1,True,3.33
two-turn-nc-8nt-8t,HumanEval_158,0,True,3.63
two-turn-nc-8nt-8t,HumanEval_158,1,True,3.57
two-turn-nc-8nt-8t,HumanEval_159,0,True,6.74
two-turn-nc-8nt-8t,HumanEval_159,1,True,6.68
two-turn-nc-8nt-8t,HumanEval_16,0,True,2.68
two-turn-nc-8nt-8t,HumanEval_16,1,True,2.73
two-turn-nc-8nt-8t,HumanEval_160,0,True,43.27
two-turn-nc-8nt-8t,HumanEval_160,1,True,49.27
two-turn-nc-8nt-8t,HumanEval_161,0,True,4.71
two-turn-nc-8nt-8t,HumanEval_161,1,True,3.79
two-turn-nc-8nt-8t,HumanEval_162,0,True,2.59
two-turn-nc-8nt-8t,HumanEval_162,1,True,2.52
two-turn-nc-8nt-8t,HumanEval_163,0,False,39.55
two-turn-nc-8nt-8t,HumanEval_163,1,False,31.54
two-turn-nc-8nt-8t,HumanEval_17,0,True,5.77
two-turn-nc-8nt-8t,HumanEval_17,1,True,4.66
two-turn-nc-8nt-8t,HumanEval_18,0,True,3.07
two-turn-nc-8nt-8t,HumanEval_18,1,True,3.12
two-turn-nc-8nt-8t,HumanEval_19,0,True,6.03
two-turn-nc-8nt-8t,HumanEval_19,1,True,6.0
two-turn-nc-8nt-8t,HumanEval_2,0,True,2.29
two-turn-nc-8nt-8t,HumanEval_2,1,True,2.3
two-turn-nc-8nt-8t,HumanEval_20,0,True,5.66
two-turn-nc-8nt-8t,HumanEval_20,1,True,5.75
two-turn-nc-8nt-8t,HumanEval_21,0,True,4.34
two-turn-nc-8nt-8t,HumanEval_21,1,True,4.4
two-turn-nc-8nt-8t,HumanEval_22,0,True,2.26
two-turn-nc-8nt-8t,HumanEval_22,1,True,2.34
two-turn-nc-8nt-8t,HumanEval_23,0,True,1.19
two-turn-nc-8nt-8t,HumanEval_23,1,True,1.26
two-turn-nc-8nt-8t,HumanEval_24,0,True,2.45
two-turn-nc-8nt-8t,HumanEval_24,1,True,2.61
two-turn-nc-8nt-8t,HumanEval_25,0,True,4.77
two-turn-nc-8nt-8t,HumanEval_25,1,True,4.82
two-turn-nc-8nt-8t,HumanEval_26,0,True,28.8
two-turn-nc-8nt-8t,HumanEval_26,1,True,39.87
two-turn-nc-8nt-8t,HumanEval_27,0,True,1.32
two-turn-nc-8nt-8t,HumanEval_27,1,True,1.38
two-turn-nc-8nt-8t,HumanEval_28,0,True,1.49
two-turn-nc-8nt-8t,HumanEval_28,1,True,1.49
two-turn-nc-8nt-8t,HumanEval_29,0,True,2.17
two-turn-nc-8nt-8t,HumanEval_29,1,True,2.16
two-turn-nc-8nt-8t,HumanEval_3,0,True,3.08
two-turn-nc-8nt-8t,HumanEval_3,1,True,3.06
two-turn-nc-8nt-8t,HumanEval_30,0,True,2.76
two-turn-nc-8nt-8t,HumanEval_30,1,True,2.76
two-turn-nc-8nt-8t,HumanEval_31,0,True,3.62
two-turn-nc-8nt-8t,HumanEval_31,1,True,3.67
two-turn-nc-8nt-8t,HumanEval_32,0,False,146.34
two-turn-nc-8nt-8t,HumanEval_32,1,False,278.13
two-turn-nc-8nt-8t,HumanEval_33,0,True,5.35
two-turn-nc-8nt-8t,HumanEval_33,1,True,5.85
two-turn-nc-8nt-8t,HumanEval_34,0,True,1.87
two-turn-nc-8nt-8t,HumanEval_34,1,True,1.85
two-turn-nc-8nt-8t,HumanEval_35,0,True,2.8
two-turn-nc-8nt-8t,HumanEval_35,1,True,2.79
two-turn-nc-8nt-8t,HumanEval_36,0,True,2.74
two-turn-nc-8nt-8t,HumanEval_36,1,True,2.72
two-turn-nc-8nt-8t,HumanEval_37,0,True,4.61
two-turn-nc-8nt-8t,HumanEval_37,1,True,4.64
two-turn-nc-8nt-8t,HumanEval_38,0,True,5.02
two-turn-nc-8nt-8t,HumanEval_38,1,True,5.11
two-turn-nc-8nt-8t,HumanEval_39,0,True,4.57
two-turn-nc-8nt-8t,HumanEval_39,1,True,4.56
two-turn-nc-8nt-8t,HumanEval_4,0,True,3.52
two-turn-nc-8nt-8t,HumanEval_4,1,True,3.67
two-turn-nc-8nt-8t,HumanEval_40,0,True,6.61
two-turn-nc-8nt-8t,HumanEval_40,1,True,6.17
two-turn-nc-8nt-8t,HumanEval_41,0,True,4.37
two-turn-nc-8nt-8t,HumanEval_41,1,True,4.45
two-turn-nc-8nt-8t,HumanEval_42,0,True,2.61
two-turn-nc-8nt-8t,HumanEval_42,1,True,2.6
two-turn-nc-8nt-8t,HumanEval_43,0,True,3.82
two-turn-nc-8nt-8t,HumanEval_43,1,True,3.77
two-turn-nc-8nt-8t,HumanEval_44,0,True,2.98
two-turn-nc-8nt-8t,HumanEval_44,1,True,2.94
two-turn-nc-8nt-8t,HumanEval_45,0,True,1.37
two-turn-nc-8nt-8t,HumanEval_45,1,True,1.4
two-turn-nc-8nt-8t,HumanEval_46,0,True,5.39
two-turn-nc-8nt-8t,HumanEval_46,1,True,5.36
two-turn-nc-8nt-8t,HumanEval_47,0,True,2.89
two-turn-nc-8nt-8t,HumanEval_47,1,True,2.86
two-turn-nc-8nt-8t,HumanEval_48,0,True,2.53
two-turn-nc-8nt-8t,HumanEval_48,1,True,1.78
two-turn-nc-8nt-8t,HumanEval_49,0,True,3.08
two-turn-nc-8nt-8t,HumanEval_49,1,True,2.97
two-turn-nc-8nt-8t,HumanEval_5,0,True,2.78
two-turn-nc-8nt-8t,HumanEval_5,1,True,2.8
two-turn-nc-8nt-8t,HumanEval_50,0,True,2.61
two-turn-nc-8nt-8t,HumanEval_50,1,True,2.6
two-turn-nc-8nt-8t,HumanEval_51,0,True,3.05
two-turn-nc-8nt-8t,HumanEval_51,1,True,3.01
two-turn-nc-8nt-8t,HumanEval_52,0,True,2.07
two-turn-nc-8nt-8t,HumanEval_52,1,True,2.05
two-turn-nc-8nt-8t,HumanEval_53,0,True,1.43
two-turn-nc-8nt-8t,HumanEval_53,1,True,1.44
two-turn-nc-8nt-8t,HumanEval_54,0,False,282.72
two-turn-nc-8nt-8t,HumanEval_54,1,True,117.5
two-turn-nc-8nt-8t,HumanEval_55,0,True,3.57
two-turn-nc-8nt-8t,HumanEval_55,1,True,2.98
two-turn-nc-8nt-8t,HumanEval_56,0,True,2.98
two-turn-nc-8nt-8t,HumanEval_56,1,True,3.0
two-turn-nc-8nt-8t,HumanEval_57,0,True,2.91
two-turn-nc-8nt-8t,HumanEval_57,1,True,2.91
two-turn-nc-8nt-8t,HumanEval_58,0,True,3.78
two-turn-nc-8nt-8t,HumanEval_58,1,True,3.72
two-turn-nc-8nt-8t,HumanEval_59,0,True,48.83
two-turn-nc-8nt-8t,HumanEval_59,1,True,4.94
two-turn-nc-8nt-8t,HumanEval_6,0,True,3.95
two-turn-nc-8nt-8t,HumanEval_6,1,True,4.05
two-turn-nc-8nt-8t,HumanEval_60,0,True,2.56
two-turn-nc-8nt-8t,HumanEval_60,1,True,2.48
two-turn-nc-8nt-8t,HumanEval_61,0,True,2.97
two-turn-nc-8nt-8t,HumanEval_61,1,True,2.94
two-turn-nc-8nt-8t,HumanEval_62,0,True,2.72
two-turn-nc-8nt-8t,HumanEval_62,1,True,2.68
two-turn-nc-8nt-8t,HumanEval_63,0,True,4.5
two-turn-nc-8nt-8t,HumanEval_63,1,True,4.48
two-turn-nc-8nt-8t,HumanEval_64,0,False,58.98
two-turn-nc-8nt-8t,HumanEval_64,1,True,41.95
two-turn-nc-8nt-8t,HumanEval_65,0,True,47.98
two-turn-nc-8nt-8t,HumanEval_65,1,True,38.81
two-turn-nc-8nt-8t,HumanEval_66,0,True,2.83
two-turn-nc-8nt-8t,HumanEval_66,1,True,2.82
two-turn-nc-8nt-8t,HumanEval_67,0,True,34.07
two-turn-nc-8nt-8t,HumanEval_67,1,True,26.98
two-turn-nc-8nt-8t,HumanEval_68,0,True,7.92
two-turn-nc-8nt-8t,HumanEval_68,1,True,7.75
two-turn-nc-8nt-8t,HumanEval_69,0,True,4.25
two-turn-nc-8nt-8t,HumanEval_69,1,True,4.25
two-turn-nc-8nt-8t,HumanEval_7,0,True,2.25
two-turn-nc-8nt-8t,HumanEval_7,1,True,2.28
two-turn-nc-8nt-8t,HumanEval_70,0,True,3.95
two-turn-nc-8nt-8t,HumanEval_70,1,True,25.95
two-turn-nc-8nt-8t,HumanEval_71,0,True,4.46
two-turn-nc-8nt-8t,HumanEval_71,1,True,4.45
two-turn-nc-8nt-8t,HumanEval_72,0,True,5.63
two-turn-nc-8nt-8t,HumanEval_72,1,True,5.62
two-turn-nc-8nt-8t,HumanEval_73,0,True,4.04
two-turn-nc-8nt-8t,HumanEval_73,1,True,4.02
two-turn-nc-8nt-8t,HumanEval_74,0,True,29.31
two-turn-nc-8nt-8t,HumanEval_74,1,True,36.98
two-turn-nc-8nt-8t,HumanEval_75,0,True,48.26
two-turn-nc-8nt-8t,HumanEval_75,1,True,157.66
two-turn-nc-8nt-8t,HumanEval_76,0,True,2.86
two-turn-nc-8nt-8t,HumanEval_76,1,True,176.06
two-turn-nc-8nt-8t,HumanEval_77,0,True,124.08
two-turn-nc-8nt-8t,HumanEval_77,1,True,130.9
two-turn-nc-8nt-8t,HumanEval_78,0,True,4.33
two-turn-nc-8nt-8t,HumanEval_78,1,True,4.25
two-turn-nc-8nt-8t,HumanEval_79,0,True,1.56
two-turn-nc-8nt-8t,HumanEval_79,1,True,3.9
two-turn-nc-8nt-8t,HumanEval_8,0,True,3.04
two-turn-nc-8nt-8t,HumanEval_8,1,True,3.04
two-turn-nc-8nt-8t,HumanEval_80,0,True,3.74
two-turn-nc-8nt-8t,HumanEval_80,1,True,3.75
two-turn-nc-8nt-8t,HumanEval_81,0,True,164.56
two-turn-nc-8nt-8t,HumanEval_81,1,True,8.89
two-turn-nc-8nt-8t,HumanEval_82,0,True,3.42
two-turn-nc-8nt-8t,HumanEval_82,1,True,3.75
two-turn-nc-8nt-8t,HumanEval_83,0,True,3.49
two-turn-nc-8nt-8t,HumanEval_83,1,True,3.7
two-turn-nc-8nt-8t,HumanEval_84,0,True,3.85
two-turn-nc-8nt-8t,HumanEval_84,1,True,3.85
two-turn-nc-8nt-8t,HumanEval_85,0,True,2.09
two-turn-nc-8nt-8t,HumanEval_85,1,True,2.08
two-turn-nc-8nt-8t,HumanEval_86,0,True,4.03
two-turn-nc-8nt-8t,HumanEval_86,1,True,3.98
two-turn-nc-8nt-8t,HumanEval_87,0,True,6.44
two-turn-nc-8nt-8t,HumanEval_87,1,True,6.5
two-turn-nc-8nt-8t,HumanEval_88,0,True,5.23
two-turn-nc-8nt-8t,HumanEval_88,1,True,5.25
two-turn-nc-8nt-8t,HumanEval_89,0,True,3.7
two-turn-nc-8nt-8t,HumanEval_89,1,True,4.79
two-turn-nc-8nt-8t,HumanEval_9,0,True,3.24
two-turn-nc-8nt-8t,HumanEval_9,1,True,3.23
two-turn-nc-8nt-8t,HumanEval_90,0,True,3.54
two-turn-nc-8nt-8t,HumanEval_90,1,True,4.24
two-turn-nc-8nt-8t,HumanEval_91,0,True,58.0
two-turn-nc-8nt-8t,HumanEval_91,1,False,60.65
two-turn-nc-8nt-8t,HumanEval_92,0,True,4.06
two-turn-nc-8nt-8t,HumanEval_92,1,True,4.05
two-turn-nc-8nt-8t,HumanEval_93,0,True,92.31
two-turn-nc-8nt-8t,HumanEval_93,1,True,114.16
two-turn-nc-8nt-8t,HumanEval_94,0,True,8.86
two-turn-nc-8nt-8t,HumanEval_94,1,True,8.25
two-turn-nc-8nt-8t,HumanEval_95,0,True,2.96
two-turn-nc-8nt-8t,HumanEval_95,1,True,40.87
two-turn-nc-8nt-8t,HumanEval_96,0,True,63.56
two-turn-nc-8nt-8t,HumanEval_96,1,True,49.7
two-turn-nc-8nt-8t,HumanEval_97,0,True,3.13
two-turn-nc-8nt-8t,HumanEval_97,1,True,3.08
two-turn-nc-8nt-8t,HumanEval_98,0,True,2.71
two-turn-nc-8nt-8t,HumanEval_98,1,True,2.69
two-turn-nc-8nt-8t,HumanEval_99,0,True,4.99
two-turn-nc-8nt-8t,HumanEval_99,1,True,4.98
